[20-Aug-2026 17:24:12 UTC] PHP Notice:  Function _load_textdomain_just_in_time was called <strong>incorrectly</strong>. Translation loading for the <code>woocommerce</code> domain was triggered too early. This is usually an indicator for some code in the plugin or theme running too early. Translations should be loaded at the <code>init</code> action or later. Please see <a href="https://developer.wordpress.org/advanced-administration/debug/debug-wordpress/">Debugging in WordPress</a> for more information. (This message was added in version 6.7.0.) in C:\Users\HP\Desktop\wirdscrepss\wordpress\wp-includes\functions.php on line 6170
[20-Aug-2026 17:24:18 UTC] WordPress database error <div style="clear:both">&nbsp;</div>
<div class="queries" style="clear:both;margin-bottom:2px;border:red dotted thin;">
<p>MySQL query:</p>
<p>SELECT webhook_id
				FROM wp_wc_webhooks
				WHERE 1=1
				AND `status` = 'active'
				
				
				
				
				
				
				ORDER BY webhook_id DESC</p>
<p>Queries made or created this session were:</p>
<ol>
<li>Executing: SELECT `webhook_id` FROM `wp_wc_webhooks` WHERE 1 = 1 AND `status` = &#039;active&#039; ORDER BY `webhook_id` DESC | (no parameters)</li>
</ol>
</div>
<div style="clear:both;margin-bottom:2px;border:red dotted thin;" class="error_message" style="border-bottom:dotted blue thin;">
SQLSTATE[42S02]: Base table or view not found: 1146 Table 'wp_wc_webhooks' doesn't exist
</div>
<p>Backtrace:</p>
<pre>#0 C:\Users\HP\Desktop\wirdscrepss\wordpress\wp-content\plugins\sqlite-database-integration\wp-includes\database\sqlite\class-wp-mysql-on-sqlite.php(7811): WP_MySQL_On_SQLite->new_driver_exception('SQLSTATE[42S02]...', '42S02', Object(PDOException), Array)
#1 C:\Users\HP\Desktop\wirdscrepss\wordpress\wp-content\plugins\sqlite-database-integration\wp-includes\database\sqlite\class-wp-mysql-on-sqlite.php(7860): WP_MySQL_On_SQLite->new_table_not_found_exception('wp_wc_webhooks', Object(PDOException))
#2 C:\Users\HP\Desktop\wirdscrepss\wordpress\wp-content\plugins\sqlite-database-integration\wp-includes\database\sqlite\class-wp-mysql-on-sqlite.php(1197): WP_MySQL_On_SQLite->convert_sqlite_exception(Object(PDOException))
#3 C:\Users\HP\Desktop\wirdscrepss\wordpress\wp-content\plugins\sqlite-database-integration\wp-includes\sqlite\class-wp-sqlite-db.php(676): WP_MySQL_On_SQLite->query('SELECT webhook_...', 5)
#4 C:\Users\HP\Desktop\wirdscrepss\wordpress\wp-content\plugins\sqlite-database-integration\wp-includes\sqlite\class-wp-sqlite-db.php(596): WP_SQLite_DB->_do_query('SELECT webhook_...')
#5 C:\Users\HP\Desktop\wirdscrepss\wordpress\wp-includes\class-wpdb.php(3111): WP_SQLite_DB->query('SELECT webhook_...')
#6 C:\Users\HP\Desktop\wirdscrepss\wordpress\wp-content\plugins\woocommerce\includes\data-stores\class-wc-webhook-data-store.php(371): wpdb->get_col('SELECT webhook_...')
#7 C:\Users\HP\Desktop\wirdscrepss\wordpress\wp-content\plugins\woocommerce\includes\data-stores\class-wc-webhook-data-store.php(219): WC_Webhook_Data_Store->search_webhooks(Array)
#8 C:\Users\HP\Desktop\wirdscrepss\wordpress\wp-content\plugins\woocommerce\includes\class-wc-data-store.php(224): WC_Webhook_Data_Store->get_webhooks_ids('active')
#9 C:\Users\HP\Desktop\wirdscrepss\wordpress\wp-content\plugins\woocommerce\includes\wc-webhook-functions.php(211): WC_Data_Store->__call('get_webhooks_id...', Array)
#10 C:\Users\HP\Desktop\wirdscrepss\wordpress\wp-content\plugins\woocommerce\includes\class-woocommerce.php(1216): wc_load_webhooks('active', NULL)
#11 C:\Users\HP\Desktop\wirdscrepss\wordpress\wp-content\plugins\woocommerce\includes\class-woocommerce.php(978): WooCommerce->load_webhooks()
#12 C:\Users\HP\Desktop\wirdscrepss\wordpress\wp-includes\class-wp-hook.php(341): WooCommerce->init('')
#13 C:\Users\HP\Desktop\wirdscrepss\wordpress\wp-includes\class-wp-hook.php(365): WP_Hook->apply_filters(NULL, Array)
#14 C:\Users\HP\Desktop\wirdscrepss\wordpress\wp-includes\plugin.php(522): WP_Hook->do_action(Array)
#15 C:\Users\HP\Desktop\wirdscrepss\wordpress\wp-settings.php(771): do_action('init')
#16 C:\Users\HP\Desktop\wirdscrepss\wordpress\wp-config.php(46): require_once('C:\\Users\\HP\\Des...')
#17 C:\Users\HP\Desktop\wirdscrepss\wordpress\wp-load.php(50): require_once('C:\\Users\\HP\\Des...')
#18 C:\Users\HP\Desktop\wirdscrepss\wordpress\wp-blog-header.php(13): require_once('C:\\Users\\HP\\Des...')
#19 C:\Users\HP\Desktop\wirdscrepss\wordpress\index.php(17): require('C:\\Users\\HP\\Des...')
#20 C:\Users\HP\Desktop\wirdscrepss\wordpress\router.php(13): require_once('C:\\Users\\HP\\Des...')
#21 {main}</pre>
 for query SELECT webhook_id
				FROM wp_wc_webhooks
				WHERE 1=1
				AND `status` = 'active'
				
				
				
				
				
				
				ORDER BY webhook_id DESC made by require_once('index.php'), require('wp-blog-header.php'), require_once('wp-load.php'), require_once('wp-config.php'), require_once('wp-settings.php'), do_action('init'), WP_Hook->do_action, WP_Hook->apply_filters, WooCommerce->init, WooCommerce->load_webhooks, wc_load_webhooks, WC_Data_Store->__call, WC_Webhook_Data_Store->get_webhooks_ids, WC_Webhook_Data_Store->search_webhooks, WP_SQLite_DB->query, WP_SQLite_DB->print_error
[20-Aug-2026 17:24:19 UTC] WordPress database error <div style="clear:both">&nbsp;</div>
<div class="queries" style="clear:both;margin-bottom:2px;border:red dotted thin;">
<p>MySQL query:</p>
<p>SELECT webhook_id
				FROM wp_wc_webhooks
				WHERE 1=1
				AND `status` = 'active'
				
				
				
				
				
				
				ORDER BY webhook_id DESC</p>
<p>Queries made or created this session were:</p>
<ol>
<li>Executing: SELECT `webhook_id` FROM `wp_wc_webhooks` WHERE 1 = 1 AND `status` = &#039;active&#039; ORDER BY `webhook_id` DESC | (no parameters)</li>
</ol>
</div>
<div style="clear:both;margin-bottom:2px;border:red dotted thin;" class="error_message" style="border-bottom:dotted blue thin;">
SQLSTATE[42S02]: Base table or view not found: 1146 Table 'wp_wc_webhooks' doesn't exist
</div>
<p>Backtrace:</p>
<pre>#0 C:\Users\HP\Desktop\wirdscrepss\wordpress\wp-content\plugins\sqlite-database-integration\wp-includes\database\sqlite\class-wp-mysql-on-sqlite.php(7811): WP_MySQL_On_SQLite->new_driver_exception('SQLSTATE[42S02]...', '42S02', Object(PDOException), Array)
#1 C:\Users\HP\Desktop\wirdscrepss\wordpress\wp-content\plugins\sqlite-database-integration\wp-includes\database\sqlite\class-wp-mysql-on-sqlite.php(7860): WP_MySQL_On_SQLite->new_table_not_found_exception('wp_wc_webhooks', Object(PDOException))
#2 C:\Users\HP\Desktop\wirdscrepss\wordpress\wp-content\plugins\sqlite-database-integration\wp-includes\database\sqlite\class-wp-mysql-on-sqlite.php(1197): WP_MySQL_On_SQLite->convert_sqlite_exception(Object(PDOException))
#3 C:\Users\HP\Desktop\wirdscrepss\wordpress\wp-content\plugins\sqlite-database-integration\wp-includes\sqlite\class-wp-sqlite-db.php(676): WP_MySQL_On_SQLite->query('SELECT webhook_...', 5)
#4 C:\Users\HP\Desktop\wirdscrepss\wordpress\wp-content\plugins\sqlite-database-integration\wp-includes\sqlite\class-wp-sqlite-db.php(596): WP_SQLite_DB->_do_query('SELECT webhook_...')
#5 C:\Users\HP\Desktop\wirdscrepss\wordpress\wp-includes\class-wpdb.php(3111): WP_SQLite_DB->query('SELECT webhook_...')
#6 C:\Users\HP\Desktop\wirdscrepss\wordpress\wp-content\plugins\woocommerce\includes\data-stores\class-wc-webhook-data-store.php(371): wpdb->get_col('SELECT webhook_...')
#7 C:\Users\HP\Desktop\wirdscrepss\wordpress\wp-content\plugins\woocommerce\includes\data-stores\class-wc-webhook-data-store.php(219): WC_Webhook_Data_Store->search_webhooks(Array)
#8 C:\Users\HP\Desktop\wirdscrepss\wordpress\wp-content\plugins\woocommerce\includes\class-wc-data-store.php(224): WC_Webhook_Data_Store->get_webhooks_ids('active')
#9 C:\Users\HP\Desktop\wirdscrepss\wordpress\wp-content\plugins\woocommerce\includes\wc-webhook-functions.php(211): WC_Data_Store->__call('get_webhooks_id...', Array)
#10 C:\Users\HP\Desktop\wirdscrepss\wordpress\wp-content\plugins\woocommerce\includes\class-woocommerce.php(1216): wc_load_webhooks('active', NULL)
#11 C:\Users\HP\Desktop\wirdscrepss\wordpress\wp-content\plugins\woocommerce\includes\class-woocommerce.php(978): WooCommerce->load_webhooks()
#12 C:\Users\HP\Desktop\wirdscrepss\wordpress\wp-includes\class-wp-hook.php(341): WooCommerce->init('')
#13 C:\Users\HP\Desktop\wirdscrepss\wordpress\wp-includes\class-wp-hook.php(365): WP_Hook->apply_filters(NULL, Array)
#14 C:\Users\HP\Desktop\wirdscrepss\wordpress\wp-includes\plugin.php(522): WP_Hook->do_action(Array)
#15 C:\Users\HP\Desktop\wirdscrepss\wordpress\wp-settings.php(771): do_action('init')
#16 C:\Users\HP\Desktop\wirdscrepss\wordpress\wp-config.php(46): require_once('C:\\Users\\HP\\Des...')
#17 C:\Users\HP\Desktop\wirdscrepss\wordpress\wp-load.php(50): require_once('C:\\Users\\HP\\Des...')
#18 C:\Users\HP\Desktop\wirdscrepss\wordpress\wp-blog-header.php(13): require_once('C:\\Users\\HP\\Des...')
#19 C:\Users\HP\Desktop\wirdscrepss\wordpress\index.php(17): require('C:\\Users\\HP\\Des...')
#20 C:\Users\HP\Desktop\wirdscrepss\wordpress\router.php(13): require_once('C:\\Users\\HP\\Des...')
#21 {main}</pre>
 for query SELECT webhook_id
				FROM wp_wc_webhooks
				WHERE 1=1
				AND `status` = 'active'
				
				
				
				
				
				
				ORDER BY webhook_id DESC made by require_once('index.php'), require('wp-blog-header.php'), require_once('wp-load.php'), require_once('wp-config.php'), require_once('wp-settings.php'), do_action('init'), WP_Hook->do_action, WP_Hook->apply_filters, WooCommerce->init, WooCommerce->load_webhooks, wc_load_webhooks, WC_Data_Store->__call, WC_Webhook_Data_Store->get_webhooks_ids, WC_Webhook_Data_Store->search_webhooks, WP_SQLite_DB->query, WP_SQLite_DB->print_error
[20-Aug-2026 17:24:19 UTC] WordPress database error <div style="clear:both">&nbsp;</div>
<div class="queries" style="clear:both;margin-bottom:2px;border:red dotted thin;">
<p>MySQL query:</p>
<p>SELECT webhook_id
				FROM wp_wc_webhooks
				WHERE 1=1
				AND `status` = 'active'
				
				
				
				
				
				
				ORDER BY webhook_id DESC</p>
<p>Queries made or created this session were:</p>
<ol>
<li>Executing: SELECT `webhook_id` FROM `wp_wc_webhooks` WHERE 1 = 1 AND `status` = &#039;active&#039; ORDER BY `webhook_id` DESC | (no parameters)</li>
</ol>
</div>
<div style="clear:both;margin-bottom:2px;border:red dotted thin;" class="error_message" style="border-bottom:dotted blue thin;">
SQLSTATE[42S02]: Base table or view not found: 1146 Table 'wp_wc_webhooks' doesn't exist
</div>
<p>Backtrace:</p>
<pre>#0 C:\Users\HP\Desktop\wirdscrepss\wordpress\wp-content\plugins\sqlite-database-integration\wp-includes\database\sqlite\class-wp-mysql-on-sqlite.php(7811): WP_MySQL_On_SQLite->new_driver_exception('SQLSTATE[42S02]...', '42S02', Object(PDOException), Array)
#1 C:\Users\HP\Desktop\wirdscrepss\wordpress\wp-content\plugins\sqlite-database-integration\wp-includes\database\sqlite\class-wp-mysql-on-sqlite.php(7860): WP_MySQL_On_SQLite->new_table_not_found_exception('wp_wc_webhooks', Object(PDOException))
#2 C:\Users\HP\Desktop\wirdscrepss\wordpress\wp-content\plugins\sqlite-database-integration\wp-includes\database\sqlite\class-wp-mysql-on-sqlite.php(1197): WP_MySQL_On_SQLite->convert_sqlite_exception(Object(PDOException))
#3 C:\Users\HP\Desktop\wirdscrepss\wordpress\wp-content\plugins\sqlite-database-integration\wp-includes\sqlite\class-wp-sqlite-db.php(676): WP_MySQL_On_SQLite->query('SELECT webhook_...', 5)
#4 C:\Users\HP\Desktop\wirdscrepss\wordpress\wp-content\plugins\sqlite-database-integration\wp-includes\sqlite\class-wp-sqlite-db.php(596): WP_SQLite_DB->_do_query('SELECT webhook_...')
#5 C:\Users\HP\Desktop\wirdscrepss\wordpress\wp-includes\class-wpdb.php(3111): WP_SQLite_DB->query('SELECT webhook_...')
#6 C:\Users\HP\Desktop\wirdscrepss\wordpress\wp-content\plugins\woocommerce\includes\data-stores\class-wc-webhook-data-store.php(371): wpdb->get_col('SELECT webhook_...')
#7 C:\Users\HP\Desktop\wirdscrepss\wordpress\wp-content\plugins\woocommerce\includes\data-stores\class-wc-webhook-data-store.php(219): WC_Webhook_Data_Store->search_webhooks(Array)
#8 C:\Users\HP\Desktop\wirdscrepss\wordpress\wp-content\plugins\woocommerce\includes\class-wc-data-store.php(224): WC_Webhook_Data_Store->get_webhooks_ids('active')
#9 C:\Users\HP\Desktop\wirdscrepss\wordpress\wp-content\plugins\woocommerce\includes\wc-webhook-functions.php(211): WC_Data_Store->__call('get_webhooks_id...', Array)
#10 C:\Users\HP\Desktop\wirdscrepss\wordpress\wp-content\plugins\woocommerce\includes\class-woocommerce.php(1216): wc_load_webhooks('active', NULL)
#11 C:\Users\HP\Desktop\wirdscrepss\wordpress\wp-content\plugins\woocommerce\includes\class-woocommerce.php(978): WooCommerce->load_webhooks()
#12 C:\Users\HP\Desktop\wirdscrepss\wordpress\wp-includes\class-wp-hook.php(341): WooCommerce->init('')
#13 C:\Users\HP\Desktop\wirdscrepss\wordpress\wp-includes\class-wp-hook.php(365): WP_Hook->apply_filters(NULL, Array)
#14 C:\Users\HP\Desktop\wirdscrepss\wordpress\wp-includes\plugin.php(522): WP_Hook->do_action(Array)
#15 C:\Users\HP\Desktop\wirdscrepss\wordpress\wp-settings.php(771): do_action('init')
#16 C:\Users\HP\Desktop\wirdscrepss\wordpress\wp-config.php(46): require_once('C:\\Users\\HP\\Des...')
#17 C:\Users\HP\Desktop\wirdscrepss\wordpress\wp-load.php(50): require_once('C:\\Users\\HP\\Des...')
#18 C:\Users\HP\Desktop\wirdscrepss\wordpress\wp-blog-header.php(13): require_once('C:\\Users\\HP\\Des...')
#19 C:\Users\HP\Desktop\wirdscrepss\wordpress\index.php(17): require('C:\\Users\\HP\\Des...')
#20 C:\Users\HP\Desktop\wirdscrepss\wordpress\router.php(13): require_once('C:\\Users\\HP\\Des...')
#21 {main}</pre>
 for query SELECT webhook_id
				FROM wp_wc_webhooks
				WHERE 1=1
				AND `status` = 'active'
				
				
				
				
				
				
				ORDER BY webhook_id DESC made by require_once('index.php'), require('wp-blog-header.php'), require_once('wp-load.php'), require_once('wp-config.php'), require_once('wp-settings.php'), do_action('init'), WP_Hook->do_action, WP_Hook->apply_filters, WooCommerce->init, WooCommerce->load_webhooks, wc_load_webhooks, WC_Data_Store->__call, WC_Webhook_Data_Store->get_webhooks_ids, WC_Webhook_Data_Store->search_webhooks, WP_SQLite_DB->query, WP_SQLite_DB->print_error
[20-Aug-2026 17:24:20 UTC] WordPress database error <div style="clear:both">&nbsp;</div>
<div class="queries" style="clear:both;margin-bottom:2px;border:red dotted thin;">
<p>MySQL query:</p>
<p>SELECT webhook_id
				FROM wp_wc_webhooks
				WHERE 1=1
				AND `status` = 'active'
				
				
				
				
				
				
				ORDER BY webhook_id DESC</p>
<p>Queries made or created this session were:</p>
<ol>
<li>Executing: SELECT `webhook_id` FROM `wp_wc_webhooks` WHERE 1 = 1 AND `status` = &#039;active&#039; ORDER BY `webhook_id` DESC | (no parameters)</li>
</ol>
</div>
<div style="clear:both;margin-bottom:2px;border:red dotted thin;" class="error_message" style="border-bottom:dotted blue thin;">
SQLSTATE[42S02]: Base table or view not found: 1146 Table 'wp_wc_webhooks' doesn't exist
</div>
<p>Backtrace:</p>
<pre>#0 C:\Users\HP\Desktop\wirdscrepss\wordpress\wp-content\plugins\sqlite-database-integration\wp-includes\database\sqlite\class-wp-mysql-on-sqlite.php(7811): WP_MySQL_On_SQLite->new_driver_exception('SQLSTATE[42S02]...', '42S02', Object(PDOException), Array)
#1 C:\Users\HP\Desktop\wirdscrepss\wordpress\wp-content\plugins\sqlite-database-integration\wp-includes\database\sqlite\class-wp-mysql-on-sqlite.php(7860): WP_MySQL_On_SQLite->new_table_not_found_exception('wp_wc_webhooks', Object(PDOException))
#2 C:\Users\HP\Desktop\wirdscrepss\wordpress\wp-content\plugins\sqlite-database-integration\wp-includes\database\sqlite\class-wp-mysql-on-sqlite.php(1197): WP_MySQL_On_SQLite->convert_sqlite_exception(Object(PDOException))
#3 C:\Users\HP\Desktop\wirdscrepss\wordpress\wp-content\plugins\sqlite-database-integration\wp-includes\sqlite\class-wp-sqlite-db.php(676): WP_MySQL_On_SQLite->query('SELECT webhook_...', 5)
#4 C:\Users\HP\Desktop\wirdscrepss\wordpress\wp-content\plugins\sqlite-database-integration\wp-includes\sqlite\class-wp-sqlite-db.php(596): WP_SQLite_DB->_do_query('SELECT webhook_...')
#5 C:\Users\HP\Desktop\wirdscrepss\wordpress\wp-includes\class-wpdb.php(3111): WP_SQLite_DB->query('SELECT webhook_...')
#6 C:\Users\HP\Desktop\wirdscrepss\wordpress\wp-content\plugins\woocommerce\includes\data-stores\class-wc-webhook-data-store.php(371): wpdb->get_col('SELECT webhook_...')
#7 C:\Users\HP\Desktop\wirdscrepss\wordpress\wp-content\plugins\woocommerce\includes\data-stores\class-wc-webhook-data-store.php(219): WC_Webhook_Data_Store->search_webhooks(Array)
#8 C:\Users\HP\Desktop\wirdscrepss\wordpress\wp-content\plugins\woocommerce\includes\class-wc-data-store.php(224): WC_Webhook_Data_Store->get_webhooks_ids('active')
#9 C:\Users\HP\Desktop\wirdscrepss\wordpress\wp-content\plugins\woocommerce\includes\wc-webhook-functions.php(211): WC_Data_Store->__call('get_webhooks_id...', Array)
#10 C:\Users\HP\Desktop\wirdscrepss\wordpress\wp-content\plugins\woocommerce\includes\class-woocommerce.php(1216): wc_load_webhooks('active', NULL)
#11 C:\Users\HP\Desktop\wirdscrepss\wordpress\wp-content\plugins\woocommerce\includes\class-woocommerce.php(978): WooCommerce->load_webhooks()
#12 C:\Users\HP\Desktop\wirdscrepss\wordpress\wp-includes\class-wp-hook.php(341): WooCommerce->init('')
#13 C:\Users\HP\Desktop\wirdscrepss\wordpress\wp-includes\class-wp-hook.php(365): WP_Hook->apply_filters(NULL, Array)
#14 C:\Users\HP\Desktop\wirdscrepss\wordpress\wp-includes\plugin.php(522): WP_Hook->do_action(Array)
#15 C:\Users\HP\Desktop\wirdscrepss\wordpress\wp-settings.php(771): do_action('init')
#16 C:\Users\HP\Desktop\wirdscrepss\wordpress\wp-config.php(46): require_once('C:\\Users\\HP\\Des...')
#17 C:\Users\HP\Desktop\wirdscrepss\wordpress\wp-load.php(50): require_once('C:\\Users\\HP\\Des...')
#18 C:\Users\HP\Desktop\wirdscrepss\wordpress\wp-blog-header.php(13): require_once('C:\\Users\\HP\\Des...')
#19 C:\Users\HP\Desktop\wirdscrepss\wordpress\index.php(17): require('C:\\Users\\HP\\Des...')
#20 C:\Users\HP\Desktop\wirdscrepss\wordpress\router.php(13): require_once('C:\\Users\\HP\\Des...')
#21 {main}</pre>
 for query SELECT webhook_id
				FROM wp_wc_webhooks
				WHERE 1=1
				AND `status` = 'active'
				
				
				
				
				
				
				ORDER BY webhook_id DESC made by require_once('index.php'), require('wp-blog-header.php'), require_once('wp-load.php'), require_once('wp-config.php'), require_once('wp-settings.php'), do_action('init'), WP_Hook->do_action, WP_Hook->apply_filters, WooCommerce->init, WooCommerce->load_webhooks, wc_load_webhooks, WC_Data_Store->__call, WC_Webhook_Data_Store->get_webhooks_ids, WC_Webhook_Data_Store->search_webhooks, WP_SQLite_DB->query, WP_SQLite_DB->print_error
[20-Aug-2026 17:24:21 UTC] WordPress database error <div style="clear:both">&nbsp;</div>
<div class="queries" style="clear:both;margin-bottom:2px;border:red dotted thin;">
<p>MySQL query:</p>
<p>SELECT webhook_id
				FROM wp_wc_webhooks
				WHERE 1=1
				AND `status` = 'active'
				
				
				
				
				
				
				ORDER BY webhook_id DESC</p>
<p>Queries made or created this session were:</p>
<ol>
<li>Executing: SELECT `webhook_id` FROM `wp_wc_webhooks` WHERE 1 = 1 AND `status` = &#039;active&#039; ORDER BY `webhook_id` DESC | (no parameters)</li>
</ol>
</div>
<div style="clear:both;margin-bottom:2px;border:red dotted thin;" class="error_message" style="border-bottom:dotted blue thin;">
SQLSTATE[42S02]: Base table or view not found: 1146 Table 'wp_wc_webhooks' doesn't exist
</div>
<p>Backtrace:</p>
<pre>#0 C:\Users\HP\Desktop\wirdscrepss\wordpress\wp-content\plugins\sqlite-database-integration\wp-includes\database\sqlite\class-wp-mysql-on-sqlite.php(7811): WP_MySQL_On_SQLite->new_driver_exception('SQLSTATE[42S02]...', '42S02', Object(PDOException), Array)
#1 C:\Users\HP\Desktop\wirdscrepss\wordpress\wp-content\plugins\sqlite-database-integration\wp-includes\database\sqlite\class-wp-mysql-on-sqlite.php(7860): WP_MySQL_On_SQLite->new_table_not_found_exception('wp_wc_webhooks', Object(PDOException))
#2 C:\Users\HP\Desktop\wirdscrepss\wordpress\wp-content\plugins\sqlite-database-integration\wp-includes\database\sqlite\class-wp-mysql-on-sqlite.php(1197): WP_MySQL_On_SQLite->convert_sqlite_exception(Object(PDOException))
#3 C:\Users\HP\Desktop\wirdscrepss\wordpress\wp-content\plugins\sqlite-database-integration\wp-includes\sqlite\class-wp-sqlite-db.php(676): WP_MySQL_On_SQLite->query('SELECT webhook_...', 5)
#4 C:\Users\HP\Desktop\wirdscrepss\wordpress\wp-content\plugins\sqlite-database-integration\wp-includes\sqlite\class-wp-sqlite-db.php(596): WP_SQLite_DB->_do_query('SELECT webhook_...')
#5 C:\Users\HP\Desktop\wirdscrepss\wordpress\wp-includes\class-wpdb.php(3111): WP_SQLite_DB->query('SELECT webhook_...')
#6 C:\Users\HP\Desktop\wirdscrepss\wordpress\wp-content\plugins\woocommerce\includes\data-stores\class-wc-webhook-data-store.php(371): wpdb->get_col('SELECT webhook_...')
#7 C:\Users\HP\Desktop\wirdscrepss\wordpress\wp-content\plugins\woocommerce\includes\data-stores\class-wc-webhook-data-store.php(219): WC_Webhook_Data_Store->search_webhooks(Array)
#8 C:\Users\HP\Desktop\wirdscrepss\wordpress\wp-content\plugins\woocommerce\includes\class-wc-data-store.php(224): WC_Webhook_Data_Store->get_webhooks_ids('active')
#9 C:\Users\HP\Desktop\wirdscrepss\wordpress\wp-content\plugins\woocommerce\includes\wc-webhook-functions.php(211): WC_Data_Store->__call('get_webhooks_id...', Array)
#10 C:\Users\HP\Desktop\wirdscrepss\wordpress\wp-content\plugins\woocommerce\includes\class-woocommerce.php(1216): wc_load_webhooks('active', NULL)
#11 C:\Users\HP\Desktop\wirdscrepss\wordpress\wp-content\plugins\woocommerce\includes\class-woocommerce.php(978): WooCommerce->load_webhooks()
#12 C:\Users\HP\Desktop\wirdscrepss\wordpress\wp-includes\class-wp-hook.php(341): WooCommerce->init('')
#13 C:\Users\HP\Desktop\wirdscrepss\wordpress\wp-includes\class-wp-hook.php(365): WP_Hook->apply_filters(NULL, Array)
#14 C:\Users\HP\Desktop\wirdscrepss\wordpress\wp-includes\plugin.php(522): WP_Hook->do_action(Array)
#15 C:\Users\HP\Desktop\wirdscrepss\wordpress\wp-settings.php(771): do_action('init')
#16 C:\Users\HP\Desktop\wirdscrepss\wordpress\wp-config.php(46): require_once('C:\\Users\\HP\\Des...')
#17 C:\Users\HP\Desktop\wirdscrepss\wordpress\wp-load.php(50): require_once('C:\\Users\\HP\\Des...')
#18 C:\Users\HP\Desktop\wirdscrepss\wordpress\wp-blog-header.php(13): require_once('C:\\Users\\HP\\Des...')
#19 C:\Users\HP\Desktop\wirdscrepss\wordpress\index.php(17): require('C:\\Users\\HP\\Des...')
#20 C:\Users\HP\Desktop\wirdscrepss\wordpress\router.php(13): require_once('C:\\Users\\HP\\Des...')
#21 {main}</pre>
 for query SELECT webhook_id
				FROM wp_wc_webhooks
				WHERE 1=1
				AND `status` = 'active'
				
				
				
				
				
				
				ORDER BY webhook_id DESC made by require_once('index.php'), require('wp-blog-header.php'), require_once('wp-load.php'), require_once('wp-config.php'), require_once('wp-settings.php'), do_action('init'), WP_Hook->do_action, WP_Hook->apply_filters, WooCommerce->init, WooCommerce->load_webhooks, wc_load_webhooks, WC_Data_Store->__call, WC_Webhook_Data_Store->get_webhooks_ids, WC_Webhook_Data_Store->search_webhooks, WP_SQLite_DB->query, WP_SQLite_DB->print_error
[20-Aug-2026 17:24:22 UTC] WordPress database error <div style="clear:both">&nbsp;</div>
<div class="queries" style="clear:both;margin-bottom:2px;border:red dotted thin;">
<p>MySQL query:</p>
<p>SELECT * FROM wp_woocommerce_attribute_taxonomies WHERE attribute_name != '' ORDER BY attribute_name ASC;</p>
<p>Queries made or created this session were:</p>
<ol>
<li>Executing: SELECT * FROM `wp_woocommerce_attribute_taxonomies` WHERE `attribute_name` != &#039;&#039; ORDER BY `attribute_name` ASC | (no parameters)</li>
</ol>
</div>
<div style="clear:both;margin-bottom:2px;border:red dotted thin;" class="error_message" style="border-bottom:dotted blue thin;">
SQLSTATE[42S02]: Base table or view not found: 1146 Table 'wp_woocommerce_attribute_taxonomies' doesn't exist
</div>
<p>Backtrace:</p>
<pre>#0 C:\Users\HP\Desktop\wirdscrepss\wordpress\wp-content\plugins\sqlite-database-integration\wp-includes\database\sqlite\class-wp-mysql-on-sqlite.php(7811): WP_MySQL_On_SQLite->new_driver_exception('SQLSTATE[42S02]...', '42S02', Object(PDOException), Array)
#1 C:\Users\HP\Desktop\wirdscrepss\wordpress\wp-content\plugins\sqlite-database-integration\wp-includes\database\sqlite\class-wp-mysql-on-sqlite.php(7860): WP_MySQL_On_SQLite->new_table_not_found_exception('wp_woocommerce_...', Object(PDOException))
#2 C:\Users\HP\Desktop\wirdscrepss\wordpress\wp-content\plugins\sqlite-database-integration\wp-includes\database\sqlite\class-wp-mysql-on-sqlite.php(1197): WP_MySQL_On_SQLite->convert_sqlite_exception(Object(PDOException))
#3 C:\Users\HP\Desktop\wirdscrepss\wordpress\wp-content\plugins\sqlite-database-integration\wp-includes\sqlite\class-wp-sqlite-db.php(676): WP_MySQL_On_SQLite->query('SELECT * FROM w...', 5)
#4 C:\Users\HP\Desktop\wirdscrepss\wordpress\wp-content\plugins\sqlite-database-integration\wp-includes\sqlite\class-wp-sqlite-db.php(596): WP_SQLite_DB->_do_query('SELECT * FROM w...')
#5 C:\Users\HP\Desktop\wirdscrepss\wordpress\wp-includes\class-wpdb.php(3150): WP_SQLite_DB->query('SELECT * FROM w...')
#6 C:\Users\HP\Desktop\wirdscrepss\wordpress\wp-content\plugins\woocommerce\includes\wc-attribute-functions.php(69): wpdb->get_results('SELECT * FROM w...')
#7 C:\Users\HP\Desktop\wirdscrepss\wordpress\wp-content\plugins\woocommerce\includes\class-wc-post-types.php(259): wc_get_attribute_taxonomies()
#8 C:\Users\HP\Desktop\wirdscrepss\wordpress\wp-includes\class-wp-hook.php(341): WC_Post_Types::register_taxonomies('')
#9 C:\Users\HP\Desktop\wirdscrepss\wordpress\wp-includes\class-wp-hook.php(365): WP_Hook->apply_filters(NULL, Array)
#10 C:\Users\HP\Desktop\wirdscrepss\wordpress\wp-includes\plugin.php(522): WP_Hook->do_action(Array)
#11 C:\Users\HP\Desktop\wirdscrepss\wordpress\wp-settings.php(771): do_action('init')
#12 C:\Users\HP\Desktop\wirdscrepss\wordpress\wp-config.php(46): require_once('C:\\Users\\HP\\Des...')
#13 C:\Users\HP\Desktop\wirdscrepss\wordpress\wp-load.php(50): require_once('C:\\Users\\HP\\Des...')
#14 C:\Users\HP\Desktop\wirdscrepss\wordpress\wp-blog-header.php(13): require_once('C:\\Users\\HP\\Des...')
#15 C:\Users\HP\Desktop\wirdscrepss\wordpress\index.php(17): require('C:\\Users\\HP\\Des...')
#16 C:\Users\HP\Desktop\wirdscrepss\wordpress\router.php(13): require_once('C:\\Users\\HP\\Des...')
#17 {main}</pre>
 for query SELECT * FROM wp_woocommerce_attribute_taxonomies WHERE attribute_name != '' ORDER BY attribute_name ASC; made by require_once('index.php'), require('wp-blog-header.php'), require_once('wp-load.php'), require_once('wp-config.php'), require_once('wp-settings.php'), do_action('init'), WP_Hook->do_action, WP_Hook->apply_filters, WC_Post_Types::register_taxonomies, wc_get_attribute_taxonomies, WP_SQLite_DB->query, WP_SQLite_DB->print_error
[20-Aug-2026 17:53:03 UTC] PHP Warning:  DOMDocument::loadXML(): xmlns:xmptk: 'Image::ExifTool 8.21' is not a valid URI in Entity, line: 1 in C:\Users\HP\Desktop\wirdscrepss\wordpress\wp-admin\includes\image.php on line 1110
[20-Aug-2026 17:53:26 UTC] [Chilexpress][obtener_comunas] para la region: RM
[20-Aug-2026 17:53:26 UTC] [Chilexpress][obtener_comunas] Busco comunas en el archivo local: C:\Users\HP\Desktop\wirdscrepss\wordpress\wp-content\plugins\chilexpress-oficial/includes/data/comunas/RM.json
[20-Aug-2026 17:53:27 UTC] [Chilexpress][obtener_comunas] Se obtuvieron 125  comunas desde la API 
[20-Aug-2026 17:53:27 UTC] [Chilexpress][obtener_comunas] Archivo de comunas guardado correctamente: C:\Users\HP\Desktop\wirdscrepss\wordpress\wp-content\plugins\chilexpress-oficial/includes/data/comunas/RM.json
[20-Aug-2026 17:53:28 UTC] [Chilexpress][obtener_comunas] para la region: RM
[20-Aug-2026 17:53:28 UTC] [Chilexpress][obtener_comunas] Busco comunas en el archivo local: C:\Users\HP\Desktop\wirdscrepss\wordpress\wp-content\plugins\chilexpress-oficial/includes/data/comunas/RM.json
[20-Aug-2026 17:53:28 UTC] [Chilexpress][obtener_comunas] El archivo local existe !
[20-Aug-2026 17:53:28 UTC] [Chilexpress][obtener_comunas] Datos decodificados con exito, fecha del archivo: 2026-08-20 17:53:27
[20-Aug-2026 17:53:28 UTC] [Chilexpress][obtener_comunas] El archivo local es reciente, no es necesario actualizar
[20-Aug-2026 17:53:39 UTC] [Chilexpress][obtener_regiones] Regiones obtenidas desde API 
[20-Aug-2026 17:53:39 UTC] [Chilexpress][obtener_regiones] Archivo de regiones guardado correctamente: C:\Users\HP\Desktop\wirdscrepss\wordpress\wp-content\plugins\chilexpress-oficial/includes/data/regiones/regiones.json
[20-Aug-2026 17:53:56 UTC] [Chilexpress][obtener_regiones] Archivo de regiones existe: C:\Users\HP\Desktop\wirdscrepss\wordpress\wp-content\plugins\chilexpress-oficial/includes/data/regiones/regiones.json
[20-Aug-2026 17:53:56 UTC] [Chilexpress][obtener_regiones] Datos decodificados con exito, fecha del archivo: 2026-08-20 17:53:39
[20-Aug-2026 17:53:56 UTC] [Chilexpress][obtener_regiones] El archivo local de regiones es reciente, no es necesario actualizar
[20-Aug-2026 17:54:13 UTC] PHP Warning:  DOMDocument::loadXML(): xmlns:xmptk: 'Image::ExifTool 8.21' is not a valid URI in Entity, line: 1 in C:\Users\HP\Desktop\wirdscrepss\wordpress\wp-admin\includes\image.php on line 1110
[20-Aug-2026 17:54:26 UTC] [Chilexpress][obtener_regiones] Archivo de regiones existe: C:\Users\HP\Desktop\wirdscrepss\wordpress\wp-content\plugins\chilexpress-oficial/includes/data/regiones/regiones.json
[20-Aug-2026 17:54:26 UTC] [Chilexpress][obtener_regiones] Datos decodificados con exito, fecha del archivo: 2026-08-20 17:53:39
[20-Aug-2026 17:54:26 UTC] [Chilexpress][obtener_regiones] El archivo local de regiones es reciente, no es necesario actualizar
[20-Aug-2026 17:54:28 UTC] [Chilexpress][obtener_regiones] Archivo de regiones existe: C:\Users\HP\Desktop\wirdscrepss\wordpress\wp-content\plugins\chilexpress-oficial/includes/data/regiones/regiones.json
[20-Aug-2026 17:54:28 UTC] [Chilexpress][obtener_regiones] Datos decodificados con exito, fecha del archivo: 2026-08-20 17:53:39
[20-Aug-2026 17:54:28 UTC] [Chilexpress][obtener_regiones] El archivo local de regiones es reciente, no es necesario actualizar
[20-Aug-2026 17:54:41 UTC] [Chilexpress][obtener_regiones] Archivo de regiones existe: C:\Users\HP\Desktop\wirdscrepss\wordpress\wp-content\plugins\chilexpress-oficial/includes/data/regiones/regiones.json
[20-Aug-2026 17:54:41 UTC] [Chilexpress][obtener_regiones] Datos decodificados con exito, fecha del archivo: 2026-08-20 17:53:39
[20-Aug-2026 17:54:41 UTC] [Chilexpress][obtener_regiones] El archivo local de regiones es reciente, no es necesario actualizar
[20-Aug-2026 17:54:42 UTC] [Chilexpress][obtener_regiones] Archivo de regiones existe: C:\Users\HP\Desktop\wirdscrepss\wordpress\wp-content\plugins\chilexpress-oficial/includes/data/regiones/regiones.json
[20-Aug-2026 17:54:42 UTC] [Chilexpress][obtener_regiones] Datos decodificados con exito, fecha del archivo: 2026-08-20 17:53:39
[20-Aug-2026 17:54:42 UTC] [Chilexpress][obtener_regiones] El archivo local de regiones es reciente, no es necesario actualizar
[20-Aug-2026 17:54:44 UTC] [Chilexpress][obtener_regiones] Archivo de regiones existe: C:\Users\HP\Desktop\wirdscrepss\wordpress\wp-content\plugins\chilexpress-oficial/includes/data/regiones/regiones.json
[20-Aug-2026 17:54:44 UTC] [Chilexpress][obtener_regiones] Datos decodificados con exito, fecha del archivo: 2026-08-20 17:53:39
[20-Aug-2026 17:54:44 UTC] [Chilexpress][obtener_regiones] El archivo local de regiones es reciente, no es necesario actualizar
[20-Aug-2026 17:55:16 UTC] [Chilexpress][obtener_regiones] Archivo de regiones existe: C:\Users\HP\Desktop\wirdscrepss\wordpress\wp-content\plugins\chilexpress-oficial/includes/data/regiones/regiones.json
[20-Aug-2026 17:55:16 UTC] [Chilexpress][obtener_regiones] Datos decodificados con exito, fecha del archivo: 2026-08-20 17:53:39
[20-Aug-2026 17:55:16 UTC] [Chilexpress][obtener_regiones] El archivo local de regiones es reciente, no es necesario actualizar
[20-Aug-2026 17:55:18 UTC] [Chilexpress][obtener_regiones] Archivo de regiones existe: C:\Users\HP\Desktop\wirdscrepss\wordpress\wp-content\plugins\chilexpress-oficial/includes/data/regiones/regiones.json
[20-Aug-2026 17:55:18 UTC] [Chilexpress][obtener_regiones] Datos decodificados con exito, fecha del archivo: 2026-08-20 17:53:39
[20-Aug-2026 17:55:18 UTC] [Chilexpress][obtener_regiones] El archivo local de regiones es reciente, no es necesario actualizar
[20-Aug-2026 17:55:56 UTC] [Chilexpress][obtener_regiones] Archivo de regiones existe: C:\Users\HP\Desktop\wirdscrepss\wordpress\wp-content\plugins\chilexpress-oficial/includes/data/regiones/regiones.json
[20-Aug-2026 17:55:56 UTC] [Chilexpress][obtener_regiones] Datos decodificados con exito, fecha del archivo: 2026-08-20 17:53:39
[20-Aug-2026 17:55:56 UTC] [Chilexpress][obtener_regiones] El archivo local de regiones es reciente, no es necesario actualizar
[20-Aug-2026 17:55:57 UTC] [Chilexpress][obtener_regiones] Archivo de regiones existe: C:\Users\HP\Desktop\wirdscrepss\wordpress\wp-content\plugins\chilexpress-oficial/includes/data/regiones/regiones.json
[20-Aug-2026 17:55:57 UTC] [Chilexpress][obtener_regiones] Datos decodificados con exito, fecha del archivo: 2026-08-20 17:53:39
[20-Aug-2026 17:55:57 UTC] [Chilexpress][obtener_regiones] El archivo local de regiones es reciente, no es necesario actualizar
[20-Aug-2026 17:58:15 UTC] [Chilexpress][obtener_regiones] Archivo de regiones existe: C:\Users\HP\Desktop\wirdscrepss\wordpress\wp-content\plugins\chilexpress-oficial/includes/data/regiones/regiones.json
[20-Aug-2026 17:58:15 UTC] [Chilexpress][obtener_regiones] Datos decodificados con exito, fecha del archivo: 2026-08-20 17:53:39
[20-Aug-2026 17:58:15 UTC] [Chilexpress][obtener_regiones] El archivo local de regiones es reciente, no es necesario actualizar
[20-Aug-2026 17:58:18 UTC] [Chilexpress][obtener_comunas] para la region: RM
[20-Aug-2026 17:58:18 UTC] [Chilexpress][obtener_comunas] Busco comunas en el archivo local: C:\Users\HP\Desktop\wirdscrepss\wordpress\wp-content\plugins\chilexpress-oficial/includes/data/comunas/RM.json
[20-Aug-2026 17:58:18 UTC] [Chilexpress][obtener_comunas] El archivo local existe !
[20-Aug-2026 17:58:18 UTC] [Chilexpress][obtener_comunas] Datos decodificados con exito, fecha del archivo: 2026-08-20 17:53:27
[20-Aug-2026 17:58:18 UTC] [Chilexpress][obtener_comunas] El archivo local es reciente, no es necesario actualizar
[20-Aug-2026 17:58:18 UTC] [Chilexpress][obtener_comunas] para la region: RM
[20-Aug-2026 17:58:18 UTC] [Chilexpress][obtener_comunas] Busco comunas en el archivo local: C:\Users\HP\Desktop\wirdscrepss\wordpress\wp-content\plugins\chilexpress-oficial/includes/data/comunas/RM.json
[20-Aug-2026 17:58:18 UTC] [Chilexpress][obtener_comunas] El archivo local existe !
[20-Aug-2026 17:58:18 UTC] [Chilexpress][obtener_comunas] Datos decodificados con exito, fecha del archivo: 2026-08-20 17:53:27
[20-Aug-2026 17:58:18 UTC] [Chilexpress][obtener_comunas] El archivo local es reciente, no es necesario actualizar
[20-Aug-2026 18:01:10 UTC] [Chilexpress][obtener_regiones] Archivo de regiones existe: C:\Users\HP\Desktop\wirdscrepss\wordpress\wp-content\plugins\chilexpress-oficial/includes/data/regiones/regiones.json
[20-Aug-2026 18:01:10 UTC] [Chilexpress][obtener_regiones] Datos decodificados con exito, fecha del archivo: 2026-08-20 17:53:39
[20-Aug-2026 18:01:10 UTC] [Chilexpress][obtener_regiones] El archivo local de regiones es reciente, no es necesario actualizar
[20-Aug-2026 18:05:41 UTC] [Chilexpress][obtener_regiones] Archivo de regiones existe: C:\Users\HP\Desktop\wirdscrepss\wordpress\wp-content\plugins\chilexpress-oficial/includes/data/regiones/regiones.json
[20-Aug-2026 18:05:41 UTC] [Chilexpress][obtener_regiones] Datos decodificados con exito, fecha del archivo: 2026-08-20 17:53:39
[20-Aug-2026 18:05:41 UTC] [Chilexpress][obtener_regiones] El archivo local de regiones es reciente, no es necesario actualizar
[20-Aug-2026 18:06:00 UTC] [Chilexpress][obtener_regiones] Archivo de regiones existe: C:\Users\HP\Desktop\wirdscrepss\wordpress\wp-content\plugins\chilexpress-oficial/includes/data/regiones/regiones.json
[20-Aug-2026 18:06:00 UTC] [Chilexpress][obtener_regiones] Datos decodificados con exito, fecha del archivo: 2026-08-20 17:53:39
[20-Aug-2026 18:06:00 UTC] [Chilexpress][obtener_regiones] El archivo local de regiones es reciente, no es necesario actualizar
[20-Aug-2026 18:06:43 UTC] [Chilexpress][obtener_regiones] Archivo de regiones existe: C:\Users\HP\Desktop\wirdscrepss\wordpress\wp-content\plugins\chilexpress-oficial/includes/data/regiones/regiones.json
[20-Aug-2026 18:06:43 UTC] [Chilexpress][obtener_regiones] Datos decodificados con exito, fecha del archivo: 2026-08-20 17:53:39
[20-Aug-2026 18:06:43 UTC] [Chilexpress][obtener_regiones] El archivo local de regiones es reciente, no es necesario actualizar
[20-Aug-2026 18:07:02 UTC] [Chilexpress][obtener_regiones] Archivo de regiones existe: C:\Users\HP\Desktop\wirdscrepss\wordpress\wp-content\plugins\chilexpress-oficial/includes/data/regiones/regiones.json
[20-Aug-2026 18:07:02 UTC] [Chilexpress][obtener_regiones] Datos decodificados con exito, fecha del archivo: 2026-08-20 17:53:39
[20-Aug-2026 18:07:02 UTC] [Chilexpress][obtener_regiones] El archivo local de regiones es reciente, no es necesario actualizar
[20-Aug-2026 18:18:30 UTC] [Chilexpress][obtener_regiones] Archivo de regiones existe: C:\Users\HP\Desktop\wirdscrepss\wordpress\wp-content\plugins\chilexpress-oficial/includes/data/regiones/regiones.json
[20-Aug-2026 18:18:30 UTC] [Chilexpress][obtener_regiones] Datos decodificados con exito, fecha del archivo: 2026-08-20 17:53:39
[20-Aug-2026 18:18:30 UTC] [Chilexpress][obtener_regiones] El archivo local de regiones es reciente, no es necesario actualizar
[20-Aug-2026 18:18:32 UTC] [Chilexpress][obtener_regiones] Archivo de regiones existe: C:\Users\HP\Desktop\wirdscrepss\wordpress\wp-content\plugins\chilexpress-oficial/includes/data/regiones/regiones.json
[20-Aug-2026 18:18:32 UTC] [Chilexpress][obtener_regiones] Datos decodificados con exito, fecha del archivo: 2026-08-20 17:53:39
[20-Aug-2026 18:18:32 UTC] [Chilexpress][obtener_regiones] El archivo local de regiones es reciente, no es necesario actualizar
[20-Aug-2026 18:18:36 UTC] [Chilexpress][obtener_regiones] Archivo de regiones existe: C:\Users\HP\Desktop\wirdscrepss\wordpress\wp-content\plugins\chilexpress-oficial/includes/data/regiones/regiones.json
[20-Aug-2026 18:18:36 UTC] [Chilexpress][obtener_regiones] Datos decodificados con exito, fecha del archivo: 2026-08-20 17:53:39
[20-Aug-2026 18:18:36 UTC] [Chilexpress][obtener_regiones] El archivo local de regiones es reciente, no es necesario actualizar
[20-Aug-2026 18:18:49 UTC] [Chilexpress][obtener_regiones] Archivo de regiones existe: C:\Users\HP\Desktop\wirdscrepss\wordpress\wp-content\plugins\chilexpress-oficial/includes/data/regiones/regiones.json
[20-Aug-2026 18:18:49 UTC] [Chilexpress][obtener_regiones] Datos decodificados con exito, fecha del archivo: 2026-08-20 17:53:39
[20-Aug-2026 18:18:49 UTC] [Chilexpress][obtener_regiones] El archivo local de regiones es reciente, no es necesario actualizar
[20-Aug-2026 18:18:49 UTC] [Chilexpress][obtener_regiones] Archivo de regiones existe: C:\Users\HP\Desktop\wirdscrepss\wordpress\wp-content\plugins\chilexpress-oficial/includes/data/regiones/regiones.json
[20-Aug-2026 18:18:49 UTC] [Chilexpress][obtener_regiones] Datos decodificados con exito, fecha del archivo: 2026-08-20 17:53:39
[20-Aug-2026 18:18:49 UTC] [Chilexpress][obtener_regiones] El archivo local de regiones es reciente, no es necesario actualizar
[20-Aug-2026 18:18:50 UTC] [Chilexpress][obtener_regiones] Archivo de regiones existe: C:\Users\HP\Desktop\wirdscrepss\wordpress\wp-content\plugins\chilexpress-oficial/includes/data/regiones/regiones.json
[20-Aug-2026 18:18:50 UTC] [Chilexpress][obtener_regiones] Datos decodificados con exito, fecha del archivo: 2026-08-20 17:53:39
[20-Aug-2026 18:18:50 UTC] [Chilexpress][obtener_regiones] El archivo local de regiones es reciente, no es necesario actualizar
[20-Aug-2026 18:18:50 UTC] [Chilexpress][obtener_regiones] Archivo de regiones existe: C:\Users\HP\Desktop\wirdscrepss\wordpress\wp-content\plugins\chilexpress-oficial/includes/data/regiones/regiones.json
[20-Aug-2026 18:18:50 UTC] [Chilexpress][obtener_regiones] Datos decodificados con exito, fecha del archivo: 2026-08-20 17:53:39
[20-Aug-2026 18:18:50 UTC] [Chilexpress][obtener_regiones] El archivo local de regiones es reciente, no es necesario actualizar
[20-Aug-2026 18:18:51 UTC] [Chilexpress][obtener_regiones] Archivo de regiones existe: C:\Users\HP\Desktop\wirdscrepss\wordpress\wp-content\plugins\chilexpress-oficial/includes/data/regiones/regiones.json
[20-Aug-2026 18:18:51 UTC] [Chilexpress][obtener_regiones] Datos decodificados con exito, fecha del archivo: 2026-08-20 17:53:39
[20-Aug-2026 18:18:51 UTC] [Chilexpress][obtener_regiones] El archivo local de regiones es reciente, no es necesario actualizar
[20-Aug-2026 18:18:51 UTC] WordPress database error <div style="clear:both">&nbsp;</div>
<div class="queries" style="clear:both;margin-bottom:2px;border:red dotted thin;">
<p>MySQL query:</p>
<p>
			INSERT INTO wp_wc_reserved_stock ( `order_id`, `product_id`, `stock_quantity`, `timestamp`, `expires` )
			SELECT 24, 17, 1, NOW(), ( NOW() + INTERVAL 60 MINUTE ) FROM DUAL
			WHERE ( 
			SELECT COALESCE( MAX( meta_value ), 0 ) FROM wp_postmeta as meta_table
			WHERE meta_table.meta_key = '_stock'
			AND meta_table.post_id = 17
			 FOR UPDATE ) - ( 
			SELECT COALESCE( SUM( stock_table.`stock_quantity` ), 0 ) FROM wp_wc_reserved_stock stock_table
			LEFT JOIN wp_wc_orders orders ON stock_table.`order_id` = orders.id
			WHERE orders.status IN ( 'wc-checkout-draft', 'wc-pending' )
			AND stock_table.`expires` > NOW()
			AND stock_table.`product_id` = 17
			AND stock_table.`order_id` != 24
			 LOCK IN SHARE MODE ) >= 1
			ON DUPLICATE KEY UPDATE `expires` = VALUES( `expires` ), `stock_quantity` = VALUES( `stock_quantity` )
			</p>
<p>Queries made or created this session were:</p>
<ol>
<li>Executing: BEGIN IMMEDIATE | (no parameters)</li>
<li>Executing: SELECT 1 FROM sqlite_temp_master WHERE type = &#039;table&#039; AND name = ? | parameters: wp_wc_reserved_stock</li>
<li>Executing: 
				SELECT LOWER(column_name) AS COLUMN_NAME, is_nullable, column_default, data_type, extra
				FROM `_wp_sqlite_mysql_information_schema_columns`
				WHERE table_schema = ?
				AND table_name = ?
				ORDER BY ordinal_position
			 | parameters: sqlite_database, wp_wc_reserved_stock</li>
<li>Executing: SELECT * FROM (SELECT 24 , 17 , 1 , CURRENT_TIMESTAMP AS `NOW()` , ( CURRENT_TIMESTAMP + INTERVAL 60 MINUTE ) AS `( NOW() + INTERVAL 60 MINUTE )` WHERE ( SELECT `COALESCE` ( MAX ( `meta_value` ) , 0 ) AS `COALESCE( MAX( meta_value ), 0 )` FROM `wp_postmeta` as `meta_table` WHERE `meta_table`.`meta_key` = &#039;_stock&#039; AND `meta_table`.`post_id` = 17 ) - ( SELECT `COALESCE` ( SUM ( `stock_table`.`stock_quantity` ) , 0 ) AS `COALESCE( SUM( stock_table.``stock_quantity`` ), 0 )` FROM `wp_wc_reserved_stock` `stock_table` LEFT JOIN `wp_wc_orders` `orders` ON `stock_table`.`order_id` = `orders`.`id` WHERE `orders`.`status` IN ( &#039;wc-checkout-draft&#039; , &#039;wc-pending&#039; ) AND `stock_table`.`expires` &gt; CURRENT_TIMESTAMP AND `stock_table`.`product_id` = 17 AND `stock_table`.`order_id` != 24 ) &gt;= 1) LIMIT 1 | (no parameters)</li>
<li>Executing: ROLLBACK | (no parameters)</li>
</ol>
</div>
<div style="clear:both;margin-bottom:2px;border:red dotted thin;" class="error_message" style="border-bottom:dotted blue thin;">
SQLSTATE[HY000]: General error: 1 near "60": syntax error
</div>
<p>Backtrace:</p>
<pre>#0 C:\Users\HP\Desktop\wirdscrepss\wordpress\wp-content\plugins\sqlite-database-integration\wp-includes\database\sqlite\class-wp-mysql-on-sqlite.php(7863): WP_MySQL_On_SQLite->new_driver_exception('SQLSTATE[HY000]...', 'HY000', Object(PDOException))
#1 C:\Users\HP\Desktop\wirdscrepss\wordpress\wp-content\plugins\sqlite-database-integration\wp-includes\database\sqlite\class-wp-mysql-on-sqlite.php(1197): WP_MySQL_On_SQLite->convert_sqlite_exception(Object(PDOException))
#2 C:\Users\HP\Desktop\wirdscrepss\wordpress\wp-content\plugins\sqlite-database-integration\wp-includes\sqlite\class-wp-sqlite-db.php(676): WP_MySQL_On_SQLite->query('\n\t\t\tINSERT INTO...', 5)
#3 C:\Users\HP\Desktop\wirdscrepss\wordpress\wp-content\plugins\sqlite-database-integration\wp-includes\sqlite\class-wp-sqlite-db.php(596): WP_SQLite_DB->_do_query('\n\t\t\tINSERT INTO...')
#4 C:\Users\HP\Desktop\wirdscrepss\wordpress\wp-content\plugins\woocommerce\src\Checkout\Helpers\ReserveStock.php(242): WP_SQLite_DB->query('\n\t\t\tINSERT INTO...')
#5 C:\Users\HP\Desktop\wirdscrepss\wordpress\wp-content\plugins\woocommerce\src\Checkout\Helpers\ReserveStock.php(150): Automattic\WooCommerce\Checkout\Helpers\ReserveStock->reserve_stock_for_product(17, 1, Object(WC_Order), 60)
#6 C:\Users\HP\Desktop\wirdscrepss\wordpress\wp-content\plugins\woocommerce\includes\wc-stock-functions.php(462): Automattic\WooCommerce\Checkout\Helpers\ReserveStock->reserve_stock_for_order(Object(WC_Order), 60)
#7 C:\Users\HP\Desktop\wirdscrepss\wordpress\wp-content\plugins\woocommerce\src\StoreApi\Routes\V1\Checkout.php(624): wc_reserve_stock_for_order(Object(WC_Order))
#8 C:\Users\HP\Desktop\wirdscrepss\wordpress\wp-content\plugins\woocommerce\src\StoreApi\Routes\V1\Checkout.php(506): Automattic\WooCommerce\StoreApi\Routes\V1\Checkout->process_order(Object(WP_REST_Request))
#9 C:\Users\HP\Desktop\wirdscrepss\wordpress\wp-content\plugins\woocommerce\src\StoreApi\Routes\V1\AbstractRoute.php(119): Automattic\WooCommerce\StoreApi\Routes\V1\Checkout->get_route_post_response(Object(WP_REST_Request))
#10 C:\Users\HP\Desktop\wirdscrepss\wordpress\wp-content\plugins\woocommerce\src\StoreApi\Routes\V1\Checkout.php(160): Automattic\WooCommerce\StoreApi\Routes\V1\AbstractRoute->get_response_by_request_method(Object(WP_REST_Request))
#11 C:\Users\HP\Desktop\wirdscrepss\wordpress\wp-includes\rest-api\class-wp-rest-server.php(1293): Automattic\WooCommerce\StoreApi\Routes\V1\Checkout->get_response(Object(WP_REST_Request))
#12 C:\Users\HP\Desktop\wirdscrepss\wordpress\wp-includes\rest-api\class-wp-rest-server.php(1126): WP_REST_Server->respond_to_request(Object(WP_REST_Request), '/wc/store/v1/ch...', Array, NULL)
#13 C:\Users\HP\Desktop\wirdscrepss\wordpress\wp-includes\rest-api\class-wp-rest-server.php(441): WP_REST_Server->dispatch(Object(WP_REST_Request))
#14 C:\Users\HP\Desktop\wirdscrepss\wordpress\wp-includes\rest-api.php(480): WP_REST_Server->serve_request('/wc/store/v1/ch...')
#15 C:\Users\HP\Desktop\wirdscrepss\wordpress\wp-includes\class-wp-hook.php(341): rest_api_loaded(Object(WP))
#16 C:\Users\HP\Desktop\wirdscrepss\wordpress\wp-includes\class-wp-hook.php(365): WP_Hook->apply_filters(NULL, Array)
#17 C:\Users\HP\Desktop\wirdscrepss\wordpress\wp-includes\plugin.php(570): WP_Hook->do_action(Array)
#18 C:\Users\HP\Desktop\wirdscrepss\wordpress\wp-includes\class-wp.php(418): do_action_ref_array('parse_request', Array)
#19 C:\Users\HP\Desktop\wirdscrepss\wordpress\wp-includes\class-wp.php(821): WP->parse_request('')
#20 C:\Users\HP\Desktop\wirdscrepss\wordpress\wp-includes\functions.php(1343): WP->main('')
#21 C:\Users\HP\Desktop\wirdscrepss\wordpress\wp-blog-header.php(16): wp()
#22 C:\Users\HP\Desktop\wirdscrepss\wordpress\index.php(17): require('C:\\Users\\HP\\Des...')
#23 C:\Users\HP\Desktop\wirdscrepss\wordpress\router.php(13): require_once('C:\\Users\\HP\\Des...')
#24 {main}</pre>
 for query 
			INSERT INTO wp_wc_reserved_stock ( `order_id`, `product_id`, `stock_quantity`, `timestamp`, `expires` )
			SELECT 24, 17, 1, NOW(), ( NOW() + INTERVAL 60 MINUTE ) FROM DUAL
			WHERE ( 
			SELECT COALESCE( MAX( meta_value ), 0 ) FROM wp_postmeta as meta_table
			WHERE meta_table.meta_key = '_stock'
			AND meta_table.post_id = 17
			 FOR UPDATE ) - ( 
			SELECT COALESCE( SUM( stock_table.`stock_quantity` ), 0 ) FROM wp_wc_reserved_stock stock_table
			LEFT JOIN wp_wc_orders orders ON stock_table.`order_id` = orders.id
			WHERE orders.status IN ( 'wc-checkout-draft', 'wc-pending' )
			AND stock_table.`expires` > NOW()
			AND stock_table.`product_id` = 17
			AND stock_table.`order_id` != 24
			 LOCK IN SHARE MODE ) >= 1
			ON DUPLICATE KEY UPDATE `expires` = VALUES( `expires` ), `stock_quantity` = VALUES( `stock_quantity` )
			 made by require_once('index.php'), require('wp-blog-header.php'), wp, WP->main, WP->parse_request, do_action_ref_array('parse_request'), WP_Hook->do_action, WP_Hook->apply_filters, rest_api_loaded, WP_REST_Server->serve_request, WP_REST_Server->dispatch, WP_REST_Server->respond_to_request, Automattic\WooCommerce\StoreApi\Routes\V1\Checkout->get_response, Automattic\WooCommerce\StoreApi\Routes\V1\AbstractRoute->get_response_by_request_method, Automattic\WooCommerce\StoreApi\Routes\V1\Checkout->get_route_post_response, Automattic\WooCommerce\StoreApi\Routes\V1\Checkout->process_order, wc_reserve_stock_for_order, Automattic\WooCommerce\Checkout\Helpers\ReserveStock->reserve_stock_for_order, Automattic\WooCommerce\Checkout\Helpers\ReserveStock->reserve_stock_for_product, WP_SQLite_DB->query, WP_SQLite_DB->print_error
[20-Aug-2026 18:18:51 UTC] WordPress database error <div style="clear:both">&nbsp;</div>
<div class="queries" style="clear:both;margin-bottom:2px;border:red dotted thin;">
<p>MySQL query:</p>
<p>
			INSERT INTO wp_wc_reserved_stock ( `order_id`, `product_id`, `stock_quantity`, `timestamp`, `expires` )
			SELECT 24, 17, 1, NOW(), ( NOW() + INTERVAL 60 MINUTE ) FROM DUAL
			WHERE ( 
			SELECT COALESCE( MAX( meta_value ), 0 ) FROM wp_postmeta as meta_table
			WHERE meta_table.meta_key = '_stock'
			AND meta_table.post_id = 17
			 FOR UPDATE ) - ( 
			SELECT COALESCE( SUM( stock_table.`stock_quantity` ), 0 ) FROM wp_wc_reserved_stock stock_table
			LEFT JOIN wp_wc_orders orders ON stock_table.`order_id` = orders.id
			WHERE orders.status IN ( 'wc-checkout-draft', 'wc-pending' )
			AND stock_table.`expires` > NOW()
			AND stock_table.`product_id` = 17
			AND stock_table.`order_id` != 24
			 LOCK IN SHARE MODE ) >= 1
			ON DUPLICATE KEY UPDATE `expires` = VALUES( `expires` ), `stock_quantity` = VALUES( `stock_quantity` )
			</p>
<p>Queries made or created this session were:</p>
<ol>
<li>Executing: BEGIN IMMEDIATE | (no parameters)</li>
<li>Executing: SELECT 1 FROM sqlite_temp_master WHERE type = &#039;table&#039; AND name = ? | parameters: wp_wc_reserved_stock</li>
<li>Executing: 
				SELECT LOWER(column_name) AS COLUMN_NAME, is_nullable, column_default, data_type, extra
				FROM `_wp_sqlite_mysql_information_schema_columns`
				WHERE table_schema = ?
				AND table_name = ?
				ORDER BY ordinal_position
			 | parameters: sqlite_database, wp_wc_reserved_stock</li>
<li>Executing: SELECT * FROM (SELECT 24 , 17 , 1 , CURRENT_TIMESTAMP AS `NOW()` , ( CURRENT_TIMESTAMP + INTERVAL 60 MINUTE ) AS `( NOW() + INTERVAL 60 MINUTE )` WHERE ( SELECT `COALESCE` ( MAX ( `meta_value` ) , 0 ) AS `COALESCE( MAX( meta_value ), 0 )` FROM `wp_postmeta` as `meta_table` WHERE `meta_table`.`meta_key` = &#039;_stock&#039; AND `meta_table`.`post_id` = 17 ) - ( SELECT `COALESCE` ( SUM ( `stock_table`.`stock_quantity` ) , 0 ) AS `COALESCE( SUM( stock_table.``stock_quantity`` ), 0 )` FROM `wp_wc_reserved_stock` `stock_table` LEFT JOIN `wp_wc_orders` `orders` ON `stock_table`.`order_id` = `orders`.`id` WHERE `orders`.`status` IN ( &#039;wc-checkout-draft&#039; , &#039;wc-pending&#039; ) AND `stock_table`.`expires` &gt; CURRENT_TIMESTAMP AND `stock_table`.`product_id` = 17 AND `stock_table`.`order_id` != 24 ) &gt;= 1) LIMIT 1 | (no parameters)</li>
<li>Executing: ROLLBACK | (no parameters)</li>
</ol>
</div>
<div style="clear:both;margin-bottom:2px;border:red dotted thin;" class="error_message" style="border-bottom:dotted blue thin;">
SQLSTATE[HY000]: General error: 1 near "60": syntax error
</div>
<p>Backtrace:</p>
<pre>#0 C:\Users\HP\Desktop\wirdscrepss\wordpress\wp-content\plugins\sqlite-database-integration\wp-includes\database\sqlite\class-wp-mysql-on-sqlite.php(7863): WP_MySQL_On_SQLite->new_driver_exception('SQLSTATE[HY000]...', 'HY000', Object(PDOException))
#1 C:\Users\HP\Desktop\wirdscrepss\wordpress\wp-content\plugins\sqlite-database-integration\wp-includes\database\sqlite\class-wp-mysql-on-sqlite.php(1197): WP_MySQL_On_SQLite->convert_sqlite_exception(Object(PDOException))
#2 C:\Users\HP\Desktop\wirdscrepss\wordpress\wp-content\plugins\sqlite-database-integration\wp-includes\sqlite\class-wp-sqlite-db.php(676): WP_MySQL_On_SQLite->query('\n\t\t\tINSERT INTO...', 5)
#3 C:\Users\HP\Desktop\wirdscrepss\wordpress\wp-content\plugins\sqlite-database-integration\wp-includes\sqlite\class-wp-sqlite-db.php(596): WP_SQLite_DB->_do_query('\n\t\t\tINSERT INTO...')
#4 C:\Users\HP\Desktop\wirdscrepss\wordpress\wp-content\plugins\woocommerce\src\Checkout\Helpers\ReserveStock.php(242): WP_SQLite_DB->query('\n\t\t\tINSERT INTO...')
#5 C:\Users\HP\Desktop\wirdscrepss\wordpress\wp-content\plugins\woocommerce\src\Checkout\Helpers\ReserveStock.php(150): Automattic\WooCommerce\Checkout\Helpers\ReserveStock->reserve_stock_for_product(17, 1, Object(WC_Order), 60)
#6 C:\Users\HP\Desktop\wirdscrepss\wordpress\wp-content\plugins\woocommerce\includes\wc-stock-functions.php(462): Automattic\WooCommerce\Checkout\Helpers\ReserveStock->reserve_stock_for_order(Object(WC_Order), 60)
#7 C:\Users\HP\Desktop\wirdscrepss\wordpress\wp-content\plugins\woocommerce\src\StoreApi\Routes\V1\Checkout.php(624): wc_reserve_stock_for_order(Object(WC_Order))
#8 C:\Users\HP\Desktop\wirdscrepss\wordpress\wp-content\plugins\woocommerce\src\StoreApi\Routes\V1\Checkout.php(506): Automattic\WooCommerce\StoreApi\Routes\V1\Checkout->process_order(Object(WP_REST_Request))
#9 C:\Users\HP\Desktop\wirdscrepss\wordpress\wp-content\plugins\woocommerce\src\StoreApi\Routes\V1\AbstractRoute.php(119): Automattic\WooCommerce\StoreApi\Routes\V1\Checkout->get_route_post_response(Object(WP_REST_Request))
#10 C:\Users\HP\Desktop\wirdscrepss\wordpress\wp-content\plugins\woocommerce\src\StoreApi\Routes\V1\Checkout.php(160): Automattic\WooCommerce\StoreApi\Routes\V1\AbstractRoute->get_response_by_request_method(Object(WP_REST_Request))
#11 C:\Users\HP\Desktop\wirdscrepss\wordpress\wp-includes\rest-api\class-wp-rest-server.php(1293): Automattic\WooCommerce\StoreApi\Routes\V1\Checkout->get_response(Object(WP_REST_Request))
#12 C:\Users\HP\Desktop\wirdscrepss\wordpress\wp-includes\rest-api\class-wp-rest-server.php(1126): WP_REST_Server->respond_to_request(Object(WP_REST_Request), '/wc/store/v1/ch...', Array, NULL)
#13 C:\Users\HP\Desktop\wirdscrepss\wordpress\wp-includes\rest-api\class-wp-rest-server.php(441): WP_REST_Server->dispatch(Object(WP_REST_Request))
#14 C:\Users\HP\Desktop\wirdscrepss\wordpress\wp-includes\rest-api.php(480): WP_REST_Server->serve_request('/wc/store/v1/ch...')
#15 C:\Users\HP\Desktop\wirdscrepss\wordpress\wp-includes\class-wp-hook.php(341): rest_api_loaded(Object(WP))
#16 C:\Users\HP\Desktop\wirdscrepss\wordpress\wp-includes\class-wp-hook.php(365): WP_Hook->apply_filters(NULL, Array)
#17 C:\Users\HP\Desktop\wirdscrepss\wordpress\wp-includes\plugin.php(570): WP_Hook->do_action(Array)
#18 C:\Users\HP\Desktop\wirdscrepss\wordpress\wp-includes\class-wp.php(418): do_action_ref_array('parse_request', Array)
#19 C:\Users\HP\Desktop\wirdscrepss\wordpress\wp-includes\class-wp.php(821): WP->parse_request('')
#20 C:\Users\HP\Desktop\wirdscrepss\wordpress\wp-includes\functions.php(1343): WP->main('')
#21 C:\Users\HP\Desktop\wirdscrepss\wordpress\wp-blog-header.php(16): wp()
#22 C:\Users\HP\Desktop\wirdscrepss\wordpress\index.php(17): require('C:\\Users\\HP\\Des...')
#23 C:\Users\HP\Desktop\wirdscrepss\wordpress\router.php(13): require_once('C:\\Users\\HP\\Des...')
#24 {main}</pre>
 for query 
			INSERT INTO wp_wc_reserved_stock ( `order_id`, `product_id`, `stock_quantity`, `timestamp`, `expires` )
			SELECT 24, 17, 1, NOW(), ( NOW() + INTERVAL 60 MINUTE ) FROM DUAL
			WHERE ( 
			SELECT COALESCE( MAX( meta_value ), 0 ) FROM wp_postmeta as meta_table
			WHERE meta_table.meta_key = '_stock'
			AND meta_table.post_id = 17
			 FOR UPDATE ) - ( 
			SELECT COALESCE( SUM( stock_table.`stock_quantity` ), 0 ) FROM wp_wc_reserved_stock stock_table
			LEFT JOIN wp_wc_orders orders ON stock_table.`order_id` = orders.id
			WHERE orders.status IN ( 'wc-checkout-draft', 'wc-pending' )
			AND stock_table.`expires` > NOW()
			AND stock_table.`product_id` = 17
			AND stock_table.`order_id` != 24
			 LOCK IN SHARE MODE ) >= 1
			ON DUPLICATE KEY UPDATE `expires` = VALUES( `expires` ), `stock_quantity` = VALUES( `stock_quantity` )
			 made by require_once('index.php'), require('wp-blog-header.php'), wp, WP->main, WP->parse_request, do_action_ref_array('parse_request'), WP_Hook->do_action, WP_Hook->apply_filters, rest_api_loaded, WP_REST_Server->serve_request, WP_REST_Server->dispatch, WP_REST_Server->respond_to_request, Automattic\WooCommerce\StoreApi\Routes\V1\Checkout->get_response, Automattic\WooCommerce\StoreApi\Routes\V1\AbstractRoute->get_response_by_request_method, Automattic\WooCommerce\StoreApi\Routes\V1\Checkout->get_route_post_response, Automattic\WooCommerce\StoreApi\Routes\V1\Checkout->process_order, wc_reserve_stock_for_order, Automattic\WooCommerce\Checkout\Helpers\ReserveStock->reserve_stock_for_order, Automattic\WooCommerce\Checkout\Helpers\ReserveStock->reserve_stock_for_product, WP_SQLite_DB->query, WP_SQLite_DB->print_error
[20-Aug-2026 18:18:51 UTC] WordPress database error <div style="clear:both">&nbsp;</div>
<div class="queries" style="clear:both;margin-bottom:2px;border:red dotted thin;">
<p>MySQL query:</p>
<p>
			INSERT INTO wp_wc_reserved_stock ( `order_id`, `product_id`, `stock_quantity`, `timestamp`, `expires` )
			SELECT 24, 17, 1, NOW(), ( NOW() + INTERVAL 60 MINUTE ) FROM DUAL
			WHERE ( 
			SELECT COALESCE( MAX( meta_value ), 0 ) FROM wp_postmeta as meta_table
			WHERE meta_table.meta_key = '_stock'
			AND meta_table.post_id = 17
			 FOR UPDATE ) - ( 
			SELECT COALESCE( SUM( stock_table.`stock_quantity` ), 0 ) FROM wp_wc_reserved_stock stock_table
			LEFT JOIN wp_wc_orders orders ON stock_table.`order_id` = orders.id
			WHERE orders.status IN ( 'wc-checkout-draft', 'wc-pending' )
			AND stock_table.`expires` > NOW()
			AND stock_table.`product_id` = 17
			AND stock_table.`order_id` != 24
			 LOCK IN SHARE MODE ) >= 1
			ON DUPLICATE KEY UPDATE `expires` = VALUES( `expires` ), `stock_quantity` = VALUES( `stock_quantity` )
			</p>
<p>Queries made or created this session were:</p>
<ol>
<li>Executing: BEGIN IMMEDIATE | (no parameters)</li>
<li>Executing: SELECT 1 FROM sqlite_temp_master WHERE type = &#039;table&#039; AND name = ? | parameters: wp_wc_reserved_stock</li>
<li>Executing: 
				SELECT LOWER(column_name) AS COLUMN_NAME, is_nullable, column_default, data_type, extra
				FROM `_wp_sqlite_mysql_information_schema_columns`
				WHERE table_schema = ?
				AND table_name = ?
				ORDER BY ordinal_position
			 | parameters: sqlite_database, wp_wc_reserved_stock</li>
<li>Executing: SELECT * FROM (SELECT 24 , 17 , 1 , CURRENT_TIMESTAMP AS `NOW()` , ( CURRENT_TIMESTAMP + INTERVAL 60 MINUTE ) AS `( NOW() + INTERVAL 60 MINUTE )` WHERE ( SELECT `COALESCE` ( MAX ( `meta_value` ) , 0 ) AS `COALESCE( MAX( meta_value ), 0 )` FROM `wp_postmeta` as `meta_table` WHERE `meta_table`.`meta_key` = &#039;_stock&#039; AND `meta_table`.`post_id` = 17 ) - ( SELECT `COALESCE` ( SUM ( `stock_table`.`stock_quantity` ) , 0 ) AS `COALESCE( SUM( stock_table.``stock_quantity`` ), 0 )` FROM `wp_wc_reserved_stock` `stock_table` LEFT JOIN `wp_wc_orders` `orders` ON `stock_table`.`order_id` = `orders`.`id` WHERE `orders`.`status` IN ( &#039;wc-checkout-draft&#039; , &#039;wc-pending&#039; ) AND `stock_table`.`expires` &gt; CURRENT_TIMESTAMP AND `stock_table`.`product_id` = 17 AND `stock_table`.`order_id` != 24 ) &gt;= 1) LIMIT 1 | (no parameters)</li>
<li>Executing: ROLLBACK | (no parameters)</li>
</ol>
</div>
<div style="clear:both;margin-bottom:2px;border:red dotted thin;" class="error_message" style="border-bottom:dotted blue thin;">
SQLSTATE[HY000]: General error: 1 near "60": syntax error
</div>
<p>Backtrace:</p>
<pre>#0 C:\Users\HP\Desktop\wirdscrepss\wordpress\wp-content\plugins\sqlite-database-integration\wp-includes\database\sqlite\class-wp-mysql-on-sqlite.php(7863): WP_MySQL_On_SQLite->new_driver_exception('SQLSTATE[HY000]...', 'HY000', Object(PDOException))
#1 C:\Users\HP\Desktop\wirdscrepss\wordpress\wp-content\plugins\sqlite-database-integration\wp-includes\database\sqlite\class-wp-mysql-on-sqlite.php(1197): WP_MySQL_On_SQLite->convert_sqlite_exception(Object(PDOException))
#2 C:\Users\HP\Desktop\wirdscrepss\wordpress\wp-content\plugins\sqlite-database-integration\wp-includes\sqlite\class-wp-sqlite-db.php(676): WP_MySQL_On_SQLite->query('\n\t\t\tINSERT INTO...', 5)
#3 C:\Users\HP\Desktop\wirdscrepss\wordpress\wp-content\plugins\sqlite-database-integration\wp-includes\sqlite\class-wp-sqlite-db.php(596): WP_SQLite_DB->_do_query('\n\t\t\tINSERT INTO...')
#4 C:\Users\HP\Desktop\wirdscrepss\wordpress\wp-content\plugins\woocommerce\src\Checkout\Helpers\ReserveStock.php(242): WP_SQLite_DB->query('\n\t\t\tINSERT INTO...')
#5 C:\Users\HP\Desktop\wirdscrepss\wordpress\wp-content\plugins\woocommerce\src\Checkout\Helpers\ReserveStock.php(150): Automattic\WooCommerce\Checkout\Helpers\ReserveStock->reserve_stock_for_product(17, 1, Object(WC_Order), 60)
#6 C:\Users\HP\Desktop\wirdscrepss\wordpress\wp-content\plugins\woocommerce\includes\wc-stock-functions.php(462): Automattic\WooCommerce\Checkout\Helpers\ReserveStock->reserve_stock_for_order(Object(WC_Order), 60)
#7 C:\Users\HP\Desktop\wirdscrepss\wordpress\wp-content\plugins\woocommerce\src\StoreApi\Routes\V1\Checkout.php(624): wc_reserve_stock_for_order(Object(WC_Order))
#8 C:\Users\HP\Desktop\wirdscrepss\wordpress\wp-content\plugins\woocommerce\src\StoreApi\Routes\V1\Checkout.php(506): Automattic\WooCommerce\StoreApi\Routes\V1\Checkout->process_order(Object(WP_REST_Request))
#9 C:\Users\HP\Desktop\wirdscrepss\wordpress\wp-content\plugins\woocommerce\src\StoreApi\Routes\V1\AbstractRoute.php(119): Automattic\WooCommerce\StoreApi\Routes\V1\Checkout->get_route_post_response(Object(WP_REST_Request))
#10 C:\Users\HP\Desktop\wirdscrepss\wordpress\wp-content\plugins\woocommerce\src\StoreApi\Routes\V1\Checkout.php(160): Automattic\WooCommerce\StoreApi\Routes\V1\AbstractRoute->get_response_by_request_method(Object(WP_REST_Request))
#11 C:\Users\HP\Desktop\wirdscrepss\wordpress\wp-includes\rest-api\class-wp-rest-server.php(1293): Automattic\WooCommerce\StoreApi\Routes\V1\Checkout->get_response(Object(WP_REST_Request))
#12 C:\Users\HP\Desktop\wirdscrepss\wordpress\wp-includes\rest-api\class-wp-rest-server.php(1126): WP_REST_Server->respond_to_request(Object(WP_REST_Request), '/wc/store/v1/ch...', Array, NULL)
#13 C:\Users\HP\Desktop\wirdscrepss\wordpress\wp-includes\rest-api\class-wp-rest-server.php(441): WP_REST_Server->dispatch(Object(WP_REST_Request))
#14 C:\Users\HP\Desktop\wirdscrepss\wordpress\wp-includes\rest-api.php(480): WP_REST_Server->serve_request('/wc/store/v1/ch...')
#15 C:\Users\HP\Desktop\wirdscrepss\wordpress\wp-includes\class-wp-hook.php(341): rest_api_loaded(Object(WP))
#16 C:\Users\HP\Desktop\wirdscrepss\wordpress\wp-includes\class-wp-hook.php(365): WP_Hook->apply_filters(NULL, Array)
#17 C:\Users\HP\Desktop\wirdscrepss\wordpress\wp-includes\plugin.php(570): WP_Hook->do_action(Array)
#18 C:\Users\HP\Desktop\wirdscrepss\wordpress\wp-includes\class-wp.php(418): do_action_ref_array('parse_request', Array)
#19 C:\Users\HP\Desktop\wirdscrepss\wordpress\wp-includes\class-wp.php(821): WP->parse_request('')
#20 C:\Users\HP\Desktop\wirdscrepss\wordpress\wp-includes\functions.php(1343): WP->main('')
#21 C:\Users\HP\Desktop\wirdscrepss\wordpress\wp-blog-header.php(16): wp()
#22 C:\Users\HP\Desktop\wirdscrepss\wordpress\index.php(17): require('C:\\Users\\HP\\Des...')
#23 C:\Users\HP\Desktop\wirdscrepss\wordpress\router.php(13): require_once('C:\\Users\\HP\\Des...')
#24 {main}</pre>
 for query 
			INSERT INTO wp_wc_reserved_stock ( `order_id`, `product_id`, `stock_quantity`, `timestamp`, `expires` )
			SELECT 24, 17, 1, NOW(), ( NOW() + INTERVAL 60 MINUTE ) FROM DUAL
			WHERE ( 
			SELECT COALESCE( MAX( meta_value ), 0 ) FROM wp_postmeta as meta_table
			WHERE meta_table.meta_key = '_stock'
			AND meta_table.post_id = 17
			 FOR UPDATE ) - ( 
			SELECT COALESCE( SUM( stock_table.`stock_quantity` ), 0 ) FROM wp_wc_reserved_stock stock_table
			LEFT JOIN wp_wc_orders orders ON stock_table.`order_id` = orders.id
			WHERE orders.status IN ( 'wc-checkout-draft', 'wc-pending' )
			AND stock_table.`expires` > NOW()
			AND stock_table.`product_id` = 17
			AND stock_table.`order_id` != 24
			 LOCK IN SHARE MODE ) >= 1
			ON DUPLICATE KEY UPDATE `expires` = VALUES( `expires` ), `stock_quantity` = VALUES( `stock_quantity` )
			 made by require_once('index.php'), require('wp-blog-header.php'), wp, WP->main, WP->parse_request, do_action_ref_array('parse_request'), WP_Hook->do_action, WP_Hook->apply_filters, rest_api_loaded, WP_REST_Server->serve_request, WP_REST_Server->dispatch, WP_REST_Server->respond_to_request, Automattic\WooCommerce\StoreApi\Routes\V1\Checkout->get_response, Automattic\WooCommerce\StoreApi\Routes\V1\AbstractRoute->get_response_by_request_method, Automattic\WooCommerce\StoreApi\Routes\V1\Checkout->get_route_post_response, Automattic\WooCommerce\StoreApi\Routes\V1\Checkout->process_order, wc_reserve_stock_for_order, Automattic\WooCommerce\Checkout\Helpers\ReserveStock->reserve_stock_for_order, Automattic\WooCommerce\Checkout\Helpers\ReserveStock->reserve_stock_for_product, WP_SQLite_DB->query, WP_SQLite_DB->print_error
[20-Aug-2026 18:18:51 UTC] PHP Warning:  Cannot modify header information - headers already sent by (output started at C:\Users\HP\Desktop\wirdscrepss\wordpress\wp-content\plugins\sqlite-database-integration\wp-includes\sqlite\class-wp-sqlite-db.php:381) in C:\Users\HP\Desktop\wirdscrepss\wordpress\wp-includes\rest-api\class-wp-rest-server.php on line 1904
[20-Aug-2026 18:18:51 UTC] PHP Warning:  Cannot modify header information - headers already sent by (output started at C:\Users\HP\Desktop\wirdscrepss\wordpress\wp-content\plugins\sqlite-database-integration\wp-includes\sqlite\class-wp-sqlite-db.php:381) in C:\Users\HP\Desktop\wirdscrepss\wordpress\wp-includes\rest-api\class-wp-rest-server.php on line 1904
[20-Aug-2026 18:18:51 UTC] PHP Warning:  Cannot modify header information - headers already sent by (output started at C:\Users\HP\Desktop\wirdscrepss\wordpress\wp-content\plugins\sqlite-database-integration\wp-includes\sqlite\class-wp-sqlite-db.php:381) in C:\Users\HP\Desktop\wirdscrepss\wordpress\wp-includes\rest-api\class-wp-rest-server.php on line 1904
[20-Aug-2026 18:18:51 UTC] PHP Warning:  Cannot modify header information - headers already sent by (output started at C:\Users\HP\Desktop\wirdscrepss\wordpress\wp-content\plugins\sqlite-database-integration\wp-includes\sqlite\class-wp-sqlite-db.php:381) in C:\Users\HP\Desktop\wirdscrepss\wordpress\wp-includes\rest-api\class-wp-rest-server.php on line 1904
[20-Aug-2026 18:18:51 UTC] PHP Warning:  Cannot modify header information - headers already sent by (output started at C:\Users\HP\Desktop\wirdscrepss\wordpress\wp-content\plugins\sqlite-database-integration\wp-includes\sqlite\class-wp-sqlite-db.php:381) in C:\Users\HP\Desktop\wirdscrepss\wordpress\wp-includes\rest-api\class-wp-rest-server.php on line 1904
[20-Aug-2026 18:18:51 UTC] PHP Warning:  Cannot modify header information - headers already sent by (output started at C:\Users\HP\Desktop\wirdscrepss\wordpress\wp-content\plugins\sqlite-database-integration\wp-includes\sqlite\class-wp-sqlite-db.php:381) in C:\Users\HP\Desktop\wirdscrepss\wordpress\wp-includes\rest-api\class-wp-rest-server.php on line 1904
[20-Aug-2026 18:18:51 UTC] PHP Warning:  Cannot modify header information - headers already sent by (output started at C:\Users\HP\Desktop\wirdscrepss\wordpress\wp-content\plugins\sqlite-database-integration\wp-includes\sqlite\class-wp-sqlite-db.php:381) in C:\Users\HP\Desktop\wirdscrepss\wordpress\wp-includes\rest-api\class-wp-rest-server.php on line 1904
[20-Aug-2026 18:18:51 UTC] PHP Warning:  Cannot modify header information - headers already sent by (output started at C:\Users\HP\Desktop\wirdscrepss\wordpress\wp-content\plugins\sqlite-database-integration\wp-includes\sqlite\class-wp-sqlite-db.php:381) in C:\Users\HP\Desktop\wirdscrepss\wordpress\wp-includes\rest-api\class-wp-rest-server.php on line 1904
[20-Aug-2026 18:18:51 UTC] PHP Warning:  Cannot modify header information - headers already sent by (output started at C:\Users\HP\Desktop\wirdscrepss\wordpress\wp-content\plugins\sqlite-database-integration\wp-includes\sqlite\class-wp-sqlite-db.php:381) in C:\Users\HP\Desktop\wirdscrepss\wordpress\wp-includes\rest-api\class-wp-rest-server.php on line 1904
[20-Aug-2026 18:18:51 UTC] PHP Warning:  Cannot modify header information - headers already sent by (output started at C:\Users\HP\Desktop\wirdscrepss\wordpress\wp-content\plugins\sqlite-database-integration\wp-includes\sqlite\class-wp-sqlite-db.php:381) in C:\Users\HP\Desktop\wirdscrepss\wordpress\wp-includes\rest-api\class-wp-rest-server.php on line 1904
[20-Aug-2026 18:18:51 UTC] PHP Warning:  Cannot modify header information - headers already sent by (output started at C:\Users\HP\Desktop\wirdscrepss\wordpress\wp-content\plugins\sqlite-database-integration\wp-includes\sqlite\class-wp-sqlite-db.php:381) in C:\Users\HP\Desktop\wirdscrepss\wordpress\wp-includes\rest-api\class-wp-rest-server.php on line 1904
[20-Aug-2026 18:19:00 UTC] [Chilexpress][obtener_regiones] Archivo de regiones existe: C:\Users\HP\Desktop\wirdscrepss\wordpress\wp-content\plugins\chilexpress-oficial/includes/data/regiones/regiones.json
[20-Aug-2026 18:19:00 UTC] [Chilexpress][obtener_regiones] Datos decodificados con exito, fecha del archivo: 2026-08-20 17:53:39
[20-Aug-2026 18:19:00 UTC] [Chilexpress][obtener_regiones] El archivo local de regiones es reciente, no es necesario actualizar
[20-Aug-2026 18:19:02 UTC] [Chilexpress][obtener_regiones] Archivo de regiones existe: C:\Users\HP\Desktop\wirdscrepss\wordpress\wp-content\plugins\chilexpress-oficial/includes/data/regiones/regiones.json
[20-Aug-2026 18:19:02 UTC] [Chilexpress][obtener_regiones] Datos decodificados con exito, fecha del archivo: 2026-08-20 17:53:39
[20-Aug-2026 18:19:02 UTC] [Chilexpress][obtener_regiones] El archivo local de regiones es reciente, no es necesario actualizar
[20-Aug-2026 18:19:02 UTC] [Chilexpress][obtener_regiones] Archivo de regiones existe: C:\Users\HP\Desktop\wirdscrepss\wordpress\wp-content\plugins\chilexpress-oficial/includes/data/regiones/regiones.json
[20-Aug-2026 18:19:02 UTC] [Chilexpress][obtener_regiones] Datos decodificados con exito, fecha del archivo: 2026-08-20 17:53:39
[20-Aug-2026 18:19:02 UTC] [Chilexpress][obtener_regiones] El archivo local de regiones es reciente, no es necesario actualizar
[20-Aug-2026 18:19:03 UTC] [Chilexpress][obtener_regiones] Archivo de regiones existe: C:\Users\HP\Desktop\wirdscrepss\wordpress\wp-content\plugins\chilexpress-oficial/includes/data/regiones/regiones.json
[20-Aug-2026 18:19:03 UTC] [Chilexpress][obtener_regiones] Datos decodificados con exito, fecha del archivo: 2026-08-20 17:53:39
[20-Aug-2026 18:19:03 UTC] [Chilexpress][obtener_regiones] El archivo local de regiones es reciente, no es necesario actualizar
[20-Aug-2026 18:19:03 UTC] [Chilexpress][obtener_regiones] Archivo de regiones existe: C:\Users\HP\Desktop\wirdscrepss\wordpress\wp-content\plugins\chilexpress-oficial/includes/data/regiones/regiones.json
[20-Aug-2026 18:19:03 UTC] [Chilexpress][obtener_regiones] Datos decodificados con exito, fecha del archivo: 2026-08-20 17:53:39
[20-Aug-2026 18:19:03 UTC] [Chilexpress][obtener_regiones] El archivo local de regiones es reciente, no es necesario actualizar
[20-Aug-2026 18:19:03 UTC] WordPress database error <div style="clear:both">&nbsp;</div>
<div class="queries" style="clear:both;margin-bottom:2px;border:red dotted thin;">
<p>MySQL query:</p>
<p>
			INSERT INTO wp_wc_reserved_stock ( `order_id`, `product_id`, `stock_quantity`, `timestamp`, `expires` )
			SELECT 25, 17, 1, NOW(), ( NOW() + INTERVAL 60 MINUTE ) FROM DUAL
			WHERE ( 
			SELECT COALESCE( MAX( meta_value ), 0 ) FROM wp_postmeta as meta_table
			WHERE meta_table.meta_key = '_stock'
			AND meta_table.post_id = 17
			 FOR UPDATE ) - ( 
			SELECT COALESCE( SUM( stock_table.`stock_quantity` ), 0 ) FROM wp_wc_reserved_stock stock_table
			LEFT JOIN wp_wc_orders orders ON stock_table.`order_id` = orders.id
			WHERE orders.status IN ( 'wc-checkout-draft', 'wc-pending' )
			AND stock_table.`expires` > NOW()
			AND stock_table.`product_id` = 17
			AND stock_table.`order_id` != 25
			 LOCK IN SHARE MODE ) >= 1
			ON DUPLICATE KEY UPDATE `expires` = VALUES( `expires` ), `stock_quantity` = VALUES( `stock_quantity` )
			</p>
<p>Queries made or created this session were:</p>
<ol>
<li>Executing: BEGIN IMMEDIATE | (no parameters)</li>
<li>Executing: SELECT 1 FROM sqlite_temp_master WHERE type = &#039;table&#039; AND name = ? | parameters: wp_wc_reserved_stock</li>
<li>Executing: 
				SELECT LOWER(column_name) AS COLUMN_NAME, is_nullable, column_default, data_type, extra
				FROM `_wp_sqlite_mysql_information_schema_columns`
				WHERE table_schema = ?
				AND table_name = ?
				ORDER BY ordinal_position
			 | parameters: sqlite_database, wp_wc_reserved_stock</li>
<li>Executing: SELECT * FROM (SELECT 25 , 17 , 1 , CURRENT_TIMESTAMP AS `NOW()` , ( CURRENT_TIMESTAMP + INTERVAL 60 MINUTE ) AS `( NOW() + INTERVAL 60 MINUTE )` WHERE ( SELECT `COALESCE` ( MAX ( `meta_value` ) , 0 ) AS `COALESCE( MAX( meta_value ), 0 )` FROM `wp_postmeta` as `meta_table` WHERE `meta_table`.`meta_key` = &#039;_stock&#039; AND `meta_table`.`post_id` = 17 ) - ( SELECT `COALESCE` ( SUM ( `stock_table`.`stock_quantity` ) , 0 ) AS `COALESCE( SUM( stock_table.``stock_quantity`` ), 0 )` FROM `wp_wc_reserved_stock` `stock_table` LEFT JOIN `wp_wc_orders` `orders` ON `stock_table`.`order_id` = `orders`.`id` WHERE `orders`.`status` IN ( &#039;wc-checkout-draft&#039; , &#039;wc-pending&#039; ) AND `stock_table`.`expires` &gt; CURRENT_TIMESTAMP AND `stock_table`.`product_id` = 17 AND `stock_table`.`order_id` != 25 ) &gt;= 1) LIMIT 1 | (no parameters)</li>
<li>Executing: ROLLBACK | (no parameters)</li>
</ol>
</div>
<div style="clear:both;margin-bottom:2px;border:red dotted thin;" class="error_message" style="border-bottom:dotted blue thin;">
SQLSTATE[HY000]: General error: 1 near "60": syntax error
</div>
<p>Backtrace:</p>
<pre>#0 C:\Users\HP\Desktop\wirdscrepss\wordpress\wp-content\plugins\sqlite-database-integration\wp-includes\database\sqlite\class-wp-mysql-on-sqlite.php(7863): WP_MySQL_On_SQLite->new_driver_exception('SQLSTATE[HY000]...', 'HY000', Object(PDOException))
#1 C:\Users\HP\Desktop\wirdscrepss\wordpress\wp-content\plugins\sqlite-database-integration\wp-includes\database\sqlite\class-wp-mysql-on-sqlite.php(1197): WP_MySQL_On_SQLite->convert_sqlite_exception(Object(PDOException))
#2 C:\Users\HP\Desktop\wirdscrepss\wordpress\wp-content\plugins\sqlite-database-integration\wp-includes\sqlite\class-wp-sqlite-db.php(676): WP_MySQL_On_SQLite->query('\n\t\t\tINSERT INTO...', 5)
#3 C:\Users\HP\Desktop\wirdscrepss\wordpress\wp-content\plugins\sqlite-database-integration\wp-includes\sqlite\class-wp-sqlite-db.php(596): WP_SQLite_DB->_do_query('\n\t\t\tINSERT INTO...')
#4 C:\Users\HP\Desktop\wirdscrepss\wordpress\wp-content\plugins\woocommerce\src\Checkout\Helpers\ReserveStock.php(242): WP_SQLite_DB->query('\n\t\t\tINSERT INTO...')
#5 C:\Users\HP\Desktop\wirdscrepss\wordpress\wp-content\plugins\woocommerce\src\Checkout\Helpers\ReserveStock.php(150): Automattic\WooCommerce\Checkout\Helpers\ReserveStock->reserve_stock_for_product(17, 1, Object(WC_Order), 60)
#6 C:\Users\HP\Desktop\wirdscrepss\wordpress\wp-content\plugins\woocommerce\includes\wc-stock-functions.php(462): Automattic\WooCommerce\Checkout\Helpers\ReserveStock->reserve_stock_for_order(Object(WC_Order), 60)
#7 C:\Users\HP\Desktop\wirdscrepss\wordpress\wp-content\plugins\woocommerce\src\StoreApi\Routes\V1\Checkout.php(624): wc_reserve_stock_for_order(Object(WC_Order))
#8 C:\Users\HP\Desktop\wirdscrepss\wordpress\wp-content\plugins\woocommerce\src\StoreApi\Routes\V1\Checkout.php(506): Automattic\WooCommerce\StoreApi\Routes\V1\Checkout->process_order(Object(WP_REST_Request))
#9 C:\Users\HP\Desktop\wirdscrepss\wordpress\wp-content\plugins\woocommerce\src\StoreApi\Routes\V1\AbstractRoute.php(119): Automattic\WooCommerce\StoreApi\Routes\V1\Checkout->get_route_post_response(Object(WP_REST_Request))
#10 C:\Users\HP\Desktop\wirdscrepss\wordpress\wp-content\plugins\woocommerce\src\StoreApi\Routes\V1\Checkout.php(160): Automattic\WooCommerce\StoreApi\Routes\V1\AbstractRoute->get_response_by_request_method(Object(WP_REST_Request))
#11 C:\Users\HP\Desktop\wirdscrepss\wordpress\wp-includes\rest-api\class-wp-rest-server.php(1293): Automattic\WooCommerce\StoreApi\Routes\V1\Checkout->get_response(Object(WP_REST_Request))
#12 C:\Users\HP\Desktop\wirdscrepss\wordpress\wp-includes\rest-api\class-wp-rest-server.php(1126): WP_REST_Server->respond_to_request(Object(WP_REST_Request), '/wc/store/v1/ch...', Array, NULL)
#13 C:\Users\HP\Desktop\wirdscrepss\wordpress\wp-includes\rest-api\class-wp-rest-server.php(441): WP_REST_Server->dispatch(Object(WP_REST_Request))
#14 C:\Users\HP\Desktop\wirdscrepss\wordpress\wp-includes\rest-api.php(480): WP_REST_Server->serve_request('/wc/store/v1/ch...')
#15 C:\Users\HP\Desktop\wirdscrepss\wordpress\wp-includes\class-wp-hook.php(341): rest_api_loaded(Object(WP))
#16 C:\Users\HP\Desktop\wirdscrepss\wordpress\wp-includes\class-wp-hook.php(365): WP_Hook->apply_filters(NULL, Array)
#17 C:\Users\HP\Desktop\wirdscrepss\wordpress\wp-includes\plugin.php(570): WP_Hook->do_action(Array)
#18 C:\Users\HP\Desktop\wirdscrepss\wordpress\wp-includes\class-wp.php(418): do_action_ref_array('parse_request', Array)
#19 C:\Users\HP\Desktop\wirdscrepss\wordpress\wp-includes\class-wp.php(821): WP->parse_request('')
#20 C:\Users\HP\Desktop\wirdscrepss\wordpress\wp-includes\functions.php(1343): WP->main('')
#21 C:\Users\HP\Desktop\wirdscrepss\wordpress\wp-blog-header.php(16): wp()
#22 C:\Users\HP\Desktop\wirdscrepss\wordpress\index.php(17): require('C:\\Users\\HP\\Des...')
#23 C:\Users\HP\Desktop\wirdscrepss\wordpress\router.php(13): require_once('C:\\Users\\HP\\Des...')
#24 {main}</pre>
 for query 
			INSERT INTO wp_wc_reserved_stock ( `order_id`, `product_id`, `stock_quantity`, `timestamp`, `expires` )
			SELECT 25, 17, 1, NOW(), ( NOW() + INTERVAL 60 MINUTE ) FROM DUAL
			WHERE ( 
			SELECT COALESCE( MAX( meta_value ), 0 ) FROM wp_postmeta as meta_table
			WHERE meta_table.meta_key = '_stock'
			AND meta_table.post_id = 17
			 FOR UPDATE ) - ( 
			SELECT COALESCE( SUM( stock_table.`stock_quantity` ), 0 ) FROM wp_wc_reserved_stock stock_table
			LEFT JOIN wp_wc_orders orders ON stock_table.`order_id` = orders.id
			WHERE orders.status IN ( 'wc-checkout-draft', 'wc-pending' )
			AND stock_table.`expires` > NOW()
			AND stock_table.`product_id` = 17
			AND stock_table.`order_id` != 25
			 LOCK IN SHARE MODE ) >= 1
			ON DUPLICATE KEY UPDATE `expires` = VALUES( `expires` ), `stock_quantity` = VALUES( `stock_quantity` )
			 made by require_once('index.php'), require('wp-blog-header.php'), wp, WP->main, WP->parse_request, do_action_ref_array('parse_request'), WP_Hook->do_action, WP_Hook->apply_filters, rest_api_loaded, WP_REST_Server->serve_request, WP_REST_Server->dispatch, WP_REST_Server->respond_to_request, Automattic\WooCommerce\StoreApi\Routes\V1\Checkout->get_response, Automattic\WooCommerce\StoreApi\Routes\V1\AbstractRoute->get_response_by_request_method, Automattic\WooCommerce\StoreApi\Routes\V1\Checkout->get_route_post_response, Automattic\WooCommerce\StoreApi\Routes\V1\Checkout->process_order, wc_reserve_stock_for_order, Automattic\WooCommerce\Checkout\Helpers\ReserveStock->reserve_stock_for_order, Automattic\WooCommerce\Checkout\Helpers\ReserveStock->reserve_stock_for_product, WP_SQLite_DB->query, WP_SQLite_DB->print_error
[20-Aug-2026 18:19:03 UTC] WordPress database error <div style="clear:both">&nbsp;</div>
<div class="queries" style="clear:both;margin-bottom:2px;border:red dotted thin;">
<p>MySQL query:</p>
<p>
			INSERT INTO wp_wc_reserved_stock ( `order_id`, `product_id`, `stock_quantity`, `timestamp`, `expires` )
			SELECT 25, 17, 1, NOW(), ( NOW() + INTERVAL 60 MINUTE ) FROM DUAL
			WHERE ( 
			SELECT COALESCE( MAX( meta_value ), 0 ) FROM wp_postmeta as meta_table
			WHERE meta_table.meta_key = '_stock'
			AND meta_table.post_id = 17
			 FOR UPDATE ) - ( 
			SELECT COALESCE( SUM( stock_table.`stock_quantity` ), 0 ) FROM wp_wc_reserved_stock stock_table
			LEFT JOIN wp_wc_orders orders ON stock_table.`order_id` = orders.id
			WHERE orders.status IN ( 'wc-checkout-draft', 'wc-pending' )
			AND stock_table.`expires` > NOW()
			AND stock_table.`product_id` = 17
			AND stock_table.`order_id` != 25
			 LOCK IN SHARE MODE ) >= 1
			ON DUPLICATE KEY UPDATE `expires` = VALUES( `expires` ), `stock_quantity` = VALUES( `stock_quantity` )
			</p>
<p>Queries made or created this session were:</p>
<ol>
<li>Executing: BEGIN IMMEDIATE | (no parameters)</li>
<li>Executing: SELECT 1 FROM sqlite_temp_master WHERE type = &#039;table&#039; AND name = ? | parameters: wp_wc_reserved_stock</li>
<li>Executing: 
				SELECT LOWER(column_name) AS COLUMN_NAME, is_nullable, column_default, data_type, extra
				FROM `_wp_sqlite_mysql_information_schema_columns`
				WHERE table_schema = ?
				AND table_name = ?
				ORDER BY ordinal_position
			 | parameters: sqlite_database, wp_wc_reserved_stock</li>
<li>Executing: SELECT * FROM (SELECT 25 , 17 , 1 , CURRENT_TIMESTAMP AS `NOW()` , ( CURRENT_TIMESTAMP + INTERVAL 60 MINUTE ) AS `( NOW() + INTERVAL 60 MINUTE )` WHERE ( SELECT `COALESCE` ( MAX ( `meta_value` ) , 0 ) AS `COALESCE( MAX( meta_value ), 0 )` FROM `wp_postmeta` as `meta_table` WHERE `meta_table`.`meta_key` = &#039;_stock&#039; AND `meta_table`.`post_id` = 17 ) - ( SELECT `COALESCE` ( SUM ( `stock_table`.`stock_quantity` ) , 0 ) AS `COALESCE( SUM( stock_table.``stock_quantity`` ), 0 )` FROM `wp_wc_reserved_stock` `stock_table` LEFT JOIN `wp_wc_orders` `orders` ON `stock_table`.`order_id` = `orders`.`id` WHERE `orders`.`status` IN ( &#039;wc-checkout-draft&#039; , &#039;wc-pending&#039; ) AND `stock_table`.`expires` &gt; CURRENT_TIMESTAMP AND `stock_table`.`product_id` = 17 AND `stock_table`.`order_id` != 25 ) &gt;= 1) LIMIT 1 | (no parameters)</li>
<li>Executing: ROLLBACK | (no parameters)</li>
</ol>
</div>
<div style="clear:both;margin-bottom:2px;border:red dotted thin;" class="error_message" style="border-bottom:dotted blue thin;">
SQLSTATE[HY000]: General error: 1 near "60": syntax error
</div>
<p>Backtrace:</p>
<pre>#0 C:\Users\HP\Desktop\wirdscrepss\wordpress\wp-content\plugins\sqlite-database-integration\wp-includes\database\sqlite\class-wp-mysql-on-sqlite.php(7863): WP_MySQL_On_SQLite->new_driver_exception('SQLSTATE[HY000]...', 'HY000', Object(PDOException))
#1 C:\Users\HP\Desktop\wirdscrepss\wordpress\wp-content\plugins\sqlite-database-integration\wp-includes\database\sqlite\class-wp-mysql-on-sqlite.php(1197): WP_MySQL_On_SQLite->convert_sqlite_exception(Object(PDOException))
#2 C:\Users\HP\Desktop\wirdscrepss\wordpress\wp-content\plugins\sqlite-database-integration\wp-includes\sqlite\class-wp-sqlite-db.php(676): WP_MySQL_On_SQLite->query('\n\t\t\tINSERT INTO...', 5)
#3 C:\Users\HP\Desktop\wirdscrepss\wordpress\wp-content\plugins\sqlite-database-integration\wp-includes\sqlite\class-wp-sqlite-db.php(596): WP_SQLite_DB->_do_query('\n\t\t\tINSERT INTO...')
#4 C:\Users\HP\Desktop\wirdscrepss\wordpress\wp-content\plugins\woocommerce\src\Checkout\Helpers\ReserveStock.php(242): WP_SQLite_DB->query('\n\t\t\tINSERT INTO...')
#5 C:\Users\HP\Desktop\wirdscrepss\wordpress\wp-content\plugins\woocommerce\src\Checkout\Helpers\ReserveStock.php(150): Automattic\WooCommerce\Checkout\Helpers\ReserveStock->reserve_stock_for_product(17, 1, Object(WC_Order), 60)
#6 C:\Users\HP\Desktop\wirdscrepss\wordpress\wp-content\plugins\woocommerce\includes\wc-stock-functions.php(462): Automattic\WooCommerce\Checkout\Helpers\ReserveStock->reserve_stock_for_order(Object(WC_Order), 60)
#7 C:\Users\HP\Desktop\wirdscrepss\wordpress\wp-content\plugins\woocommerce\src\StoreApi\Routes\V1\Checkout.php(624): wc_reserve_stock_for_order(Object(WC_Order))
#8 C:\Users\HP\Desktop\wirdscrepss\wordpress\wp-content\plugins\woocommerce\src\StoreApi\Routes\V1\Checkout.php(506): Automattic\WooCommerce\StoreApi\Routes\V1\Checkout->process_order(Object(WP_REST_Request))
#9 C:\Users\HP\Desktop\wirdscrepss\wordpress\wp-content\plugins\woocommerce\src\StoreApi\Routes\V1\AbstractRoute.php(119): Automattic\WooCommerce\StoreApi\Routes\V1\Checkout->get_route_post_response(Object(WP_REST_Request))
#10 C:\Users\HP\Desktop\wirdscrepss\wordpress\wp-content\plugins\woocommerce\src\StoreApi\Routes\V1\Checkout.php(160): Automattic\WooCommerce\StoreApi\Routes\V1\AbstractRoute->get_response_by_request_method(Object(WP_REST_Request))
#11 C:\Users\HP\Desktop\wirdscrepss\wordpress\wp-includes\rest-api\class-wp-rest-server.php(1293): Automattic\WooCommerce\StoreApi\Routes\V1\Checkout->get_response(Object(WP_REST_Request))
#12 C:\Users\HP\Desktop\wirdscrepss\wordpress\wp-includes\rest-api\class-wp-rest-server.php(1126): WP_REST_Server->respond_to_request(Object(WP_REST_Request), '/wc/store/v1/ch...', Array, NULL)
#13 C:\Users\HP\Desktop\wirdscrepss\wordpress\wp-includes\rest-api\class-wp-rest-server.php(441): WP_REST_Server->dispatch(Object(WP_REST_Request))
#14 C:\Users\HP\Desktop\wirdscrepss\wordpress\wp-includes\rest-api.php(480): WP_REST_Server->serve_request('/wc/store/v1/ch...')
#15 C:\Users\HP\Desktop\wirdscrepss\wordpress\wp-includes\class-wp-hook.php(341): rest_api_loaded(Object(WP))
#16 C:\Users\HP\Desktop\wirdscrepss\wordpress\wp-includes\class-wp-hook.php(365): WP_Hook->apply_filters(NULL, Array)
#17 C:\Users\HP\Desktop\wirdscrepss\wordpress\wp-includes\plugin.php(570): WP_Hook->do_action(Array)
#18 C:\Users\HP\Desktop\wirdscrepss\wordpress\wp-includes\class-wp.php(418): do_action_ref_array('parse_request', Array)
#19 C:\Users\HP\Desktop\wirdscrepss\wordpress\wp-includes\class-wp.php(821): WP->parse_request('')
#20 C:\Users\HP\Desktop\wirdscrepss\wordpress\wp-includes\functions.php(1343): WP->main('')
#21 C:\Users\HP\Desktop\wirdscrepss\wordpress\wp-blog-header.php(16): wp()
#22 C:\Users\HP\Desktop\wirdscrepss\wordpress\index.php(17): require('C:\\Users\\HP\\Des...')
#23 C:\Users\HP\Desktop\wirdscrepss\wordpress\router.php(13): require_once('C:\\Users\\HP\\Des...')
#24 {main}</pre>
 for query 
			INSERT INTO wp_wc_reserved_stock ( `order_id`, `product_id`, `stock_quantity`, `timestamp`, `expires` )
			SELECT 25, 17, 1, NOW(), ( NOW() + INTERVAL 60 MINUTE ) FROM DUAL
			WHERE ( 
			SELECT COALESCE( MAX( meta_value ), 0 ) FROM wp_postmeta as meta_table
			WHERE meta_table.meta_key = '_stock'
			AND meta_table.post_id = 17
			 FOR UPDATE ) - ( 
			SELECT COALESCE( SUM( stock_table.`stock_quantity` ), 0 ) FROM wp_wc_reserved_stock stock_table
			LEFT JOIN wp_wc_orders orders ON stock_table.`order_id` = orders.id
			WHERE orders.status IN ( 'wc-checkout-draft', 'wc-pending' )
			AND stock_table.`expires` > NOW()
			AND stock_table.`product_id` = 17
			AND stock_table.`order_id` != 25
			 LOCK IN SHARE MODE ) >= 1
			ON DUPLICATE KEY UPDATE `expires` = VALUES( `expires` ), `stock_quantity` = VALUES( `stock_quantity` )
			 made by require_once('index.php'), require('wp-blog-header.php'), wp, WP->main, WP->parse_request, do_action_ref_array('parse_request'), WP_Hook->do_action, WP_Hook->apply_filters, rest_api_loaded, WP_REST_Server->serve_request, WP_REST_Server->dispatch, WP_REST_Server->respond_to_request, Automattic\WooCommerce\StoreApi\Routes\V1\Checkout->get_response, Automattic\WooCommerce\StoreApi\Routes\V1\AbstractRoute->get_response_by_request_method, Automattic\WooCommerce\StoreApi\Routes\V1\Checkout->get_route_post_response, Automattic\WooCommerce\StoreApi\Routes\V1\Checkout->process_order, wc_reserve_stock_for_order, Automattic\WooCommerce\Checkout\Helpers\ReserveStock->reserve_stock_for_order, Automattic\WooCommerce\Checkout\Helpers\ReserveStock->reserve_stock_for_product, WP_SQLite_DB->query, WP_SQLite_DB->print_error
[20-Aug-2026 18:19:03 UTC] WordPress database error <div style="clear:both">&nbsp;</div>
<div class="queries" style="clear:both;margin-bottom:2px;border:red dotted thin;">
<p>MySQL query:</p>
<p>
			INSERT INTO wp_wc_reserved_stock ( `order_id`, `product_id`, `stock_quantity`, `timestamp`, `expires` )
			SELECT 25, 17, 1, NOW(), ( NOW() + INTERVAL 60 MINUTE ) FROM DUAL
			WHERE ( 
			SELECT COALESCE( MAX( meta_value ), 0 ) FROM wp_postmeta as meta_table
			WHERE meta_table.meta_key = '_stock'
			AND meta_table.post_id = 17
			 FOR UPDATE ) - ( 
			SELECT COALESCE( SUM( stock_table.`stock_quantity` ), 0 ) FROM wp_wc_reserved_stock stock_table
			LEFT JOIN wp_wc_orders orders ON stock_table.`order_id` = orders.id
			WHERE orders.status IN ( 'wc-checkout-draft', 'wc-pending' )
			AND stock_table.`expires` > NOW()
			AND stock_table.`product_id` = 17
			AND stock_table.`order_id` != 25
			 LOCK IN SHARE MODE ) >= 1
			ON DUPLICATE KEY UPDATE `expires` = VALUES( `expires` ), `stock_quantity` = VALUES( `stock_quantity` )
			</p>
<p>Queries made or created this session were:</p>
<ol>
<li>Executing: BEGIN IMMEDIATE | (no parameters)</li>
<li>Executing: SELECT 1 FROM sqlite_temp_master WHERE type = &#039;table&#039; AND name = ? | parameters: wp_wc_reserved_stock</li>
<li>Executing: 
				SELECT LOWER(column_name) AS COLUMN_NAME, is_nullable, column_default, data_type, extra
				FROM `_wp_sqlite_mysql_information_schema_columns`
				WHERE table_schema = ?
				AND table_name = ?
				ORDER BY ordinal_position
			 | parameters: sqlite_database, wp_wc_reserved_stock</li>
<li>Executing: SELECT * FROM (SELECT 25 , 17 , 1 , CURRENT_TIMESTAMP AS `NOW()` , ( CURRENT_TIMESTAMP + INTERVAL 60 MINUTE ) AS `( NOW() + INTERVAL 60 MINUTE )` WHERE ( SELECT `COALESCE` ( MAX ( `meta_value` ) , 0 ) AS `COALESCE( MAX( meta_value ), 0 )` FROM `wp_postmeta` as `meta_table` WHERE `meta_table`.`meta_key` = &#039;_stock&#039; AND `meta_table`.`post_id` = 17 ) - ( SELECT `COALESCE` ( SUM ( `stock_table`.`stock_quantity` ) , 0 ) AS `COALESCE( SUM( stock_table.``stock_quantity`` ), 0 )` FROM `wp_wc_reserved_stock` `stock_table` LEFT JOIN `wp_wc_orders` `orders` ON `stock_table`.`order_id` = `orders`.`id` WHERE `orders`.`status` IN ( &#039;wc-checkout-draft&#039; , &#039;wc-pending&#039; ) AND `stock_table`.`expires` &gt; CURRENT_TIMESTAMP AND `stock_table`.`product_id` = 17 AND `stock_table`.`order_id` != 25 ) &gt;= 1) LIMIT 1 | (no parameters)</li>
<li>Executing: ROLLBACK | (no parameters)</li>
</ol>
</div>
<div style="clear:both;margin-bottom:2px;border:red dotted thin;" class="error_message" style="border-bottom:dotted blue thin;">
SQLSTATE[HY000]: General error: 1 near "60": syntax error
</div>
<p>Backtrace:</p>
<pre>#0 C:\Users\HP\Desktop\wirdscrepss\wordpress\wp-content\plugins\sqlite-database-integration\wp-includes\database\sqlite\class-wp-mysql-on-sqlite.php(7863): WP_MySQL_On_SQLite->new_driver_exception('SQLSTATE[HY000]...', 'HY000', Object(PDOException))
#1 C:\Users\HP\Desktop\wirdscrepss\wordpress\wp-content\plugins\sqlite-database-integration\wp-includes\database\sqlite\class-wp-mysql-on-sqlite.php(1197): WP_MySQL_On_SQLite->convert_sqlite_exception(Object(PDOException))
#2 C:\Users\HP\Desktop\wirdscrepss\wordpress\wp-content\plugins\sqlite-database-integration\wp-includes\sqlite\class-wp-sqlite-db.php(676): WP_MySQL_On_SQLite->query('\n\t\t\tINSERT INTO...', 5)
#3 C:\Users\HP\Desktop\wirdscrepss\wordpress\wp-content\plugins\sqlite-database-integration\wp-includes\sqlite\class-wp-sqlite-db.php(596): WP_SQLite_DB->_do_query('\n\t\t\tINSERT INTO...')
#4 C:\Users\HP\Desktop\wirdscrepss\wordpress\wp-content\plugins\woocommerce\src\Checkout\Helpers\ReserveStock.php(242): WP_SQLite_DB->query('\n\t\t\tINSERT INTO...')
#5 C:\Users\HP\Desktop\wirdscrepss\wordpress\wp-content\plugins\woocommerce\src\Checkout\Helpers\ReserveStock.php(150): Automattic\WooCommerce\Checkout\Helpers\ReserveStock->reserve_stock_for_product(17, 1, Object(WC_Order), 60)
#6 C:\Users\HP\Desktop\wirdscrepss\wordpress\wp-content\plugins\woocommerce\includes\wc-stock-functions.php(462): Automattic\WooCommerce\Checkout\Helpers\ReserveStock->reserve_stock_for_order(Object(WC_Order), 60)
#7 C:\Users\HP\Desktop\wirdscrepss\wordpress\wp-content\plugins\woocommerce\src\StoreApi\Routes\V1\Checkout.php(624): wc_reserve_stock_for_order(Object(WC_Order))
#8 C:\Users\HP\Desktop\wirdscrepss\wordpress\wp-content\plugins\woocommerce\src\StoreApi\Routes\V1\Checkout.php(506): Automattic\WooCommerce\StoreApi\Routes\V1\Checkout->process_order(Object(WP_REST_Request))
#9 C:\Users\HP\Desktop\wirdscrepss\wordpress\wp-content\plugins\woocommerce\src\StoreApi\Routes\V1\AbstractRoute.php(119): Automattic\WooCommerce\StoreApi\Routes\V1\Checkout->get_route_post_response(Object(WP_REST_Request))
#10 C:\Users\HP\Desktop\wirdscrepss\wordpress\wp-content\plugins\woocommerce\src\StoreApi\Routes\V1\Checkout.php(160): Automattic\WooCommerce\StoreApi\Routes\V1\AbstractRoute->get_response_by_request_method(Object(WP_REST_Request))
#11 C:\Users\HP\Desktop\wirdscrepss\wordpress\wp-includes\rest-api\class-wp-rest-server.php(1293): Automattic\WooCommerce\StoreApi\Routes\V1\Checkout->get_response(Object(WP_REST_Request))
#12 C:\Users\HP\Desktop\wirdscrepss\wordpress\wp-includes\rest-api\class-wp-rest-server.php(1126): WP_REST_Server->respond_to_request(Object(WP_REST_Request), '/wc/store/v1/ch...', Array, NULL)
#13 C:\Users\HP\Desktop\wirdscrepss\wordpress\wp-includes\rest-api\class-wp-rest-server.php(441): WP_REST_Server->dispatch(Object(WP_REST_Request))
#14 C:\Users\HP\Desktop\wirdscrepss\wordpress\wp-includes\rest-api.php(480): WP_REST_Server->serve_request('/wc/store/v1/ch...')
#15 C:\Users\HP\Desktop\wirdscrepss\wordpress\wp-includes\class-wp-hook.php(341): rest_api_loaded(Object(WP))
#16 C:\Users\HP\Desktop\wirdscrepss\wordpress\wp-includes\class-wp-hook.php(365): WP_Hook->apply_filters(NULL, Array)
#17 C:\Users\HP\Desktop\wirdscrepss\wordpress\wp-includes\plugin.php(570): WP_Hook->do_action(Array)
#18 C:\Users\HP\Desktop\wirdscrepss\wordpress\wp-includes\class-wp.php(418): do_action_ref_array('parse_request', Array)
#19 C:\Users\HP\Desktop\wirdscrepss\wordpress\wp-includes\class-wp.php(821): WP->parse_request('')
#20 C:\Users\HP\Desktop\wirdscrepss\wordpress\wp-includes\functions.php(1343): WP->main('')
#21 C:\Users\HP\Desktop\wirdscrepss\wordpress\wp-blog-header.php(16): wp()
#22 C:\Users\HP\Desktop\wirdscrepss\wordpress\index.php(17): require('C:\\Users\\HP\\Des...')
#23 C:\Users\HP\Desktop\wirdscrepss\wordpress\router.php(13): require_once('C:\\Users\\HP\\Des...')
#24 {main}</pre>
 for query 
			INSERT INTO wp_wc_reserved_stock ( `order_id`, `product_id`, `stock_quantity`, `timestamp`, `expires` )
			SELECT 25, 17, 1, NOW(), ( NOW() + INTERVAL 60 MINUTE ) FROM DUAL
			WHERE ( 
			SELECT COALESCE( MAX( meta_value ), 0 ) FROM wp_postmeta as meta_table
			WHERE meta_table.meta_key = '_stock'
			AND meta_table.post_id = 17
			 FOR UPDATE ) - ( 
			SELECT COALESCE( SUM( stock_table.`stock_quantity` ), 0 ) FROM wp_wc_reserved_stock stock_table
			LEFT JOIN wp_wc_orders orders ON stock_table.`order_id` = orders.id
			WHERE orders.status IN ( 'wc-checkout-draft', 'wc-pending' )
			AND stock_table.`expires` > NOW()
			AND stock_table.`product_id` = 17
			AND stock_table.`order_id` != 25
			 LOCK IN SHARE MODE ) >= 1
			ON DUPLICATE KEY UPDATE `expires` = VALUES( `expires` ), `stock_quantity` = VALUES( `stock_quantity` )
			 made by require_once('index.php'), require('wp-blog-header.php'), wp, WP->main, WP->parse_request, do_action_ref_array('parse_request'), WP_Hook->do_action, WP_Hook->apply_filters, rest_api_loaded, WP_REST_Server->serve_request, WP_REST_Server->dispatch, WP_REST_Server->respond_to_request, Automattic\WooCommerce\StoreApi\Routes\V1\Checkout->get_response, Automattic\WooCommerce\StoreApi\Routes\V1\AbstractRoute->get_response_by_request_method, Automattic\WooCommerce\StoreApi\Routes\V1\Checkout->get_route_post_response, Automattic\WooCommerce\StoreApi\Routes\V1\Checkout->process_order, wc_reserve_stock_for_order, Automattic\WooCommerce\Checkout\Helpers\ReserveStock->reserve_stock_for_order, Automattic\WooCommerce\Checkout\Helpers\ReserveStock->reserve_stock_for_product, WP_SQLite_DB->query, WP_SQLite_DB->print_error
[20-Aug-2026 18:19:03 UTC] PHP Warning:  Cannot modify header information - headers already sent by (output started at C:\Users\HP\Desktop\wirdscrepss\wordpress\wp-content\plugins\sqlite-database-integration\wp-includes\sqlite\class-wp-sqlite-db.php:381) in C:\Users\HP\Desktop\wirdscrepss\wordpress\wp-includes\rest-api\class-wp-rest-server.php on line 1904
[20-Aug-2026 18:19:03 UTC] PHP Warning:  Cannot modify header information - headers already sent by (output started at C:\Users\HP\Desktop\wirdscrepss\wordpress\wp-content\plugins\sqlite-database-integration\wp-includes\sqlite\class-wp-sqlite-db.php:381) in C:\Users\HP\Desktop\wirdscrepss\wordpress\wp-includes\rest-api\class-wp-rest-server.php on line 1904
[20-Aug-2026 18:19:03 UTC] PHP Warning:  Cannot modify header information - headers already sent by (output started at C:\Users\HP\Desktop\wirdscrepss\wordpress\wp-content\plugins\sqlite-database-integration\wp-includes\sqlite\class-wp-sqlite-db.php:381) in C:\Users\HP\Desktop\wirdscrepss\wordpress\wp-includes\rest-api\class-wp-rest-server.php on line 1904
[20-Aug-2026 18:19:03 UTC] PHP Warning:  Cannot modify header information - headers already sent by (output started at C:\Users\HP\Desktop\wirdscrepss\wordpress\wp-content\plugins\sqlite-database-integration\wp-includes\sqlite\class-wp-sqlite-db.php:381) in C:\Users\HP\Desktop\wirdscrepss\wordpress\wp-includes\rest-api\class-wp-rest-server.php on line 1904
[20-Aug-2026 18:19:03 UTC] PHP Warning:  Cannot modify header information - headers already sent by (output started at C:\Users\HP\Desktop\wirdscrepss\wordpress\wp-content\plugins\sqlite-database-integration\wp-includes\sqlite\class-wp-sqlite-db.php:381) in C:\Users\HP\Desktop\wirdscrepss\wordpress\wp-includes\rest-api\class-wp-rest-server.php on line 1904
[20-Aug-2026 18:19:03 UTC] PHP Warning:  Cannot modify header information - headers already sent by (output started at C:\Users\HP\Desktop\wirdscrepss\wordpress\wp-content\plugins\sqlite-database-integration\wp-includes\sqlite\class-wp-sqlite-db.php:381) in C:\Users\HP\Desktop\wirdscrepss\wordpress\wp-includes\rest-api\class-wp-rest-server.php on line 1904
[20-Aug-2026 18:19:03 UTC] PHP Warning:  Cannot modify header information - headers already sent by (output started at C:\Users\HP\Desktop\wirdscrepss\wordpress\wp-content\plugins\sqlite-database-integration\wp-includes\sqlite\class-wp-sqlite-db.php:381) in C:\Users\HP\Desktop\wirdscrepss\wordpress\wp-includes\rest-api\class-wp-rest-server.php on line 1904
[20-Aug-2026 18:19:03 UTC] PHP Warning:  Cannot modify header information - headers already sent by (output started at C:\Users\HP\Desktop\wirdscrepss\wordpress\wp-content\plugins\sqlite-database-integration\wp-includes\sqlite\class-wp-sqlite-db.php:381) in C:\Users\HP\Desktop\wirdscrepss\wordpress\wp-includes\rest-api\class-wp-rest-server.php on line 1904
[20-Aug-2026 18:19:03 UTC] PHP Warning:  Cannot modify header information - headers already sent by (output started at C:\Users\HP\Desktop\wirdscrepss\wordpress\wp-content\plugins\sqlite-database-integration\wp-includes\sqlite\class-wp-sqlite-db.php:381) in C:\Users\HP\Desktop\wirdscrepss\wordpress\wp-includes\rest-api\class-wp-rest-server.php on line 1904
[20-Aug-2026 18:19:03 UTC] PHP Warning:  Cannot modify header information - headers already sent by (output started at C:\Users\HP\Desktop\wirdscrepss\wordpress\wp-content\plugins\sqlite-database-integration\wp-includes\sqlite\class-wp-sqlite-db.php:381) in C:\Users\HP\Desktop\wirdscrepss\wordpress\wp-includes\rest-api\class-wp-rest-server.php on line 1904
[20-Aug-2026 18:19:03 UTC] PHP Warning:  Cannot modify header information - headers already sent by (output started at C:\Users\HP\Desktop\wirdscrepss\wordpress\wp-content\plugins\sqlite-database-integration\wp-includes\sqlite\class-wp-sqlite-db.php:381) in C:\Users\HP\Desktop\wirdscrepss\wordpress\wp-includes\rest-api\class-wp-rest-server.php on line 1904
[20-Aug-2026 18:19:34 UTC] [Chilexpress][obtener_regiones] Archivo de regiones existe: C:\Users\HP\Desktop\wirdscrepss\wordpress\wp-content\plugins\chilexpress-oficial/includes/data/regiones/regiones.json
[20-Aug-2026 18:19:34 UTC] [Chilexpress][obtener_regiones] Datos decodificados con exito, fecha del archivo: 2026-08-20 17:53:39
[20-Aug-2026 18:19:34 UTC] [Chilexpress][obtener_regiones] El archivo local de regiones es reciente, no es necesario actualizar
[20-Aug-2026 18:19:34 UTC] [Chilexpress][obtener_regiones] Archivo de regiones existe: C:\Users\HP\Desktop\wirdscrepss\wordpress\wp-content\plugins\chilexpress-oficial/includes/data/regiones/regiones.json
[20-Aug-2026 18:19:34 UTC] [Chilexpress][obtener_regiones] Datos decodificados con exito, fecha del archivo: 2026-08-20 17:53:39
[20-Aug-2026 18:19:34 UTC] [Chilexpress][obtener_regiones] El archivo local de regiones es reciente, no es necesario actualizar
[20-Aug-2026 18:19:35 UTC] [Chilexpress][obtener_regiones] Archivo de regiones existe: C:\Users\HP\Desktop\wirdscrepss\wordpress\wp-content\plugins\chilexpress-oficial/includes/data/regiones/regiones.json
[20-Aug-2026 18:19:35 UTC] [Chilexpress][obtener_regiones] Datos decodificados con exito, fecha del archivo: 2026-08-20 17:53:39
[20-Aug-2026 18:19:35 UTC] [Chilexpress][obtener_regiones] El archivo local de regiones es reciente, no es necesario actualizar
[20-Aug-2026 18:19:35 UTC] [Chilexpress][obtener_regiones] Archivo de regiones existe: C:\Users\HP\Desktop\wirdscrepss\wordpress\wp-content\plugins\chilexpress-oficial/includes/data/regiones/regiones.json
[20-Aug-2026 18:19:35 UTC] [Chilexpress][obtener_regiones] Datos decodificados con exito, fecha del archivo: 2026-08-20 17:53:39
[20-Aug-2026 18:19:35 UTC] [Chilexpress][obtener_regiones] El archivo local de regiones es reciente, no es necesario actualizar
[20-Aug-2026 18:19:36 UTC] [Chilexpress][obtener_regiones] Archivo de regiones existe: C:\Users\HP\Desktop\wirdscrepss\wordpress\wp-content\plugins\chilexpress-oficial/includes/data/regiones/regiones.json
[20-Aug-2026 18:19:36 UTC] [Chilexpress][obtener_regiones] Datos decodificados con exito, fecha del archivo: 2026-08-20 17:53:39
[20-Aug-2026 18:19:36 UTC] [Chilexpress][obtener_regiones] El archivo local de regiones es reciente, no es necesario actualizar
[20-Aug-2026 18:19:41 UTC] [Chilexpress][obtener_regiones] Archivo de regiones existe: C:\Users\HP\Desktop\wirdscrepss\wordpress\wp-content\plugins\chilexpress-oficial/includes/data/regiones/regiones.json
[20-Aug-2026 18:19:41 UTC] [Chilexpress][obtener_regiones] Datos decodificados con exito, fecha del archivo: 2026-08-20 17:53:39
[20-Aug-2026 18:19:41 UTC] [Chilexpress][obtener_regiones] El archivo local de regiones es reciente, no es necesario actualizar
[20-Aug-2026 18:19:41 UTC] [Chilexpress][obtener_regiones] Archivo de regiones existe: C:\Users\HP\Desktop\wirdscrepss\wordpress\wp-content\plugins\chilexpress-oficial/includes/data/regiones/regiones.json
[20-Aug-2026 18:19:41 UTC] [Chilexpress][obtener_regiones] Datos decodificados con exito, fecha del archivo: 2026-08-20 17:53:39
[20-Aug-2026 18:19:41 UTC] [Chilexpress][obtener_regiones] El archivo local de regiones es reciente, no es necesario actualizar
[20-Aug-2026 18:19:42 UTC] [Chilexpress][obtener_regiones] Archivo de regiones existe: C:\Users\HP\Desktop\wirdscrepss\wordpress\wp-content\plugins\chilexpress-oficial/includes/data/regiones/regiones.json
[20-Aug-2026 18:19:42 UTC] [Chilexpress][obtener_regiones] Datos decodificados con exito, fecha del archivo: 2026-08-20 17:53:39
[20-Aug-2026 18:19:42 UTC] [Chilexpress][obtener_regiones] El archivo local de regiones es reciente, no es necesario actualizar
[20-Aug-2026 18:19:42 UTC] [Chilexpress][obtener_regiones] Archivo de regiones existe: C:\Users\HP\Desktop\wirdscrepss\wordpress\wp-content\plugins\chilexpress-oficial/includes/data/regiones/regiones.json
[20-Aug-2026 18:19:42 UTC] [Chilexpress][obtener_regiones] Datos decodificados con exito, fecha del archivo: 2026-08-20 17:53:39
[20-Aug-2026 18:19:42 UTC] [Chilexpress][obtener_regiones] El archivo local de regiones es reciente, no es necesario actualizar
[20-Aug-2026 18:19:43 UTC] [Chilexpress][obtener_regiones] Archivo de regiones existe: C:\Users\HP\Desktop\wirdscrepss\wordpress\wp-content\plugins\chilexpress-oficial/includes/data/regiones/regiones.json
[20-Aug-2026 18:19:43 UTC] [Chilexpress][obtener_regiones] Datos decodificados con exito, fecha del archivo: 2026-08-20 17:53:39
[20-Aug-2026 18:19:43 UTC] [Chilexpress][obtener_regiones] El archivo local de regiones es reciente, no es necesario actualizar
[20-Aug-2026 18:20:03 UTC] [Chilexpress][obtener_regiones] Archivo de regiones existe: C:\Users\HP\Desktop\wirdscrepss\wordpress\wp-content\plugins\chilexpress-oficial/includes/data/regiones/regiones.json
[20-Aug-2026 18:20:03 UTC] [Chilexpress][obtener_regiones] Datos decodificados con exito, fecha del archivo: 2026-08-20 17:53:39
[20-Aug-2026 18:20:03 UTC] [Chilexpress][obtener_regiones] El archivo local de regiones es reciente, no es necesario actualizar
[20-Aug-2026 18:20:04 UTC] WordPress database error <div style="clear:both">&nbsp;</div>
<div class="queries" style="clear:both;margin-bottom:2px;border:red dotted thin;">
<p>MySQL query:</p>
<p>SELECT MIN(date_created_gmt) as min_date_gmt, MAX(date_created_gmt) as max_date_gmt
				 FROM (
					( SELECT date_created_gmt FROM `wp_wc_orders` WHERE type = 'shop_order' AND status != 'trash' ORDER BY date_created_gmt DESC LIMIT 1 )
					UNION ALL
					( SELECT date_created_gmt FROM `wp_wc_orders` WHERE type = 'shop_order' AND status != 'trash' ORDER BY date_created_gmt ASC LIMIT 1 )
				 ) d</p>
<p>Queries made or created this session were:</p>
<ol>
<li>Executing: SELECT MIN ( `date_created_gmt` ) as `min_date_gmt` , MAX ( `date_created_gmt` ) as `max_date_gmt` FROM ( ( SELECT `date_created_gmt` FROM `wp_wc_orders` WHERE `type` = &#039;shop_order&#039; AND `status` != &#039;trash&#039; ORDER BY `date_created_gmt` DESC LIMIT 1 ) UNION ALL ( SELECT `date_created_gmt` FROM `wp_wc_orders` WHERE `type` = &#039;shop_order&#039; AND `status` != &#039;trash&#039; ORDER BY `date_created_gmt` ASC LIMIT 1 ) ) `d` | (no parameters)</li>
</ol>
</div>
<div style="clear:both;margin-bottom:2px;border:red dotted thin;" class="error_message" style="border-bottom:dotted blue thin;">
SQLSTATE[HY000]: General error: 1 near "UNION": syntax error
</div>
<p>Backtrace:</p>
<pre>#0 C:\Users\HP\Desktop\wirdscrepss\wordpress\wp-content\plugins\sqlite-database-integration\wp-includes\database\sqlite\class-wp-mysql-on-sqlite.php(7863): WP_MySQL_On_SQLite->new_driver_exception('SQLSTATE[HY000]...', 'HY000', Object(PDOException))
#1 C:\Users\HP\Desktop\wirdscrepss\wordpress\wp-content\plugins\sqlite-database-integration\wp-includes\database\sqlite\class-wp-mysql-on-sqlite.php(1197): WP_MySQL_On_SQLite->convert_sqlite_exception(Object(PDOException))
#2 C:\Users\HP\Desktop\wirdscrepss\wordpress\wp-content\plugins\sqlite-database-integration\wp-includes\sqlite\class-wp-sqlite-db.php(676): WP_MySQL_On_SQLite->query('SELECT MIN(date...', 5)
#3 C:\Users\HP\Desktop\wirdscrepss\wordpress\wp-content\plugins\sqlite-database-integration\wp-includes\sqlite\class-wp-sqlite-db.php(596): WP_SQLite_DB->_do_query('SELECT MIN(date...')
#4 C:\Users\HP\Desktop\wirdscrepss\wordpress\wp-includes\class-wpdb.php(3069): WP_SQLite_DB->query('SELECT MIN(date...')
#5 C:\Users\HP\Desktop\wirdscrepss\wordpress\wp-content\plugins\woocommerce\src\Internal\Admin\Orders\ListTable.php(880): wpdb->get_row('SELECT MIN(date...')
#6 C:\Users\HP\Desktop\wirdscrepss\wordpress\wp-content\plugins\woocommerce\src\Internal\Admin\Orders\ListTable.php(846): Automattic\WooCommerce\Internal\Admin\Orders\ListTable->get_months_filter_options()
#7 C:\Users\HP\Desktop\wirdscrepss\wordpress\wp-content\plugins\woocommerce\src\Internal\Admin\Orders\ListTable.php(785): Automattic\WooCommerce\Internal\Admin\Orders\ListTable->months_filter()
#8 C:\Users\HP\Desktop\wirdscrepss\wordpress\wp-admin\includes\class-wp-list-table.php(1681): Automattic\WooCommerce\Internal\Admin\Orders\ListTable->extra_tablenav('top')
#9 C:\Users\HP\Desktop\wirdscrepss\wordpress\wp-admin\includes\class-wp-list-table.php(1611): WP_List_Table->display_tablenav('top')
#10 C:\Users\HP\Desktop\wirdscrepss\wordpress\wp-content\plugins\woocommerce\src\Internal\Admin\Orders\ListTable.php(284): WP_List_Table->display()
#11 C:\Users\HP\Desktop\wirdscrepss\wordpress\wp-content\plugins\woocommerce\src\Internal\Admin\Orders\PageController.php(300): Automattic\WooCommerce\Internal\Admin\Orders\ListTable->display()
#12 C:\Users\HP\Desktop\wirdscrepss\wordpress\wp-includes\class-wp-hook.php(341): Automattic\WooCommerce\Internal\Admin\Orders\PageController->output('')
#13 C:\Users\HP\Desktop\wirdscrepss\wordpress\wp-includes\class-wp-hook.php(365): WP_Hook->apply_filters('', Array)
#14 C:\Users\HP\Desktop\wirdscrepss\wordpress\wp-includes\plugin.php(522): WP_Hook->do_action(Array)
#15 C:\Users\HP\Desktop\wirdscrepss\wordpress\wp-admin\admin.php(264): do_action('woocommerce_pag...')
#16 {main}</pre>
 for query SELECT MIN(date_created_gmt) as min_date_gmt, MAX(date_created_gmt) as max_date_gmt
				 FROM (
					( SELECT date_created_gmt FROM `wp_wc_orders` WHERE type = 'shop_order' AND status != 'trash' ORDER BY date_created_gmt DESC LIMIT 1 )
					UNION ALL
					( SELECT date_created_gmt FROM `wp_wc_orders` WHERE type = 'shop_order' AND status != 'trash' ORDER BY date_created_gmt ASC LIMIT 1 )
				 ) d made by do_action('woocommerce_page_wc-orders'), WP_Hook->do_action, WP_Hook->apply_filters, Automattic\WooCommerce\Internal\Admin\Orders\PageController->output, Automattic\WooCommerce\Internal\Admin\Orders\ListTable->display, WP_List_Table->display, WP_List_Table->display_tablenav, Automattic\WooCommerce\Internal\Admin\Orders\ListTable->extra_tablenav, Automattic\WooCommerce\Internal\Admin\Orders\ListTable->months_filter, Automattic\WooCommerce\Internal\Admin\Orders\ListTable->get_months_filter_options, WP_SQLite_DB->query, WP_SQLite_DB->print_error
[20-Aug-2026 18:23:07 UTC] [Chilexpress][obtener_regiones] Archivo de regiones existe: C:\Users\HP\Desktop\wirdscrepss\wordpress\wp-content\plugins\chilexpress-oficial/includes/data/regiones/regiones.json
[20-Aug-2026 18:23:07 UTC] [Chilexpress][obtener_regiones] Datos decodificados con exito, fecha del archivo: 2026-08-20 17:53:39
[20-Aug-2026 18:23:07 UTC] [Chilexpress][obtener_regiones] El archivo local de regiones es reciente, no es necesario actualizar
[20-Aug-2026 18:23:10 UTC] [Chilexpress][obtener_comunas] para la region: RM
[20-Aug-2026 18:23:10 UTC] [Chilexpress][obtener_comunas] Busco comunas en el archivo local: C:\Users\HP\Desktop\wirdscrepss\wordpress\wp-content\plugins\chilexpress-oficial/includes/data/comunas/RM.json
[20-Aug-2026 18:23:10 UTC] [Chilexpress][obtener_comunas] El archivo local existe !
[20-Aug-2026 18:23:10 UTC] [Chilexpress][obtener_comunas] Datos decodificados con exito, fecha del archivo: 2026-08-20 17:53:27
[20-Aug-2026 18:23:10 UTC] [Chilexpress][obtener_comunas] El archivo local es reciente, no es necesario actualizar
[20-Aug-2026 18:23:10 UTC] [Chilexpress][obtener_comunas] para la region: RM
[20-Aug-2026 18:23:10 UTC] [Chilexpress][obtener_comunas] Busco comunas en el archivo local: C:\Users\HP\Desktop\wirdscrepss\wordpress\wp-content\plugins\chilexpress-oficial/includes/data/comunas/RM.json
[20-Aug-2026 18:23:10 UTC] [Chilexpress][obtener_comunas] El archivo local existe !
[20-Aug-2026 18:23:10 UTC] [Chilexpress][obtener_comunas] Datos decodificados con exito, fecha del archivo: 2026-08-20 17:53:27
[20-Aug-2026 18:23:10 UTC] [Chilexpress][obtener_comunas] El archivo local es reciente, no es necesario actualizar
[20-Aug-2026 18:23:11 UTC] [Chilexpress][obtener_regiones] Archivo de regiones existe: C:\Users\HP\Desktop\wirdscrepss\wordpress\wp-content\plugins\chilexpress-oficial/includes/data/regiones/regiones.json
[20-Aug-2026 18:23:11 UTC] [Chilexpress][obtener_regiones] Datos decodificados con exito, fecha del archivo: 2026-08-20 17:53:39
[20-Aug-2026 18:23:11 UTC] [Chilexpress][obtener_regiones] El archivo local de regiones es reciente, no es necesario actualizar
[20-Aug-2026 18:23:13 UTC] [Chilexpress][obtener_comunas] para la region: RM
[20-Aug-2026 18:23:13 UTC] [Chilexpress][obtener_comunas] Busco comunas en el archivo local: C:\Users\HP\Desktop\wirdscrepss\wordpress\wp-content\plugins\chilexpress-oficial/includes/data/comunas/RM.json
[20-Aug-2026 18:23:13 UTC] [Chilexpress][obtener_comunas] El archivo local existe !
[20-Aug-2026 18:23:13 UTC] [Chilexpress][obtener_comunas] Datos decodificados con exito, fecha del archivo: 2026-08-20 17:53:27
[20-Aug-2026 18:23:13 UTC] [Chilexpress][obtener_comunas] El archivo local es reciente, no es necesario actualizar
[20-Aug-2026 18:23:13 UTC] [Chilexpress][obtener_comunas] para la region: RM
[20-Aug-2026 18:23:13 UTC] [Chilexpress][obtener_comunas] Busco comunas en el archivo local: C:\Users\HP\Desktop\wirdscrepss\wordpress\wp-content\plugins\chilexpress-oficial/includes/data/comunas/RM.json
[20-Aug-2026 18:23:13 UTC] [Chilexpress][obtener_comunas] El archivo local existe !
[20-Aug-2026 18:23:13 UTC] [Chilexpress][obtener_comunas] Datos decodificados con exito, fecha del archivo: 2026-08-20 17:53:27
[20-Aug-2026 18:23:13 UTC] [Chilexpress][obtener_comunas] El archivo local es reciente, no es necesario actualizar
[20-Aug-2026 18:23:20 UTC] [Chilexpress][obtener_regiones] Archivo de regiones existe: C:\Users\HP\Desktop\wirdscrepss\wordpress\wp-content\plugins\chilexpress-oficial/includes/data/regiones/regiones.json
[20-Aug-2026 18:23:20 UTC] [Chilexpress][obtener_regiones] Datos decodificados con exito, fecha del archivo: 2026-08-20 17:53:39
[20-Aug-2026 18:23:20 UTC] [Chilexpress][obtener_regiones] El archivo local de regiones es reciente, no es necesario actualizar
[20-Aug-2026 18:23:20 UTC] WordPress database error <div style="clear:both">&nbsp;</div>
<div class="queries" style="clear:both;margin-bottom:2px;border:red dotted thin;">
<p>MySQL query:</p>
<p>SELECT MIN(date_created_gmt) as min_date_gmt, MAX(date_created_gmt) as max_date_gmt
				 FROM (
					( SELECT date_created_gmt FROM `wp_wc_orders` WHERE type = 'shop_order' AND status != 'trash' ORDER BY date_created_gmt DESC LIMIT 1 )
					UNION ALL
					( SELECT date_created_gmt FROM `wp_wc_orders` WHERE type = 'shop_order' AND status != 'trash' ORDER BY date_created_gmt ASC LIMIT 1 )
				 ) d</p>
<p>Queries made or created this session were:</p>
<ol>
<li>Executing: SELECT MIN ( `date_created_gmt` ) as `min_date_gmt` , MAX ( `date_created_gmt` ) as `max_date_gmt` FROM ( ( SELECT `date_created_gmt` FROM `wp_wc_orders` WHERE `type` = &#039;shop_order&#039; AND `status` != &#039;trash&#039; ORDER BY `date_created_gmt` DESC LIMIT 1 ) UNION ALL ( SELECT `date_created_gmt` FROM `wp_wc_orders` WHERE `type` = &#039;shop_order&#039; AND `status` != &#039;trash&#039; ORDER BY `date_created_gmt` ASC LIMIT 1 ) ) `d` | (no parameters)</li>
</ol>
</div>
<div style="clear:both;margin-bottom:2px;border:red dotted thin;" class="error_message" style="border-bottom:dotted blue thin;">
SQLSTATE[HY000]: General error: 1 near "UNION": syntax error
</div>
<p>Backtrace:</p>
<pre>#0 C:\Users\HP\Desktop\wirdscrepss\wordpress\wp-content\plugins\sqlite-database-integration\wp-includes\database\sqlite\class-wp-mysql-on-sqlite.php(7863): WP_MySQL_On_SQLite->new_driver_exception('SQLSTATE[HY000]...', 'HY000', Object(PDOException))
#1 C:\Users\HP\Desktop\wirdscrepss\wordpress\wp-content\plugins\sqlite-database-integration\wp-includes\database\sqlite\class-wp-mysql-on-sqlite.php(1197): WP_MySQL_On_SQLite->convert_sqlite_exception(Object(PDOException))
#2 C:\Users\HP\Desktop\wirdscrepss\wordpress\wp-content\plugins\sqlite-database-integration\wp-includes\sqlite\class-wp-sqlite-db.php(676): WP_MySQL_On_SQLite->query('SELECT MIN(date...', 5)
#3 C:\Users\HP\Desktop\wirdscrepss\wordpress\wp-content\plugins\sqlite-database-integration\wp-includes\sqlite\class-wp-sqlite-db.php(596): WP_SQLite_DB->_do_query('SELECT MIN(date...')
#4 C:\Users\HP\Desktop\wirdscrepss\wordpress\wp-includes\class-wpdb.php(3069): WP_SQLite_DB->query('SELECT MIN(date...')
#5 C:\Users\HP\Desktop\wirdscrepss\wordpress\wp-content\plugins\woocommerce\src\Internal\Admin\Orders\ListTable.php(880): wpdb->get_row('SELECT MIN(date...')
#6 C:\Users\HP\Desktop\wirdscrepss\wordpress\wp-content\plugins\woocommerce\src\Internal\Admin\Orders\ListTable.php(846): Automattic\WooCommerce\Internal\Admin\Orders\ListTable->get_months_filter_options()
#7 C:\Users\HP\Desktop\wirdscrepss\wordpress\wp-content\plugins\woocommerce\src\Internal\Admin\Orders\ListTable.php(785): Automattic\WooCommerce\Internal\Admin\Orders\ListTable->months_filter()
#8 C:\Users\HP\Desktop\wirdscrepss\wordpress\wp-admin\includes\class-wp-list-table.php(1681): Automattic\WooCommerce\Internal\Admin\Orders\ListTable->extra_tablenav('top')
#9 C:\Users\HP\Desktop\wirdscrepss\wordpress\wp-admin\includes\class-wp-list-table.php(1611): WP_List_Table->display_tablenav('top')
#10 C:\Users\HP\Desktop\wirdscrepss\wordpress\wp-content\plugins\woocommerce\src\Internal\Admin\Orders\ListTable.php(284): WP_List_Table->display()
#11 C:\Users\HP\Desktop\wirdscrepss\wordpress\wp-content\plugins\woocommerce\src\Internal\Admin\Orders\PageController.php(300): Automattic\WooCommerce\Internal\Admin\Orders\ListTable->display()
#12 C:\Users\HP\Desktop\wirdscrepss\wordpress\wp-includes\class-wp-hook.php(341): Automattic\WooCommerce\Internal\Admin\Orders\PageController->output('')
#13 C:\Users\HP\Desktop\wirdscrepss\wordpress\wp-includes\class-wp-hook.php(365): WP_Hook->apply_filters('', Array)
#14 C:\Users\HP\Desktop\wirdscrepss\wordpress\wp-includes\plugin.php(522): WP_Hook->do_action(Array)
#15 C:\Users\HP\Desktop\wirdscrepss\wordpress\wp-admin\admin.php(264): do_action('woocommerce_pag...')
#16 {main}</pre>
 for query SELECT MIN(date_created_gmt) as min_date_gmt, MAX(date_created_gmt) as max_date_gmt
				 FROM (
					( SELECT date_created_gmt FROM `wp_wc_orders` WHERE type = 'shop_order' AND status != 'trash' ORDER BY date_created_gmt DESC LIMIT 1 )
					UNION ALL
					( SELECT date_created_gmt FROM `wp_wc_orders` WHERE type = 'shop_order' AND status != 'trash' ORDER BY date_created_gmt ASC LIMIT 1 )
				 ) d made by do_action('woocommerce_page_wc-orders'), WP_Hook->do_action, WP_Hook->apply_filters, Automattic\WooCommerce\Internal\Admin\Orders\PageController->output, Automattic\WooCommerce\Internal\Admin\Orders\ListTable->display, WP_List_Table->display, WP_List_Table->display_tablenav, Automattic\WooCommerce\Internal\Admin\Orders\ListTable->extra_tablenav, Automattic\WooCommerce\Internal\Admin\Orders\ListTable->months_filter, Automattic\WooCommerce\Internal\Admin\Orders\ListTable->get_months_filter_options, WP_SQLite_DB->query, WP_SQLite_DB->print_error
[20-Aug-2026 18:23:40 UTC] [Chilexpress][obtener_regiones] Archivo de regiones existe: C:\Users\HP\Desktop\wirdscrepss\wordpress\wp-content\plugins\chilexpress-oficial/includes/data/regiones/regiones.json
[20-Aug-2026 18:23:40 UTC] [Chilexpress][obtener_regiones] Datos decodificados con exito, fecha del archivo: 2026-08-20 17:53:39
[20-Aug-2026 18:23:40 UTC] [Chilexpress][obtener_regiones] El archivo local de regiones es reciente, no es necesario actualizar
[20-Aug-2026 18:23:46 UTC] [Chilexpress][obtener_regiones] Archivo de regiones existe: C:\Users\HP\Desktop\wirdscrepss\wordpress\wp-content\plugins\chilexpress-oficial/includes/data/regiones/regiones.json
[20-Aug-2026 18:23:46 UTC] [Chilexpress][obtener_regiones] Datos decodificados con exito, fecha del archivo: 2026-08-20 17:53:39
[20-Aug-2026 18:23:46 UTC] [Chilexpress][obtener_regiones] El archivo local de regiones es reciente, no es necesario actualizar
[20-Aug-2026 18:23:47 UTC] [Chilexpress][obtener_regiones] Archivo de regiones existe: C:\Users\HP\Desktop\wirdscrepss\wordpress\wp-content\plugins\chilexpress-oficial/includes/data/regiones/regiones.json
[20-Aug-2026 18:23:47 UTC] [Chilexpress][obtener_regiones] Datos decodificados con exito, fecha del archivo: 2026-08-20 17:53:39
[20-Aug-2026 18:23:47 UTC] [Chilexpress][obtener_regiones] El archivo local de regiones es reciente, no es necesario actualizar
[20-Aug-2026 18:23:48 UTC] [Chilexpress][obtener_comunas] para la region: RM
[20-Aug-2026 18:23:48 UTC] [Chilexpress][obtener_comunas] Busco comunas en el archivo local: C:\Users\HP\Desktop\wirdscrepss\wordpress\wp-content\plugins\chilexpress-oficial/includes/data/comunas/RM.json
[20-Aug-2026 18:23:48 UTC] [Chilexpress][obtener_comunas] El archivo local existe !
[20-Aug-2026 18:23:48 UTC] [Chilexpress][obtener_comunas] Datos decodificados con exito, fecha del archivo: 2026-08-20 17:53:27
[20-Aug-2026 18:23:48 UTC] [Chilexpress][obtener_comunas] El archivo local es reciente, no es necesario actualizar
[20-Aug-2026 18:23:49 UTC] [Chilexpress][obtener_comunas] para la region: RM
[20-Aug-2026 18:23:49 UTC] [Chilexpress][obtener_comunas] Busco comunas en el archivo local: C:\Users\HP\Desktop\wirdscrepss\wordpress\wp-content\plugins\chilexpress-oficial/includes/data/comunas/RM.json
[20-Aug-2026 18:23:49 UTC] [Chilexpress][obtener_comunas] El archivo local existe !
[20-Aug-2026 18:23:49 UTC] [Chilexpress][obtener_comunas] Datos decodificados con exito, fecha del archivo: 2026-08-20 17:53:27
[20-Aug-2026 18:23:49 UTC] [Chilexpress][obtener_comunas] El archivo local es reciente, no es necesario actualizar
[20-Aug-2026 18:23:51 UTC] [Chilexpress][obtener_regiones] Archivo de regiones existe: C:\Users\HP\Desktop\wirdscrepss\wordpress\wp-content\plugins\chilexpress-oficial/includes/data/regiones/regiones.json
[20-Aug-2026 18:23:51 UTC] [Chilexpress][obtener_regiones] Datos decodificados con exito, fecha del archivo: 2026-08-20 17:53:39
[20-Aug-2026 18:23:51 UTC] [Chilexpress][obtener_regiones] El archivo local de regiones es reciente, no es necesario actualizar
[20-Aug-2026 18:23:52 UTC] [Chilexpress][obtener_comunas] para la region: RM
[20-Aug-2026 18:23:52 UTC] [Chilexpress][obtener_comunas] Busco comunas en el archivo local: C:\Users\HP\Desktop\wirdscrepss\wordpress\wp-content\plugins\chilexpress-oficial/includes/data/comunas/RM.json
[20-Aug-2026 18:23:52 UTC] [Chilexpress][obtener_comunas] El archivo local existe !
[20-Aug-2026 18:23:52 UTC] [Chilexpress][obtener_comunas] Datos decodificados con exito, fecha del archivo: 2026-08-20 17:53:27
[20-Aug-2026 18:23:52 UTC] [Chilexpress][obtener_comunas] El archivo local es reciente, no es necesario actualizar
[20-Aug-2026 18:23:54 UTC] [Chilexpress][obtener_comunas] para la region: RM
[20-Aug-2026 18:23:54 UTC] [Chilexpress][obtener_comunas] Busco comunas en el archivo local: C:\Users\HP\Desktop\wirdscrepss\wordpress\wp-content\plugins\chilexpress-oficial/includes/data/comunas/RM.json
[20-Aug-2026 18:23:54 UTC] [Chilexpress][obtener_comunas] El archivo local existe !
[20-Aug-2026 18:23:54 UTC] [Chilexpress][obtener_comunas] Datos decodificados con exito, fecha del archivo: 2026-08-20 17:53:27
[20-Aug-2026 18:23:54 UTC] [Chilexpress][obtener_comunas] El archivo local es reciente, no es necesario actualizar
[20-Aug-2026 18:23:55 UTC] [Chilexpress][obtener_regiones] Archivo de regiones existe: C:\Users\HP\Desktop\wirdscrepss\wordpress\wp-content\plugins\chilexpress-oficial/includes/data/regiones/regiones.json
[20-Aug-2026 18:23:55 UTC] [Chilexpress][obtener_regiones] Datos decodificados con exito, fecha del archivo: 2026-08-20 17:53:39
[20-Aug-2026 18:23:55 UTC] [Chilexpress][obtener_regiones] El archivo local de regiones es reciente, no es necesario actualizar
[20-Aug-2026 18:23:57 UTC] [Chilexpress][obtener_regiones] Archivo de regiones existe: C:\Users\HP\Desktop\wirdscrepss\wordpress\wp-content\plugins\chilexpress-oficial/includes/data/regiones/regiones.json
[20-Aug-2026 18:23:57 UTC] [Chilexpress][obtener_regiones] Datos decodificados con exito, fecha del archivo: 2026-08-20 17:53:39
[20-Aug-2026 18:23:57 UTC] [Chilexpress][obtener_regiones] El archivo local de regiones es reciente, no es necesario actualizar
[20-Aug-2026 18:24:08 UTC] [Chilexpress][obtener_regiones] Archivo de regiones existe: C:\Users\HP\Desktop\wirdscrepss\wordpress\wp-content\plugins\chilexpress-oficial/includes/data/regiones/regiones.json
[20-Aug-2026 18:24:08 UTC] [Chilexpress][obtener_regiones] Datos decodificados con exito, fecha del archivo: 2026-08-20 17:53:39
[20-Aug-2026 18:24:08 UTC] [Chilexpress][obtener_regiones] El archivo local de regiones es reciente, no es necesario actualizar
[20-Aug-2026 18:24:15 UTC] [Chilexpress][obtener_regiones] Archivo de regiones existe: C:\Users\HP\Desktop\wirdscrepss\wordpress\wp-content\plugins\chilexpress-oficial/includes/data/regiones/regiones.json
[20-Aug-2026 18:24:15 UTC] [Chilexpress][obtener_regiones] Datos decodificados con exito, fecha del archivo: 2026-08-20 17:53:39
[20-Aug-2026 18:24:15 UTC] [Chilexpress][obtener_regiones] El archivo local de regiones es reciente, no es necesario actualizar
[20-Aug-2026 18:24:18 UTC] [Chilexpress][obtener_regiones] Archivo de regiones existe: C:\Users\HP\Desktop\wirdscrepss\wordpress\wp-content\plugins\chilexpress-oficial/includes/data/regiones/regiones.json
[20-Aug-2026 18:24:18 UTC] [Chilexpress][obtener_regiones] Datos decodificados con exito, fecha del archivo: 2026-08-20 17:53:39
[20-Aug-2026 18:24:18 UTC] [Chilexpress][obtener_regiones] El archivo local de regiones es reciente, no es necesario actualizar
[20-Aug-2026 18:24:26 UTC] [Chilexpress][obtener_regiones] Archivo de regiones existe: C:\Users\HP\Desktop\wirdscrepss\wordpress\wp-content\plugins\chilexpress-oficial/includes/data/regiones/regiones.json
[20-Aug-2026 18:24:26 UTC] [Chilexpress][obtener_regiones] Datos decodificados con exito, fecha del archivo: 2026-08-20 17:53:39
[20-Aug-2026 18:24:26 UTC] [Chilexpress][obtener_regiones] El archivo local de regiones es reciente, no es necesario actualizar
[20-Aug-2026 18:24:27 UTC] [Chilexpress][obtener_comunas] para la region: RM
[20-Aug-2026 18:24:27 UTC] [Chilexpress][obtener_comunas] Busco comunas en el archivo local: C:\Users\HP\Desktop\wirdscrepss\wordpress\wp-content\plugins\chilexpress-oficial/includes/data/comunas/RM.json
[20-Aug-2026 18:24:27 UTC] [Chilexpress][obtener_comunas] El archivo local existe !
[20-Aug-2026 18:24:27 UTC] [Chilexpress][obtener_comunas] Datos decodificados con exito, fecha del archivo: 2026-08-20 17:53:27
[20-Aug-2026 18:24:27 UTC] [Chilexpress][obtener_comunas] El archivo local es reciente, no es necesario actualizar
[20-Aug-2026 18:24:31 UTC] [Chilexpress][obtener_comunas] para la region: RM
[20-Aug-2026 18:24:31 UTC] [Chilexpress][obtener_comunas] Busco comunas en el archivo local: C:\Users\HP\Desktop\wirdscrepss\wordpress\wp-content\plugins\chilexpress-oficial/includes/data/comunas/RM.json
[20-Aug-2026 18:24:31 UTC] [Chilexpress][obtener_comunas] El archivo local existe !
[20-Aug-2026 18:24:31 UTC] [Chilexpress][obtener_comunas] Datos decodificados con exito, fecha del archivo: 2026-08-20 17:53:27
[20-Aug-2026 18:24:31 UTC] [Chilexpress][obtener_comunas] El archivo local es reciente, no es necesario actualizar
[20-Aug-2026 18:24:39 UTC] [Chilexpress][obtener_regiones] Archivo de regiones existe: C:\Users\HP\Desktop\wirdscrepss\wordpress\wp-content\plugins\chilexpress-oficial/includes/data/regiones/regiones.json
[20-Aug-2026 18:24:39 UTC] [Chilexpress][obtener_regiones] Datos decodificados con exito, fecha del archivo: 2026-08-20 17:53:39
[20-Aug-2026 18:24:39 UTC] [Chilexpress][obtener_regiones] El archivo local de regiones es reciente, no es necesario actualizar
[20-Aug-2026 18:24:39 UTC] WordPress database error <div style="clear:both">&nbsp;</div>
<div class="queries" style="clear:both;margin-bottom:2px;border:red dotted thin;">
<p>MySQL query:</p>
<p>SELECT MIN(date_created_gmt) as min_date_gmt, MAX(date_created_gmt) as max_date_gmt
				 FROM (
					( SELECT date_created_gmt FROM `wp_wc_orders` WHERE type = 'shop_order' AND status != 'trash' ORDER BY date_created_gmt DESC LIMIT 1 )
					UNION ALL
					( SELECT date_created_gmt FROM `wp_wc_orders` WHERE type = 'shop_order' AND status != 'trash' ORDER BY date_created_gmt ASC LIMIT 1 )
				 ) d</p>
<p>Queries made or created this session were:</p>
<ol>
<li>Executing: SELECT MIN ( `date_created_gmt` ) as `min_date_gmt` , MAX ( `date_created_gmt` ) as `max_date_gmt` FROM ( ( SELECT `date_created_gmt` FROM `wp_wc_orders` WHERE `type` = &#039;shop_order&#039; AND `status` != &#039;trash&#039; ORDER BY `date_created_gmt` DESC LIMIT 1 ) UNION ALL ( SELECT `date_created_gmt` FROM `wp_wc_orders` WHERE `type` = &#039;shop_order&#039; AND `status` != &#039;trash&#039; ORDER BY `date_created_gmt` ASC LIMIT 1 ) ) `d` | (no parameters)</li>
</ol>
</div>
<div style="clear:both;margin-bottom:2px;border:red dotted thin;" class="error_message" style="border-bottom:dotted blue thin;">
SQLSTATE[HY000]: General error: 1 near "UNION": syntax error
</div>
<p>Backtrace:</p>
<pre>#0 C:\Users\HP\Desktop\wirdscrepss\wordpress\wp-content\plugins\sqlite-database-integration\wp-includes\database\sqlite\class-wp-mysql-on-sqlite.php(7863): WP_MySQL_On_SQLite->new_driver_exception('SQLSTATE[HY000]...', 'HY000', Object(PDOException))
#1 C:\Users\HP\Desktop\wirdscrepss\wordpress\wp-content\plugins\sqlite-database-integration\wp-includes\database\sqlite\class-wp-mysql-on-sqlite.php(1197): WP_MySQL_On_SQLite->convert_sqlite_exception(Object(PDOException))
#2 C:\Users\HP\Desktop\wirdscrepss\wordpress\wp-content\plugins\sqlite-database-integration\wp-includes\sqlite\class-wp-sqlite-db.php(676): WP_MySQL_On_SQLite->query('SELECT MIN(date...', 5)
#3 C:\Users\HP\Desktop\wirdscrepss\wordpress\wp-content\plugins\sqlite-database-integration\wp-includes\sqlite\class-wp-sqlite-db.php(596): WP_SQLite_DB->_do_query('SELECT MIN(date...')
#4 C:\Users\HP\Desktop\wirdscrepss\wordpress\wp-includes\class-wpdb.php(3069): WP_SQLite_DB->query('SELECT MIN(date...')
#5 C:\Users\HP\Desktop\wirdscrepss\wordpress\wp-content\plugins\woocommerce\src\Internal\Admin\Orders\ListTable.php(880): wpdb->get_row('SELECT MIN(date...')
#6 C:\Users\HP\Desktop\wirdscrepss\wordpress\wp-content\plugins\woocommerce\src\Internal\Admin\Orders\ListTable.php(846): Automattic\WooCommerce\Internal\Admin\Orders\ListTable->get_months_filter_options()
#7 C:\Users\HP\Desktop\wirdscrepss\wordpress\wp-content\plugins\woocommerce\src\Internal\Admin\Orders\ListTable.php(785): Automattic\WooCommerce\Internal\Admin\Orders\ListTable->months_filter()
#8 C:\Users\HP\Desktop\wirdscrepss\wordpress\wp-admin\includes\class-wp-list-table.php(1681): Automattic\WooCommerce\Internal\Admin\Orders\ListTable->extra_tablenav('top')
#9 C:\Users\HP\Desktop\wirdscrepss\wordpress\wp-admin\includes\class-wp-list-table.php(1611): WP_List_Table->display_tablenav('top')
#10 C:\Users\HP\Desktop\wirdscrepss\wordpress\wp-content\plugins\woocommerce\src\Internal\Admin\Orders\ListTable.php(284): WP_List_Table->display()
#11 C:\Users\HP\Desktop\wirdscrepss\wordpress\wp-content\plugins\woocommerce\src\Internal\Admin\Orders\PageController.php(300): Automattic\WooCommerce\Internal\Admin\Orders\ListTable->display()
#12 C:\Users\HP\Desktop\wirdscrepss\wordpress\wp-includes\class-wp-hook.php(341): Automattic\WooCommerce\Internal\Admin\Orders\PageController->output('')
#13 C:\Users\HP\Desktop\wirdscrepss\wordpress\wp-includes\class-wp-hook.php(365): WP_Hook->apply_filters('', Array)
#14 C:\Users\HP\Desktop\wirdscrepss\wordpress\wp-includes\plugin.php(522): WP_Hook->do_action(Array)
#15 C:\Users\HP\Desktop\wirdscrepss\wordpress\wp-admin\admin.php(264): do_action('woocommerce_pag...')
#16 {main}</pre>
 for query SELECT MIN(date_created_gmt) as min_date_gmt, MAX(date_created_gmt) as max_date_gmt
				 FROM (
					( SELECT date_created_gmt FROM `wp_wc_orders` WHERE type = 'shop_order' AND status != 'trash' ORDER BY date_created_gmt DESC LIMIT 1 )
					UNION ALL
					( SELECT date_created_gmt FROM `wp_wc_orders` WHERE type = 'shop_order' AND status != 'trash' ORDER BY date_created_gmt ASC LIMIT 1 )
				 ) d made by do_action('woocommerce_page_wc-orders'), WP_Hook->do_action, WP_Hook->apply_filters, Automattic\WooCommerce\Internal\Admin\Orders\PageController->output, Automattic\WooCommerce\Internal\Admin\Orders\ListTable->display, WP_List_Table->display, WP_List_Table->display_tablenav, Automattic\WooCommerce\Internal\Admin\Orders\ListTable->extra_tablenav, Automattic\WooCommerce\Internal\Admin\Orders\ListTable->months_filter, Automattic\WooCommerce\Internal\Admin\Orders\ListTable->get_months_filter_options, WP_SQLite_DB->query, WP_SQLite_DB->print_error
[20-Aug-2026 18:24:58 UTC] [Chilexpress][obtener_regiones] Archivo de regiones existe: C:\Users\HP\Desktop\wirdscrepss\wordpress\wp-content\plugins\chilexpress-oficial/includes/data/regiones/regiones.json
[20-Aug-2026 18:24:58 UTC] [Chilexpress][obtener_regiones] Datos decodificados con exito, fecha del archivo: 2026-08-20 17:53:39
[20-Aug-2026 18:24:58 UTC] [Chilexpress][obtener_regiones] El archivo local de regiones es reciente, no es necesario actualizar
[20-Aug-2026 18:25:06 UTC] [Chilexpress][obtener_regiones] Archivo de regiones existe: C:\Users\HP\Desktop\wirdscrepss\wordpress\wp-content\plugins\chilexpress-oficial/includes/data/regiones/regiones.json
[20-Aug-2026 18:25:06 UTC] [Chilexpress][obtener_regiones] Datos decodificados con exito, fecha del archivo: 2026-08-20 17:53:39
[20-Aug-2026 18:25:06 UTC] [Chilexpress][obtener_regiones] El archivo local de regiones es reciente, no es necesario actualizar
[20-Aug-2026 18:25:06 UTC] [Chilexpress][obtener_regiones] Archivo de regiones existe: C:\Users\HP\Desktop\wirdscrepss\wordpress\wp-content\plugins\chilexpress-oficial/includes/data/regiones/regiones.json
[20-Aug-2026 18:25:06 UTC] [Chilexpress][obtener_regiones] Datos decodificados con exito, fecha del archivo: 2026-08-20 17:53:39
[20-Aug-2026 18:25:06 UTC] [Chilexpress][obtener_regiones] El archivo local de regiones es reciente, no es necesario actualizar
[20-Aug-2026 18:25:09 UTC] [Chilexpress][obtener_comunas] para la region: R14
[20-Aug-2026 18:25:09 UTC] [Chilexpress][obtener_comunas] Busco comunas en el archivo local: C:\Users\HP\Desktop\wirdscrepss\wordpress\wp-content\plugins\chilexpress-oficial/includes/data/comunas/R14.json
[20-Aug-2026 18:25:10 UTC] [Chilexpress][obtener_comunas] Se obtuvieron 54  comunas desde la API 
[20-Aug-2026 18:25:10 UTC] [Chilexpress][obtener_comunas] Archivo de comunas guardado correctamente: C:\Users\HP\Desktop\wirdscrepss\wordpress\wp-content\plugins\chilexpress-oficial/includes/data/comunas/R14.json
[20-Aug-2026 18:25:10 UTC] [Chilexpress][obtener_comunas] para la region: R14
[20-Aug-2026 18:25:10 UTC] [Chilexpress][obtener_comunas] Busco comunas en el archivo local: C:\Users\HP\Desktop\wirdscrepss\wordpress\wp-content\plugins\chilexpress-oficial/includes/data/comunas/R14.json
[20-Aug-2026 18:25:10 UTC] [Chilexpress][obtener_comunas] El archivo local existe !
[20-Aug-2026 18:25:10 UTC] [Chilexpress][obtener_comunas] Datos decodificados con exito, fecha del archivo: 2026-08-20 18:25:10
[20-Aug-2026 18:25:10 UTC] [Chilexpress][obtener_comunas] El archivo local es reciente, no es necesario actualizar
[20-Aug-2026 18:25:17 UTC] [Chilexpress][obtener_regiones] Archivo de regiones existe: C:\Users\HP\Desktop\wirdscrepss\wordpress\wp-content\plugins\chilexpress-oficial/includes/data/regiones/regiones.json
[20-Aug-2026 18:25:17 UTC] [Chilexpress][obtener_regiones] Datos decodificados con exito, fecha del archivo: 2026-08-20 17:53:39
[20-Aug-2026 18:25:17 UTC] [Chilexpress][obtener_regiones] El archivo local de regiones es reciente, no es necesario actualizar
[20-Aug-2026 18:25:17 UTC] WordPress database error <div style="clear:both">&nbsp;</div>
<div class="queries" style="clear:both;margin-bottom:2px;border:red dotted thin;">
<p>MySQL query:</p>
<p>SELECT MIN(date_created_gmt) as min_date_gmt, MAX(date_created_gmt) as max_date_gmt
				 FROM (
					( SELECT date_created_gmt FROM `wp_wc_orders` WHERE type = 'shop_order' AND status != 'trash' ORDER BY date_created_gmt DESC LIMIT 1 )
					UNION ALL
					( SELECT date_created_gmt FROM `wp_wc_orders` WHERE type = 'shop_order' AND status != 'trash' ORDER BY date_created_gmt ASC LIMIT 1 )
				 ) d</p>
<p>Queries made or created this session were:</p>
<ol>
<li>Executing: SELECT MIN ( `date_created_gmt` ) as `min_date_gmt` , MAX ( `date_created_gmt` ) as `max_date_gmt` FROM ( ( SELECT `date_created_gmt` FROM `wp_wc_orders` WHERE `type` = &#039;shop_order&#039; AND `status` != &#039;trash&#039; ORDER BY `date_created_gmt` DESC LIMIT 1 ) UNION ALL ( SELECT `date_created_gmt` FROM `wp_wc_orders` WHERE `type` = &#039;shop_order&#039; AND `status` != &#039;trash&#039; ORDER BY `date_created_gmt` ASC LIMIT 1 ) ) `d` | (no parameters)</li>
</ol>
</div>
<div style="clear:both;margin-bottom:2px;border:red dotted thin;" class="error_message" style="border-bottom:dotted blue thin;">
SQLSTATE[HY000]: General error: 1 near "UNION": syntax error
</div>
<p>Backtrace:</p>
<pre>#0 C:\Users\HP\Desktop\wirdscrepss\wordpress\wp-content\plugins\sqlite-database-integration\wp-includes\database\sqlite\class-wp-mysql-on-sqlite.php(7863): WP_MySQL_On_SQLite->new_driver_exception('SQLSTATE[HY000]...', 'HY000', Object(PDOException))
#1 C:\Users\HP\Desktop\wirdscrepss\wordpress\wp-content\plugins\sqlite-database-integration\wp-includes\database\sqlite\class-wp-mysql-on-sqlite.php(1197): WP_MySQL_On_SQLite->convert_sqlite_exception(Object(PDOException))
#2 C:\Users\HP\Desktop\wirdscrepss\wordpress\wp-content\plugins\sqlite-database-integration\wp-includes\sqlite\class-wp-sqlite-db.php(676): WP_MySQL_On_SQLite->query('SELECT MIN(date...', 5)
#3 C:\Users\HP\Desktop\wirdscrepss\wordpress\wp-content\plugins\sqlite-database-integration\wp-includes\sqlite\class-wp-sqlite-db.php(596): WP_SQLite_DB->_do_query('SELECT MIN(date...')
#4 C:\Users\HP\Desktop\wirdscrepss\wordpress\wp-includes\class-wpdb.php(3069): WP_SQLite_DB->query('SELECT MIN(date...')
#5 C:\Users\HP\Desktop\wirdscrepss\wordpress\wp-content\plugins\woocommerce\src\Internal\Admin\Orders\ListTable.php(880): wpdb->get_row('SELECT MIN(date...')
#6 C:\Users\HP\Desktop\wirdscrepss\wordpress\wp-content\plugins\woocommerce\src\Internal\Admin\Orders\ListTable.php(846): Automattic\WooCommerce\Internal\Admin\Orders\ListTable->get_months_filter_options()
#7 C:\Users\HP\Desktop\wirdscrepss\wordpress\wp-content\plugins\woocommerce\src\Internal\Admin\Orders\ListTable.php(785): Automattic\WooCommerce\Internal\Admin\Orders\ListTable->months_filter()
#8 C:\Users\HP\Desktop\wirdscrepss\wordpress\wp-admin\includes\class-wp-list-table.php(1681): Automattic\WooCommerce\Internal\Admin\Orders\ListTable->extra_tablenav('top')
#9 C:\Users\HP\Desktop\wirdscrepss\wordpress\wp-admin\includes\class-wp-list-table.php(1611): WP_List_Table->display_tablenav('top')
#10 C:\Users\HP\Desktop\wirdscrepss\wordpress\wp-content\plugins\woocommerce\src\Internal\Admin\Orders\ListTable.php(284): WP_List_Table->display()
#11 C:\Users\HP\Desktop\wirdscrepss\wordpress\wp-content\plugins\woocommerce\src\Internal\Admin\Orders\PageController.php(300): Automattic\WooCommerce\Internal\Admin\Orders\ListTable->display()
#12 C:\Users\HP\Desktop\wirdscrepss\wordpress\wp-includes\class-wp-hook.php(341): Automattic\WooCommerce\Internal\Admin\Orders\PageController->output('')
#13 C:\Users\HP\Desktop\wirdscrepss\wordpress\wp-includes\class-wp-hook.php(365): WP_Hook->apply_filters('', Array)
#14 C:\Users\HP\Desktop\wirdscrepss\wordpress\wp-includes\plugin.php(522): WP_Hook->do_action(Array)
#15 C:\Users\HP\Desktop\wirdscrepss\wordpress\wp-admin\admin.php(264): do_action('woocommerce_pag...')
#16 {main}</pre>
 for query SELECT MIN(date_created_gmt) as min_date_gmt, MAX(date_created_gmt) as max_date_gmt
				 FROM (
					( SELECT date_created_gmt FROM `wp_wc_orders` WHERE type = 'shop_order' AND status != 'trash' ORDER BY date_created_gmt DESC LIMIT 1 )
					UNION ALL
					( SELECT date_created_gmt FROM `wp_wc_orders` WHERE type = 'shop_order' AND status != 'trash' ORDER BY date_created_gmt ASC LIMIT 1 )
				 ) d made by do_action('woocommerce_page_wc-orders'), WP_Hook->do_action, WP_Hook->apply_filters, Automattic\WooCommerce\Internal\Admin\Orders\PageController->output, Automattic\WooCommerce\Internal\Admin\Orders\ListTable->display, WP_List_Table->display, WP_List_Table->display_tablenav, Automattic\WooCommerce\Internal\Admin\Orders\ListTable->extra_tablenav, Automattic\WooCommerce\Internal\Admin\Orders\ListTable->months_filter, Automattic\WooCommerce\Internal\Admin\Orders\ListTable->get_months_filter_options, WP_SQLite_DB->query, WP_SQLite_DB->print_error
[20-Aug-2026 18:28:44 UTC] [Chilexpress][obtener_regiones] Archivo de regiones existe: C:\Users\HP\Desktop\wirdscrepss\wordpress\wp-content\plugins\chilexpress-oficial/includes/data/regiones/regiones.json
[20-Aug-2026 18:28:44 UTC] [Chilexpress][obtener_regiones] Datos decodificados con exito, fecha del archivo: 2026-08-20 17:53:39
[20-Aug-2026 18:28:44 UTC] [Chilexpress][obtener_regiones] El archivo local de regiones es reciente, no es necesario actualizar
[20-Aug-2026 18:30:52 UTC] PHP Fatal error:  Uncaught Error: Call to a member function delete() on false in C:\Users\HP\Desktop\wirdscrepss\wordpress\wp-content\plugins\woocommerce\src\Internal\Admin\Orders\ListTable.php:1588
Stack trace:
#0 C:\Users\HP\Desktop\wirdscrepss\wordpress\wp-content\plugins\woocommerce\src\Internal\Admin\Orders\ListTable.php(1469): Automattic\WooCommerce\Internal\Admin\Orders\ListTable->do_delete(Array)
#1 C:\Users\HP\Desktop\wirdscrepss\wordpress\wp-content\plugins\woocommerce\src\Internal\Admin\Orders\PageController.php(319): Automattic\WooCommerce\Internal\Admin\Orders\ListTable->handle_bulk_actions()
#2 C:\Users\HP\Desktop\wirdscrepss\wordpress\wp-content\plugins\woocommerce\src\Internal\Admin\Orders\PageController.php(167): Automattic\WooCommerce\Internal\Admin\Orders\PageController->setup_action_list_orders()
#3 C:\Users\HP\Desktop\wirdscrepss\wordpress\wp-includes\class-wp-hook.php(341): Automattic\WooCommerce\Internal\Admin\Orders\PageController->handle_load_page_action('')
#4 C:\Users\HP\Desktop\wirdscrepss\wordpress\wp-includes\class-wp-hook.php(365): WP_Hook->apply_filters('', Array)
#5 C:\Users\HP\Desktop\wirdscrepss\wordpress\wp-includes\plugin.php(522): WP_Hook->do_action(Array)
#6 C:\Users\HP\Desktop\wirdscrepss\wordpress\wp-admin\admin.php(242): do_action('load-woocommerc...')
#7 {main}
  thrown in C:\Users\HP\Desktop\wirdscrepss\wordpress\wp-content\plugins\woocommerce\src\Internal\Admin\Orders\ListTable.php on line 1588
[20-Aug-2026 18:31:20 UTC] [Chilexpress][obtener_regiones] Archivo de regiones existe: C:\Users\HP\Desktop\wirdscrepss\wordpress\wp-content\plugins\chilexpress-oficial/includes/data/regiones/regiones.json
[20-Aug-2026 18:31:20 UTC] [Chilexpress][obtener_regiones] Datos decodificados con exito, fecha del archivo: 2026-08-20 17:53:39
[20-Aug-2026 18:31:20 UTC] [Chilexpress][obtener_regiones] El archivo local de regiones es reciente, no es necesario actualizar
[20-Aug-2026 18:31:32 UTC] [Chilexpress][obtener_regiones] Archivo de regiones existe: C:\Users\HP\Desktop\wirdscrepss\wordpress\wp-content\plugins\chilexpress-oficial/includes/data/regiones/regiones.json
[20-Aug-2026 18:31:32 UTC] [Chilexpress][obtener_regiones] Datos decodificados con exito, fecha del archivo: 2026-08-20 17:53:39
[20-Aug-2026 18:31:32 UTC] [Chilexpress][obtener_regiones] El archivo local de regiones es reciente, no es necesario actualizar
[20-Aug-2026 18:31:33 UTC] [Chilexpress][obtener_regiones] Archivo de regiones existe: C:\Users\HP\Desktop\wirdscrepss\wordpress\wp-content\plugins\chilexpress-oficial/includes/data/regiones/regiones.json
[20-Aug-2026 18:31:33 UTC] [Chilexpress][obtener_regiones] Datos decodificados con exito, fecha del archivo: 2026-08-20 17:53:39
[20-Aug-2026 18:31:33 UTC] [Chilexpress][obtener_regiones] El archivo local de regiones es reciente, no es necesario actualizar
[20-Aug-2026 18:31:34 UTC] [Chilexpress][obtener_regiones] Archivo de regiones existe: C:\Users\HP\Desktop\wirdscrepss\wordpress\wp-content\plugins\chilexpress-oficial/includes/data/regiones/regiones.json
[20-Aug-2026 18:31:34 UTC] [Chilexpress][obtener_regiones] Datos decodificados con exito, fecha del archivo: 2026-08-20 17:53:39
[20-Aug-2026 18:31:34 UTC] [Chilexpress][obtener_regiones] El archivo local de regiones es reciente, no es necesario actualizar
[20-Aug-2026 18:31:34 UTC] [Chilexpress][obtener_regiones] Archivo de regiones existe: C:\Users\HP\Desktop\wirdscrepss\wordpress\wp-content\plugins\chilexpress-oficial/includes/data/regiones/regiones.json
[20-Aug-2026 18:31:34 UTC] [Chilexpress][obtener_regiones] Datos decodificados con exito, fecha del archivo: 2026-08-20 17:53:39
[20-Aug-2026 18:31:34 UTC] [Chilexpress][obtener_regiones] El archivo local de regiones es reciente, no es necesario actualizar
[20-Aug-2026 18:31:35 UTC] [Chilexpress][obtener_regiones] Archivo de regiones existe: C:\Users\HP\Desktop\wirdscrepss\wordpress\wp-content\plugins\chilexpress-oficial/includes/data/regiones/regiones.json
[20-Aug-2026 18:31:35 UTC] [Chilexpress][obtener_regiones] Datos decodificados con exito, fecha del archivo: 2026-08-20 17:53:39
[20-Aug-2026 18:31:35 UTC] [Chilexpress][obtener_regiones] El archivo local de regiones es reciente, no es necesario actualizar
[20-Aug-2026 18:34:10 UTC] [Chilexpress][obtener_regiones] Archivo de regiones existe: C:\Users\HP\Desktop\wirdscrepss\wordpress\wp-content\plugins\chilexpress-oficial/includes/data/regiones/regiones.json
[20-Aug-2026 18:34:10 UTC] [Chilexpress][obtener_regiones] Datos decodificados con exito, fecha del archivo: 2026-08-20 17:53:39
[20-Aug-2026 18:34:10 UTC] [Chilexpress][obtener_regiones] El archivo local de regiones es reciente, no es necesario actualizar
[20-Aug-2026 18:37:31 UTC] [Chilexpress][obtener_regiones] Archivo de regiones existe: C:\Users\HP\Desktop\wirdscrepss\wordpress\wp-content\plugins\chilexpress-oficial/includes/data/regiones/regiones.json
[20-Aug-2026 18:37:31 UTC] [Chilexpress][obtener_regiones] Datos decodificados con exito, fecha del archivo: 2026-08-20 17:53:39
[20-Aug-2026 18:37:31 UTC] [Chilexpress][obtener_regiones] El archivo local de regiones es reciente, no es necesario actualizar
[20-Aug-2026 18:38:02 UTC] [Chilexpress][obtener_regiones] Archivo de regiones existe: C:\Users\HP\Desktop\wirdscrepss\wordpress\wp-content\plugins\chilexpress-oficial/includes/data/regiones/regiones.json
[20-Aug-2026 18:38:02 UTC] [Chilexpress][obtener_regiones] Datos decodificados con exito, fecha del archivo: 2026-08-20 17:53:39
[20-Aug-2026 18:38:02 UTC] [Chilexpress][obtener_regiones] El archivo local de regiones es reciente, no es necesario actualizar
[20-Aug-2026 18:38:05 UTC] [Chilexpress][obtener_regiones] Archivo de regiones existe: C:\Users\HP\Desktop\wirdscrepss\wordpress\wp-content\plugins\chilexpress-oficial/includes/data/regiones/regiones.json
[20-Aug-2026 18:38:05 UTC] [Chilexpress][obtener_regiones] Datos decodificados con exito, fecha del archivo: 2026-08-20 17:53:39
[20-Aug-2026 18:38:05 UTC] [Chilexpress][obtener_regiones] El archivo local de regiones es reciente, no es necesario actualizar
[20-Aug-2026 18:38:05 UTC] [Chilexpress][obtener_comunas] para la region: RM
[20-Aug-2026 18:38:05 UTC] [Chilexpress][obtener_comunas] Busco comunas en el archivo local: C:\Users\HP\Desktop\wirdscrepss\wordpress\wp-content\plugins\chilexpress-oficial/includes/data/comunas/RM.json
[20-Aug-2026 18:38:05 UTC] [Chilexpress][obtener_comunas] El archivo local existe !
[20-Aug-2026 18:38:05 UTC] [Chilexpress][obtener_comunas] Datos decodificados con exito, fecha del archivo: 2026-08-20 17:53:27
[20-Aug-2026 18:38:05 UTC] [Chilexpress][obtener_comunas] El archivo local es reciente, no es necesario actualizar
[20-Aug-2026 18:38:06 UTC] [Chilexpress][obtener_comunas] para la region: RM
[20-Aug-2026 18:38:06 UTC] [Chilexpress][obtener_comunas] Busco comunas en el archivo local: C:\Users\HP\Desktop\wirdscrepss\wordpress\wp-content\plugins\chilexpress-oficial/includes/data/comunas/RM.json
[20-Aug-2026 18:38:06 UTC] [Chilexpress][obtener_comunas] El archivo local existe !
[20-Aug-2026 18:38:06 UTC] [Chilexpress][obtener_comunas] Datos decodificados con exito, fecha del archivo: 2026-08-20 17:53:27
[20-Aug-2026 18:38:06 UTC] [Chilexpress][obtener_comunas] El archivo local es reciente, no es necesario actualizar
[20-Aug-2026 18:38:10 UTC] [Chilexpress][obtener_regiones] Archivo de regiones existe: C:\Users\HP\Desktop\wirdscrepss\wordpress\wp-content\plugins\chilexpress-oficial/includes/data/regiones/regiones.json
[20-Aug-2026 18:38:10 UTC] [Chilexpress][obtener_regiones] Datos decodificados con exito, fecha del archivo: 2026-08-20 17:53:39
[20-Aug-2026 18:38:10 UTC] [Chilexpress][obtener_regiones] El archivo local de regiones es reciente, no es necesario actualizar
[20-Aug-2026 18:38:11 UTC] [Chilexpress][obtener_comunas] para la region: RM
[20-Aug-2026 18:38:11 UTC] [Chilexpress][obtener_comunas] Busco comunas en el archivo local: C:\Users\HP\Desktop\wirdscrepss\wordpress\wp-content\plugins\chilexpress-oficial/includes/data/comunas/RM.json
[20-Aug-2026 18:38:11 UTC] [Chilexpress][obtener_comunas] El archivo local existe !
[20-Aug-2026 18:38:11 UTC] [Chilexpress][obtener_comunas] Datos decodificados con exito, fecha del archivo: 2026-08-20 17:53:27
[20-Aug-2026 18:38:11 UTC] [Chilexpress][obtener_comunas] El archivo local es reciente, no es necesario actualizar
[20-Aug-2026 18:38:12 UTC] [Chilexpress][obtener_comunas] para la region: RM
[20-Aug-2026 18:38:12 UTC] [Chilexpress][obtener_comunas] Busco comunas en el archivo local: C:\Users\HP\Desktop\wirdscrepss\wordpress\wp-content\plugins\chilexpress-oficial/includes/data/comunas/RM.json
[20-Aug-2026 18:38:12 UTC] [Chilexpress][obtener_comunas] El archivo local existe !
[20-Aug-2026 18:38:12 UTC] [Chilexpress][obtener_comunas] Datos decodificados con exito, fecha del archivo: 2026-08-20 17:53:27
[20-Aug-2026 18:38:12 UTC] [Chilexpress][obtener_comunas] El archivo local es reciente, no es necesario actualizar
[20-Aug-2026 18:38:15 UTC] [Chilexpress][obtener_regiones] Archivo de regiones existe: C:\Users\HP\Desktop\wirdscrepss\wordpress\wp-content\plugins\chilexpress-oficial/includes/data/regiones/regiones.json
[20-Aug-2026 18:38:15 UTC] [Chilexpress][obtener_regiones] Datos decodificados con exito, fecha del archivo: 2026-08-20 17:53:39
[20-Aug-2026 18:38:15 UTC] [Chilexpress][obtener_regiones] El archivo local de regiones es reciente, no es necesario actualizar
[20-Aug-2026 18:38:20 UTC] [Chilexpress][obtener_regiones] Archivo de regiones existe: C:\Users\HP\Desktop\wirdscrepss\wordpress\wp-content\plugins\chilexpress-oficial/includes/data/regiones/regiones.json
[20-Aug-2026 18:38:20 UTC] [Chilexpress][obtener_regiones] Datos decodificados con exito, fecha del archivo: 2026-08-20 17:53:39
[20-Aug-2026 18:38:20 UTC] [Chilexpress][obtener_regiones] El archivo local de regiones es reciente, no es necesario actualizar
[20-Aug-2026 18:38:21 UTC] [Chilexpress][obtener_comunas] para la region: RM
[20-Aug-2026 18:38:21 UTC] [Chilexpress][obtener_comunas] Busco comunas en el archivo local: C:\Users\HP\Desktop\wirdscrepss\wordpress\wp-content\plugins\chilexpress-oficial/includes/data/comunas/RM.json
[20-Aug-2026 18:38:21 UTC] [Chilexpress][obtener_comunas] El archivo local existe !
[20-Aug-2026 18:38:21 UTC] [Chilexpress][obtener_comunas] Datos decodificados con exito, fecha del archivo: 2026-08-20 17:53:27
[20-Aug-2026 18:38:21 UTC] [Chilexpress][obtener_comunas] El archivo local es reciente, no es necesario actualizar
[20-Aug-2026 18:38:22 UTC] [Chilexpress][obtener_comunas] para la region: RM
[20-Aug-2026 18:38:22 UTC] [Chilexpress][obtener_comunas] Busco comunas en el archivo local: C:\Users\HP\Desktop\wirdscrepss\wordpress\wp-content\plugins\chilexpress-oficial/includes/data/comunas/RM.json
[20-Aug-2026 18:38:22 UTC] [Chilexpress][obtener_comunas] El archivo local existe !
[20-Aug-2026 18:38:22 UTC] [Chilexpress][obtener_comunas] Datos decodificados con exito, fecha del archivo: 2026-08-20 17:53:27
[20-Aug-2026 18:38:22 UTC] [Chilexpress][obtener_comunas] El archivo local es reciente, no es necesario actualizar
[20-Aug-2026 18:38:25 UTC] [Chilexpress][obtener_regiones] Archivo de regiones existe: C:\Users\HP\Desktop\wirdscrepss\wordpress\wp-content\plugins\chilexpress-oficial/includes/data/regiones/regiones.json
[20-Aug-2026 18:38:25 UTC] [Chilexpress][obtener_regiones] Datos decodificados con exito, fecha del archivo: 2026-08-20 17:53:39
[20-Aug-2026 18:38:25 UTC] [Chilexpress][obtener_regiones] El archivo local de regiones es reciente, no es necesario actualizar
[20-Aug-2026 18:38:27 UTC] [Chilexpress][obtener_regiones] Archivo de regiones existe: C:\Users\HP\Desktop\wirdscrepss\wordpress\wp-content\plugins\chilexpress-oficial/includes/data/regiones/regiones.json
[20-Aug-2026 18:38:27 UTC] [Chilexpress][obtener_regiones] Datos decodificados con exito, fecha del archivo: 2026-08-20 17:53:39
[20-Aug-2026 18:38:27 UTC] [Chilexpress][obtener_regiones] El archivo local de regiones es reciente, no es necesario actualizar
[20-Aug-2026 18:38:33 UTC] [Chilexpress][obtener_regiones] Archivo de regiones existe: C:\Users\HP\Desktop\wirdscrepss\wordpress\wp-content\plugins\chilexpress-oficial/includes/data/regiones/regiones.json
[20-Aug-2026 18:38:33 UTC] [Chilexpress][obtener_regiones] Datos decodificados con exito, fecha del archivo: 2026-08-20 17:53:39
[20-Aug-2026 18:38:33 UTC] [Chilexpress][obtener_regiones] El archivo local de regiones es reciente, no es necesario actualizar
[20-Aug-2026 18:38:34 UTC] [Chilexpress][obtener_comunas] para la region: RM
[20-Aug-2026 18:38:34 UTC] [Chilexpress][obtener_comunas] Busco comunas en el archivo local: C:\Users\HP\Desktop\wirdscrepss\wordpress\wp-content\plugins\chilexpress-oficial/includes/data/comunas/RM.json
[20-Aug-2026 18:38:34 UTC] [Chilexpress][obtener_comunas] El archivo local existe !
[20-Aug-2026 18:38:34 UTC] [Chilexpress][obtener_comunas] Datos decodificados con exito, fecha del archivo: 2026-08-20 17:53:27
[20-Aug-2026 18:38:34 UTC] [Chilexpress][obtener_comunas] El archivo local es reciente, no es necesario actualizar
[20-Aug-2026 18:38:34 UTC] [Chilexpress][obtener_comunas] para la region: RM
[20-Aug-2026 18:38:34 UTC] [Chilexpress][obtener_comunas] Busco comunas en el archivo local: C:\Users\HP\Desktop\wirdscrepss\wordpress\wp-content\plugins\chilexpress-oficial/includes/data/comunas/RM.json
[20-Aug-2026 18:38:34 UTC] [Chilexpress][obtener_comunas] El archivo local existe !
[20-Aug-2026 18:38:34 UTC] [Chilexpress][obtener_comunas] Datos decodificados con exito, fecha del archivo: 2026-08-20 17:53:27
[20-Aug-2026 18:38:34 UTC] [Chilexpress][obtener_comunas] El archivo local es reciente, no es necesario actualizar
[20-Aug-2026 18:39:31 UTC] [Chilexpress][obtener_regiones] Archivo de regiones existe: C:\Users\HP\Desktop\wirdscrepss\wordpress\wp-content\plugins\chilexpress-oficial/includes/data/regiones/regiones.json
[20-Aug-2026 18:39:31 UTC] [Chilexpress][obtener_regiones] Datos decodificados con exito, fecha del archivo: 2026-08-20 17:53:39
[20-Aug-2026 18:39:31 UTC] [Chilexpress][obtener_regiones] El archivo local de regiones es reciente, no es necesario actualizar
[20-Aug-2026 18:39:32 UTC] WordPress database error <div style="clear:both">&nbsp;</div>
<div class="queries" style="clear:both;margin-bottom:2px;border:red dotted thin;">
<p>MySQL query:</p>
<p>SELECT MIN(date_created_gmt) as min_date_gmt, MAX(date_created_gmt) as max_date_gmt
				 FROM (
					( SELECT date_created_gmt FROM `wp_wc_orders` WHERE type = 'shop_order' AND status != 'trash' ORDER BY date_created_gmt DESC LIMIT 1 )
					UNION ALL
					( SELECT date_created_gmt FROM `wp_wc_orders` WHERE type = 'shop_order' AND status != 'trash' ORDER BY date_created_gmt ASC LIMIT 1 )
				 ) d</p>
<p>Queries made or created this session were:</p>
<ol>
<li>Executing: SELECT MIN ( `date_created_gmt` ) as `min_date_gmt` , MAX ( `date_created_gmt` ) as `max_date_gmt` FROM ( ( SELECT `date_created_gmt` FROM `wp_wc_orders` WHERE `type` = &#039;shop_order&#039; AND `status` != &#039;trash&#039; ORDER BY `date_created_gmt` DESC LIMIT 1 ) UNION ALL ( SELECT `date_created_gmt` FROM `wp_wc_orders` WHERE `type` = &#039;shop_order&#039; AND `status` != &#039;trash&#039; ORDER BY `date_created_gmt` ASC LIMIT 1 ) ) `d` | (no parameters)</li>
</ol>
</div>
<div style="clear:both;margin-bottom:2px;border:red dotted thin;" class="error_message" style="border-bottom:dotted blue thin;">
SQLSTATE[HY000]: General error: 1 near "UNION": syntax error
</div>
<p>Backtrace:</p>
<pre>#0 C:\Users\HP\Desktop\wirdscrepss\wordpress\wp-content\plugins\sqlite-database-integration\wp-includes\database\sqlite\class-wp-mysql-on-sqlite.php(7863): WP_MySQL_On_SQLite->new_driver_exception('SQLSTATE[HY000]...', 'HY000', Object(PDOException))
#1 C:\Users\HP\Desktop\wirdscrepss\wordpress\wp-content\plugins\sqlite-database-integration\wp-includes\database\sqlite\class-wp-mysql-on-sqlite.php(1197): WP_MySQL_On_SQLite->convert_sqlite_exception(Object(PDOException))
#2 C:\Users\HP\Desktop\wirdscrepss\wordpress\wp-content\plugins\sqlite-database-integration\wp-includes\sqlite\class-wp-sqlite-db.php(676): WP_MySQL_On_SQLite->query('SELECT MIN(date...', 5)
#3 C:\Users\HP\Desktop\wirdscrepss\wordpress\wp-content\plugins\sqlite-database-integration\wp-includes\sqlite\class-wp-sqlite-db.php(596): WP_SQLite_DB->_do_query('SELECT MIN(date...')
#4 C:\Users\HP\Desktop\wirdscrepss\wordpress\wp-includes\class-wpdb.php(3069): WP_SQLite_DB->query('SELECT MIN(date...')
#5 C:\Users\HP\Desktop\wirdscrepss\wordpress\wp-content\plugins\woocommerce\src\Internal\Admin\Orders\ListTable.php(880): wpdb->get_row('SELECT MIN(date...')
#6 C:\Users\HP\Desktop\wirdscrepss\wordpress\wp-content\plugins\woocommerce\src\Internal\Admin\Orders\ListTable.php(846): Automattic\WooCommerce\Internal\Admin\Orders\ListTable->get_months_filter_options()
#7 C:\Users\HP\Desktop\wirdscrepss\wordpress\wp-content\plugins\woocommerce\src\Internal\Admin\Orders\ListTable.php(785): Automattic\WooCommerce\Internal\Admin\Orders\ListTable->months_filter()
#8 C:\Users\HP\Desktop\wirdscrepss\wordpress\wp-admin\includes\class-wp-list-table.php(1681): Automattic\WooCommerce\Internal\Admin\Orders\ListTable->extra_tablenav('top')
#9 C:\Users\HP\Desktop\wirdscrepss\wordpress\wp-admin\includes\class-wp-list-table.php(1611): WP_List_Table->display_tablenav('top')
#10 C:\Users\HP\Desktop\wirdscrepss\wordpress\wp-content\plugins\woocommerce\src\Internal\Admin\Orders\ListTable.php(284): WP_List_Table->display()
#11 C:\Users\HP\Desktop\wirdscrepss\wordpress\wp-content\plugins\woocommerce\src\Internal\Admin\Orders\PageController.php(300): Automattic\WooCommerce\Internal\Admin\Orders\ListTable->display()
#12 C:\Users\HP\Desktop\wirdscrepss\wordpress\wp-includes\class-wp-hook.php(341): Automattic\WooCommerce\Internal\Admin\Orders\PageController->output('')
#13 C:\Users\HP\Desktop\wirdscrepss\wordpress\wp-includes\class-wp-hook.php(365): WP_Hook->apply_filters('', Array)
#14 C:\Users\HP\Desktop\wirdscrepss\wordpress\wp-includes\plugin.php(522): WP_Hook->do_action(Array)
#15 C:\Users\HP\Desktop\wirdscrepss\wordpress\wp-admin\admin.php(264): do_action('woocommerce_pag...')
#16 {main}</pre>
 for query SELECT MIN(date_created_gmt) as min_date_gmt, MAX(date_created_gmt) as max_date_gmt
				 FROM (
					( SELECT date_created_gmt FROM `wp_wc_orders` WHERE type = 'shop_order' AND status != 'trash' ORDER BY date_created_gmt DESC LIMIT 1 )
					UNION ALL
					( SELECT date_created_gmt FROM `wp_wc_orders` WHERE type = 'shop_order' AND status != 'trash' ORDER BY date_created_gmt ASC LIMIT 1 )
				 ) d made by do_action('woocommerce_page_wc-orders'), WP_Hook->do_action, WP_Hook->apply_filters, Automattic\WooCommerce\Internal\Admin\Orders\PageController->output, Automattic\WooCommerce\Internal\Admin\Orders\ListTable->display, WP_List_Table->display, WP_List_Table->display_tablenav, Automattic\WooCommerce\Internal\Admin\Orders\ListTable->extra_tablenav, Automattic\WooCommerce\Internal\Admin\Orders\ListTable->months_filter, Automattic\WooCommerce\Internal\Admin\Orders\ListTable->get_months_filter_options, WP_SQLite_DB->query, WP_SQLite_DB->print_error
[20-Aug-2026 18:39:47 UTC] [Chilexpress][obtener_regiones] Archivo de regiones existe: C:\Users\HP\Desktop\wirdscrepss\wordpress\wp-content\plugins\chilexpress-oficial/includes/data/regiones/regiones.json
[20-Aug-2026 18:39:47 UTC] [Chilexpress][obtener_regiones] Datos decodificados con exito, fecha del archivo: 2026-08-20 17:53:39
[20-Aug-2026 18:39:47 UTC] [Chilexpress][obtener_regiones] El archivo local de regiones es reciente, no es necesario actualizar
[20-Aug-2026 18:39:54 UTC] [Chilexpress][obtener_regiones] Archivo de regiones existe: C:\Users\HP\Desktop\wirdscrepss\wordpress\wp-content\plugins\chilexpress-oficial/includes/data/regiones/regiones.json
[20-Aug-2026 18:39:54 UTC] [Chilexpress][obtener_regiones] Datos decodificados con exito, fecha del archivo: 2026-08-20 17:53:39
[20-Aug-2026 18:39:54 UTC] [Chilexpress][obtener_regiones] El archivo local de regiones es reciente, no es necesario actualizar
[20-Aug-2026 18:39:54 UTC] [Chilexpress][obtener_regiones] Archivo de regiones existe: C:\Users\HP\Desktop\wirdscrepss\wordpress\wp-content\plugins\chilexpress-oficial/includes/data/regiones/regiones.json
[20-Aug-2026 18:39:54 UTC] [Chilexpress][obtener_regiones] Datos decodificados con exito, fecha del archivo: 2026-08-20 17:53:39
[20-Aug-2026 18:39:54 UTC] [Chilexpress][obtener_regiones] El archivo local de regiones es reciente, no es necesario actualizar
[20-Aug-2026 18:39:58 UTC] [Chilexpress][obtener_comunas] para la region: RM
[20-Aug-2026 18:39:58 UTC] [Chilexpress][obtener_comunas] Busco comunas en el archivo local: C:\Users\HP\Desktop\wirdscrepss\wordpress\wp-content\plugins\chilexpress-oficial/includes/data/comunas/RM.json
[20-Aug-2026 18:39:58 UTC] [Chilexpress][obtener_comunas] El archivo local existe !
[20-Aug-2026 18:39:58 UTC] [Chilexpress][obtener_comunas] Datos decodificados con exito, fecha del archivo: 2026-08-20 17:53:27
[20-Aug-2026 18:39:58 UTC] [Chilexpress][obtener_comunas] El archivo local es reciente, no es necesario actualizar
[20-Aug-2026 18:40:00 UTC] [Chilexpress][obtener_comunas] para la region: RM
[20-Aug-2026 18:40:00 UTC] [Chilexpress][obtener_comunas] Busco comunas en el archivo local: C:\Users\HP\Desktop\wirdscrepss\wordpress\wp-content\plugins\chilexpress-oficial/includes/data/comunas/RM.json
[20-Aug-2026 18:40:00 UTC] [Chilexpress][obtener_comunas] El archivo local existe !
[20-Aug-2026 18:40:00 UTC] [Chilexpress][obtener_comunas] Datos decodificados con exito, fecha del archivo: 2026-08-20 17:53:27
[20-Aug-2026 18:40:00 UTC] [Chilexpress][obtener_comunas] El archivo local es reciente, no es necesario actualizar
[20-Aug-2026 18:40:11 UTC] [Chilexpress][obtener_regiones] Archivo de regiones existe: C:\Users\HP\Desktop\wirdscrepss\wordpress\wp-content\plugins\chilexpress-oficial/includes/data/regiones/regiones.json
[20-Aug-2026 18:40:11 UTC] [Chilexpress][obtener_regiones] Datos decodificados con exito, fecha del archivo: 2026-08-20 17:53:39
[20-Aug-2026 18:40:11 UTC] [Chilexpress][obtener_regiones] El archivo local de regiones es reciente, no es necesario actualizar
[20-Aug-2026 18:40:13 UTC] [Chilexpress][obtener_regiones] Archivo de regiones existe: C:\Users\HP\Desktop\wirdscrepss\wordpress\wp-content\plugins\chilexpress-oficial/includes/data/regiones/regiones.json
[20-Aug-2026 18:40:13 UTC] [Chilexpress][obtener_regiones] Datos decodificados con exito, fecha del archivo: 2026-08-20 17:53:39
[20-Aug-2026 18:40:13 UTC] [Chilexpress][obtener_regiones] El archivo local de regiones es reciente, no es necesario actualizar
[20-Aug-2026 18:40:19 UTC] [Chilexpress][obtener_regiones] Archivo de regiones existe: C:\Users\HP\Desktop\wirdscrepss\wordpress\wp-content\plugins\chilexpress-oficial/includes/data/regiones/regiones.json
[20-Aug-2026 18:40:19 UTC] [Chilexpress][obtener_regiones] Datos decodificados con exito, fecha del archivo: 2026-08-20 17:53:39
[20-Aug-2026 18:40:19 UTC] [Chilexpress][obtener_regiones] El archivo local de regiones es reciente, no es necesario actualizar
[20-Aug-2026 18:40:20 UTC] [Chilexpress][obtener_regiones] Archivo de regiones existe: C:\Users\HP\Desktop\wirdscrepss\wordpress\wp-content\plugins\chilexpress-oficial/includes/data/regiones/regiones.json
[20-Aug-2026 18:40:20 UTC] [Chilexpress][obtener_regiones] Datos decodificados con exito, fecha del archivo: 2026-08-20 17:53:39
[20-Aug-2026 18:40:20 UTC] [Chilexpress][obtener_regiones] El archivo local de regiones es reciente, no es necesario actualizar
[20-Aug-2026 18:40:21 UTC] [Chilexpress][obtener_regiones] Archivo de regiones existe: C:\Users\HP\Desktop\wirdscrepss\wordpress\wp-content\plugins\chilexpress-oficial/includes/data/regiones/regiones.json
[20-Aug-2026 18:40:21 UTC] [Chilexpress][obtener_regiones] Datos decodificados con exito, fecha del archivo: 2026-08-20 17:53:39
[20-Aug-2026 18:40:21 UTC] [Chilexpress][obtener_regiones] El archivo local de regiones es reciente, no es necesario actualizar
[20-Aug-2026 18:40:24 UTC] [Chilexpress][obtener_comunas] para la region: RM
[20-Aug-2026 18:40:24 UTC] [Chilexpress][obtener_comunas] Busco comunas en el archivo local: C:\Users\HP\Desktop\wirdscrepss\wordpress\wp-content\plugins\chilexpress-oficial/includes/data/comunas/RM.json
[20-Aug-2026 18:40:24 UTC] [Chilexpress][obtener_comunas] El archivo local existe !
[20-Aug-2026 18:40:24 UTC] [Chilexpress][obtener_comunas] Datos decodificados con exito, fecha del archivo: 2026-08-20 17:53:27
[20-Aug-2026 18:40:24 UTC] [Chilexpress][obtener_comunas] El archivo local es reciente, no es necesario actualizar
[20-Aug-2026 18:40:25 UTC] [Chilexpress][obtener_comunas] para la region: RM
[20-Aug-2026 18:40:25 UTC] [Chilexpress][obtener_comunas] Busco comunas en el archivo local: C:\Users\HP\Desktop\wirdscrepss\wordpress\wp-content\plugins\chilexpress-oficial/includes/data/comunas/RM.json
[20-Aug-2026 18:40:25 UTC] [Chilexpress][obtener_comunas] El archivo local existe !
[20-Aug-2026 18:40:25 UTC] [Chilexpress][obtener_comunas] Datos decodificados con exito, fecha del archivo: 2026-08-20 17:53:27
[20-Aug-2026 18:40:25 UTC] [Chilexpress][obtener_comunas] El archivo local es reciente, no es necesario actualizar
[20-Aug-2026 18:40:26 UTC] [Chilexpress][obtener_regiones] Archivo de regiones existe: C:\Users\HP\Desktop\wirdscrepss\wordpress\wp-content\plugins\chilexpress-oficial/includes/data/regiones/regiones.json
[20-Aug-2026 18:40:26 UTC] [Chilexpress][obtener_regiones] Datos decodificados con exito, fecha del archivo: 2026-08-20 17:53:39
[20-Aug-2026 18:40:26 UTC] [Chilexpress][obtener_regiones] El archivo local de regiones es reciente, no es necesario actualizar
[20-Aug-2026 18:40:26 UTC] [Chilexpress][obtener_comunas] para la region: RM
[20-Aug-2026 18:40:26 UTC] [Chilexpress][obtener_comunas] Busco comunas en el archivo local: C:\Users\HP\Desktop\wirdscrepss\wordpress\wp-content\plugins\chilexpress-oficial/includes/data/comunas/RM.json
[20-Aug-2026 18:40:26 UTC] [Chilexpress][obtener_comunas] El archivo local existe !
[20-Aug-2026 18:40:26 UTC] [Chilexpress][obtener_comunas] Datos decodificados con exito, fecha del archivo: 2026-08-20 17:53:27
[20-Aug-2026 18:40:26 UTC] [Chilexpress][obtener_comunas] El archivo local es reciente, no es necesario actualizar
[20-Aug-2026 18:40:27 UTC] [Chilexpress][obtener_comunas] para la region: RM
[20-Aug-2026 18:40:27 UTC] [Chilexpress][obtener_comunas] Busco comunas en el archivo local: C:\Users\HP\Desktop\wirdscrepss\wordpress\wp-content\plugins\chilexpress-oficial/includes/data/comunas/RM.json
[20-Aug-2026 18:40:27 UTC] [Chilexpress][obtener_comunas] El archivo local existe !
[20-Aug-2026 18:40:27 UTC] [Chilexpress][obtener_comunas] Datos decodificados con exito, fecha del archivo: 2026-08-20 17:53:27
[20-Aug-2026 18:40:27 UTC] [Chilexpress][obtener_comunas] El archivo local es reciente, no es necesario actualizar
[20-Aug-2026 18:41:52 UTC] [Chilexpress][obtener_regiones] Archivo de regiones existe: C:\Users\HP\Desktop\wirdscrepss\wordpress\wp-content\plugins\chilexpress-oficial/includes/data/regiones/regiones.json
[20-Aug-2026 18:41:52 UTC] [Chilexpress][obtener_regiones] Datos decodificados con exito, fecha del archivo: 2026-08-20 17:53:39
[20-Aug-2026 18:41:52 UTC] [Chilexpress][obtener_regiones] El archivo local de regiones es reciente, no es necesario actualizar
[20-Aug-2026 18:41:55 UTC] [Chilexpress][obtener_comunas] para la region: RM
[20-Aug-2026 18:41:55 UTC] [Chilexpress][obtener_comunas] Busco comunas en el archivo local: C:\Users\HP\Desktop\wirdscrepss\wordpress\wp-content\plugins\chilexpress-oficial/includes/data/comunas/RM.json
[20-Aug-2026 18:41:55 UTC] [Chilexpress][obtener_comunas] El archivo local existe !
[20-Aug-2026 18:41:55 UTC] [Chilexpress][obtener_comunas] Datos decodificados con exito, fecha del archivo: 2026-08-20 17:53:27
[20-Aug-2026 18:41:55 UTC] [Chilexpress][obtener_comunas] El archivo local es reciente, no es necesario actualizar
[20-Aug-2026 18:41:56 UTC] [Chilexpress][obtener_comunas] para la region: RM
[20-Aug-2026 18:41:56 UTC] [Chilexpress][obtener_comunas] Busco comunas en el archivo local: C:\Users\HP\Desktop\wirdscrepss\wordpress\wp-content\plugins\chilexpress-oficial/includes/data/comunas/RM.json
[20-Aug-2026 18:41:56 UTC] [Chilexpress][obtener_comunas] El archivo local existe !
[20-Aug-2026 18:41:56 UTC] [Chilexpress][obtener_comunas] Datos decodificados con exito, fecha del archivo: 2026-08-20 17:53:27
[20-Aug-2026 18:41:56 UTC] [Chilexpress][obtener_comunas] El archivo local es reciente, no es necesario actualizar
[20-Aug-2026 18:41:57 UTC] [Chilexpress][obtener_regiones] Archivo de regiones existe: C:\Users\HP\Desktop\wirdscrepss\wordpress\wp-content\plugins\chilexpress-oficial/includes/data/regiones/regiones.json
[20-Aug-2026 18:41:57 UTC] [Chilexpress][obtener_regiones] Datos decodificados con exito, fecha del archivo: 2026-08-20 17:53:39
[20-Aug-2026 18:41:57 UTC] [Chilexpress][obtener_regiones] El archivo local de regiones es reciente, no es necesario actualizar
[20-Aug-2026 18:41:58 UTC] [Chilexpress][obtener_regiones] Archivo de regiones existe: C:\Users\HP\Desktop\wirdscrepss\wordpress\wp-content\plugins\chilexpress-oficial/includes/data/regiones/regiones.json
[20-Aug-2026 18:41:58 UTC] [Chilexpress][obtener_regiones] Datos decodificados con exito, fecha del archivo: 2026-08-20 17:53:39
[20-Aug-2026 18:41:58 UTC] [Chilexpress][obtener_regiones] El archivo local de regiones es reciente, no es necesario actualizar
[20-Aug-2026 18:42:01 UTC] [Chilexpress][obtener_regiones] Archivo de regiones existe: C:\Users\HP\Desktop\wirdscrepss\wordpress\wp-content\plugins\chilexpress-oficial/includes/data/regiones/regiones.json
[20-Aug-2026 18:42:01 UTC] [Chilexpress][obtener_regiones] Datos decodificados con exito, fecha del archivo: 2026-08-20 17:53:39
[20-Aug-2026 18:42:01 UTC] [Chilexpress][obtener_regiones] El archivo local de regiones es reciente, no es necesario actualizar
[20-Aug-2026 18:42:02 UTC] [Chilexpress][obtener_comunas] para la region: RM
[20-Aug-2026 18:42:02 UTC] [Chilexpress][obtener_comunas] Busco comunas en el archivo local: C:\Users\HP\Desktop\wirdscrepss\wordpress\wp-content\plugins\chilexpress-oficial/includes/data/comunas/RM.json
[20-Aug-2026 18:42:02 UTC] [Chilexpress][obtener_comunas] El archivo local existe !
[20-Aug-2026 18:42:02 UTC] [Chilexpress][obtener_comunas] Datos decodificados con exito, fecha del archivo: 2026-08-20 17:53:27
[20-Aug-2026 18:42:02 UTC] [Chilexpress][obtener_comunas] El archivo local es reciente, no es necesario actualizar
[20-Aug-2026 18:42:02 UTC] [Chilexpress][obtener_comunas] para la region: RM
[20-Aug-2026 18:42:02 UTC] [Chilexpress][obtener_comunas] Busco comunas en el archivo local: C:\Users\HP\Desktop\wirdscrepss\wordpress\wp-content\plugins\chilexpress-oficial/includes/data/comunas/RM.json
[20-Aug-2026 18:42:02 UTC] [Chilexpress][obtener_comunas] El archivo local existe !
[20-Aug-2026 18:42:02 UTC] [Chilexpress][obtener_comunas] Datos decodificados con exito, fecha del archivo: 2026-08-20 17:53:27
[20-Aug-2026 18:42:02 UTC] [Chilexpress][obtener_comunas] El archivo local es reciente, no es necesario actualizar
[20-Aug-2026 18:47:08 UTC] [Chilexpress][obtener_regiones] Archivo de regiones existe: C:\Users\HP\Desktop\wirdscrepss\wordpress\wp-content\plugins\chilexpress-oficial/includes/data/regiones/regiones.json
[20-Aug-2026 18:47:08 UTC] [Chilexpress][obtener_regiones] Datos decodificados con exito, fecha del archivo: 2026-08-20 17:53:39
[20-Aug-2026 18:47:08 UTC] [Chilexpress][obtener_regiones] El archivo local de regiones es reciente, no es necesario actualizar
[20-Aug-2026 18:47:08 UTC] WordPress database error <div style="clear:both">&nbsp;</div>
<div class="queries" style="clear:both;margin-bottom:2px;border:red dotted thin;">
<p>MySQL query:</p>
<p>SELECT MIN(date_created_gmt) as min_date_gmt, MAX(date_created_gmt) as max_date_gmt
				 FROM (
					( SELECT date_created_gmt FROM `wp_wc_orders` WHERE type = 'shop_order' AND status != 'trash' ORDER BY date_created_gmt DESC LIMIT 1 )
					UNION ALL
					( SELECT date_created_gmt FROM `wp_wc_orders` WHERE type = 'shop_order' AND status != 'trash' ORDER BY date_created_gmt ASC LIMIT 1 )
				 ) d</p>
<p>Queries made or created this session were:</p>
<ol>
<li>Executing: SELECT MIN ( `date_created_gmt` ) as `min_date_gmt` , MAX ( `date_created_gmt` ) as `max_date_gmt` FROM ( ( SELECT `date_created_gmt` FROM `wp_wc_orders` WHERE `type` = &#039;shop_order&#039; AND `status` != &#039;trash&#039; ORDER BY `date_created_gmt` DESC LIMIT 1 ) UNION ALL ( SELECT `date_created_gmt` FROM `wp_wc_orders` WHERE `type` = &#039;shop_order&#039; AND `status` != &#039;trash&#039; ORDER BY `date_created_gmt` ASC LIMIT 1 ) ) `d` | (no parameters)</li>
</ol>
</div>
<div style="clear:both;margin-bottom:2px;border:red dotted thin;" class="error_message" style="border-bottom:dotted blue thin;">
SQLSTATE[HY000]: General error: 1 near "UNION": syntax error
</div>
<p>Backtrace:</p>
<pre>#0 C:\Users\HP\Desktop\wirdscrepss\wordpress\wp-content\plugins\sqlite-database-integration\wp-includes\database\sqlite\class-wp-mysql-on-sqlite.php(7863): WP_MySQL_On_SQLite->new_driver_exception('SQLSTATE[HY000]...', 'HY000', Object(PDOException))
#1 C:\Users\HP\Desktop\wirdscrepss\wordpress\wp-content\plugins\sqlite-database-integration\wp-includes\database\sqlite\class-wp-mysql-on-sqlite.php(1197): WP_MySQL_On_SQLite->convert_sqlite_exception(Object(PDOException))
#2 C:\Users\HP\Desktop\wirdscrepss\wordpress\wp-content\plugins\sqlite-database-integration\wp-includes\sqlite\class-wp-sqlite-db.php(676): WP_MySQL_On_SQLite->query('SELECT MIN(date...', 5)
#3 C:\Users\HP\Desktop\wirdscrepss\wordpress\wp-content\plugins\sqlite-database-integration\wp-includes\sqlite\class-wp-sqlite-db.php(596): WP_SQLite_DB->_do_query('SELECT MIN(date...')
#4 C:\Users\HP\Desktop\wirdscrepss\wordpress\wp-includes\class-wpdb.php(3069): WP_SQLite_DB->query('SELECT MIN(date...')
#5 C:\Users\HP\Desktop\wirdscrepss\wordpress\wp-content\plugins\woocommerce\src\Internal\Admin\Orders\ListTable.php(880): wpdb->get_row('SELECT MIN(date...')
#6 C:\Users\HP\Desktop\wirdscrepss\wordpress\wp-content\plugins\woocommerce\src\Internal\Admin\Orders\ListTable.php(846): Automattic\WooCommerce\Internal\Admin\Orders\ListTable->get_months_filter_options()
#7 C:\Users\HP\Desktop\wirdscrepss\wordpress\wp-content\plugins\woocommerce\src\Internal\Admin\Orders\ListTable.php(785): Automattic\WooCommerce\Internal\Admin\Orders\ListTable->months_filter()
#8 C:\Users\HP\Desktop\wirdscrepss\wordpress\wp-admin\includes\class-wp-list-table.php(1681): Automattic\WooCommerce\Internal\Admin\Orders\ListTable->extra_tablenav('top')
#9 C:\Users\HP\Desktop\wirdscrepss\wordpress\wp-admin\includes\class-wp-list-table.php(1611): WP_List_Table->display_tablenav('top')
#10 C:\Users\HP\Desktop\wirdscrepss\wordpress\wp-content\plugins\woocommerce\src\Internal\Admin\Orders\ListTable.php(284): WP_List_Table->display()
#11 C:\Users\HP\Desktop\wirdscrepss\wordpress\wp-content\plugins\woocommerce\src\Internal\Admin\Orders\PageController.php(300): Automattic\WooCommerce\Internal\Admin\Orders\ListTable->display()
#12 C:\Users\HP\Desktop\wirdscrepss\wordpress\wp-includes\class-wp-hook.php(341): Automattic\WooCommerce\Internal\Admin\Orders\PageController->output('')
#13 C:\Users\HP\Desktop\wirdscrepss\wordpress\wp-includes\class-wp-hook.php(365): WP_Hook->apply_filters('', Array)
#14 C:\Users\HP\Desktop\wirdscrepss\wordpress\wp-includes\plugin.php(522): WP_Hook->do_action(Array)
#15 C:\Users\HP\Desktop\wirdscrepss\wordpress\wp-admin\admin.php(264): do_action('woocommerce_pag...')
#16 {main}</pre>
 for query SELECT MIN(date_created_gmt) as min_date_gmt, MAX(date_created_gmt) as max_date_gmt
				 FROM (
					( SELECT date_created_gmt FROM `wp_wc_orders` WHERE type = 'shop_order' AND status != 'trash' ORDER BY date_created_gmt DESC LIMIT 1 )
					UNION ALL
					( SELECT date_created_gmt FROM `wp_wc_orders` WHERE type = 'shop_order' AND status != 'trash' ORDER BY date_created_gmt ASC LIMIT 1 )
				 ) d made by do_action('woocommerce_page_wc-orders'), WP_Hook->do_action, WP_Hook->apply_filters, Automattic\WooCommerce\Internal\Admin\Orders\PageController->output, Automattic\WooCommerce\Internal\Admin\Orders\ListTable->display, WP_List_Table->display, WP_List_Table->display_tablenav, Automattic\WooCommerce\Internal\Admin\Orders\ListTable->extra_tablenav, Automattic\WooCommerce\Internal\Admin\Orders\ListTable->months_filter, Automattic\WooCommerce\Internal\Admin\Orders\ListTable->get_months_filter_options, WP_SQLite_DB->query, WP_SQLite_DB->print_error
[20-Aug-2026 18:47:21 UTC] [Chilexpress][obtener_regiones] Archivo de regiones existe: C:\Users\HP\Desktop\wirdscrepss\wordpress\wp-content\plugins\chilexpress-oficial/includes/data/regiones/regiones.json
[20-Aug-2026 18:47:21 UTC] [Chilexpress][obtener_regiones] Datos decodificados con exito, fecha del archivo: 2026-08-20 17:53:39
[20-Aug-2026 18:47:21 UTC] [Chilexpress][obtener_regiones] El archivo local de regiones es reciente, no es necesario actualizar
[20-Aug-2026 18:49:44 UTC] [Chilexpress][obtener_regiones] Archivo de regiones existe: C:\Users\HP\Desktop\wirdscrepss\wordpress\wp-content\plugins\chilexpress-oficial/includes/data/regiones/regiones.json
[20-Aug-2026 18:49:44 UTC] [Chilexpress][obtener_regiones] Datos decodificados con exito, fecha del archivo: 2026-08-20 17:53:39
[20-Aug-2026 18:49:44 UTC] [Chilexpress][obtener_regiones] El archivo local de regiones es reciente, no es necesario actualizar
[20-Aug-2026 18:49:44 UTC] WordPress database error <div style="clear:both">&nbsp;</div>
<div class="queries" style="clear:both;margin-bottom:2px;border:red dotted thin;">
<p>MySQL query:</p>
<p>SELECT MIN(date_created_gmt) as min_date_gmt, MAX(date_created_gmt) as max_date_gmt
				 FROM (
					( SELECT date_created_gmt FROM `wp_wc_orders` WHERE type = 'shop_order' AND status != 'trash' ORDER BY date_created_gmt DESC LIMIT 1 )
					UNION ALL
					( SELECT date_created_gmt FROM `wp_wc_orders` WHERE type = 'shop_order' AND status != 'trash' ORDER BY date_created_gmt ASC LIMIT 1 )
				 ) d</p>
<p>Queries made or created this session were:</p>
<ol>
<li>Executing: SELECT MIN ( `date_created_gmt` ) as `min_date_gmt` , MAX ( `date_created_gmt` ) as `max_date_gmt` FROM ( ( SELECT `date_created_gmt` FROM `wp_wc_orders` WHERE `type` = &#039;shop_order&#039; AND `status` != &#039;trash&#039; ORDER BY `date_created_gmt` DESC LIMIT 1 ) UNION ALL ( SELECT `date_created_gmt` FROM `wp_wc_orders` WHERE `type` = &#039;shop_order&#039; AND `status` != &#039;trash&#039; ORDER BY `date_created_gmt` ASC LIMIT 1 ) ) `d` | (no parameters)</li>
</ol>
</div>
<div style="clear:both;margin-bottom:2px;border:red dotted thin;" class="error_message" style="border-bottom:dotted blue thin;">
SQLSTATE[HY000]: General error: 1 near "UNION": syntax error
</div>
<p>Backtrace:</p>
<pre>#0 C:\Users\HP\Desktop\wirdscrepss\wordpress\wp-content\plugins\sqlite-database-integration\wp-includes\database\sqlite\class-wp-mysql-on-sqlite.php(7863): WP_MySQL_On_SQLite->new_driver_exception('SQLSTATE[HY000]...', 'HY000', Object(PDOException))
#1 C:\Users\HP\Desktop\wirdscrepss\wordpress\wp-content\plugins\sqlite-database-integration\wp-includes\database\sqlite\class-wp-mysql-on-sqlite.php(1197): WP_MySQL_On_SQLite->convert_sqlite_exception(Object(PDOException))
#2 C:\Users\HP\Desktop\wirdscrepss\wordpress\wp-content\plugins\sqlite-database-integration\wp-includes\sqlite\class-wp-sqlite-db.php(676): WP_MySQL_On_SQLite->query('SELECT MIN(date...', 5)
#3 C:\Users\HP\Desktop\wirdscrepss\wordpress\wp-content\plugins\sqlite-database-integration\wp-includes\sqlite\class-wp-sqlite-db.php(596): WP_SQLite_DB->_do_query('SELECT MIN(date...')
#4 C:\Users\HP\Desktop\wirdscrepss\wordpress\wp-includes\class-wpdb.php(3069): WP_SQLite_DB->query('SELECT MIN(date...')
#5 C:\Users\HP\Desktop\wirdscrepss\wordpress\wp-content\plugins\woocommerce\src\Internal\Admin\Orders\ListTable.php(880): wpdb->get_row('SELECT MIN(date...')
#6 C:\Users\HP\Desktop\wirdscrepss\wordpress\wp-content\plugins\woocommerce\src\Internal\Admin\Orders\ListTable.php(846): Automattic\WooCommerce\Internal\Admin\Orders\ListTable->get_months_filter_options()
#7 C:\Users\HP\Desktop\wirdscrepss\wordpress\wp-content\plugins\woocommerce\src\Internal\Admin\Orders\ListTable.php(785): Automattic\WooCommerce\Internal\Admin\Orders\ListTable->months_filter()
#8 C:\Users\HP\Desktop\wirdscrepss\wordpress\wp-admin\includes\class-wp-list-table.php(1681): Automattic\WooCommerce\Internal\Admin\Orders\ListTable->extra_tablenav('top')
#9 C:\Users\HP\Desktop\wirdscrepss\wordpress\wp-admin\includes\class-wp-list-table.php(1611): WP_List_Table->display_tablenav('top')
#10 C:\Users\HP\Desktop\wirdscrepss\wordpress\wp-content\plugins\woocommerce\src\Internal\Admin\Orders\ListTable.php(284): WP_List_Table->display()
#11 C:\Users\HP\Desktop\wirdscrepss\wordpress\wp-content\plugins\woocommerce\src\Internal\Admin\Orders\PageController.php(300): Automattic\WooCommerce\Internal\Admin\Orders\ListTable->display()
#12 C:\Users\HP\Desktop\wirdscrepss\wordpress\wp-includes\class-wp-hook.php(341): Automattic\WooCommerce\Internal\Admin\Orders\PageController->output('')
#13 C:\Users\HP\Desktop\wirdscrepss\wordpress\wp-includes\class-wp-hook.php(365): WP_Hook->apply_filters('', Array)
#14 C:\Users\HP\Desktop\wirdscrepss\wordpress\wp-includes\plugin.php(522): WP_Hook->do_action(Array)
#15 C:\Users\HP\Desktop\wirdscrepss\wordpress\wp-admin\admin.php(264): do_action('woocommerce_pag...')
#16 {main}</pre>
 for query SELECT MIN(date_created_gmt) as min_date_gmt, MAX(date_created_gmt) as max_date_gmt
				 FROM (
					( SELECT date_created_gmt FROM `wp_wc_orders` WHERE type = 'shop_order' AND status != 'trash' ORDER BY date_created_gmt DESC LIMIT 1 )
					UNION ALL
					( SELECT date_created_gmt FROM `wp_wc_orders` WHERE type = 'shop_order' AND status != 'trash' ORDER BY date_created_gmt ASC LIMIT 1 )
				 ) d made by do_action('woocommerce_page_wc-orders'), WP_Hook->do_action, WP_Hook->apply_filters, Automattic\WooCommerce\Internal\Admin\Orders\PageController->output, Automattic\WooCommerce\Internal\Admin\Orders\ListTable->display, WP_List_Table->display, WP_List_Table->display_tablenav, Automattic\WooCommerce\Internal\Admin\Orders\ListTable->extra_tablenav, Automattic\WooCommerce\Internal\Admin\Orders\ListTable->months_filter, Automattic\WooCommerce\Internal\Admin\Orders\ListTable->get_months_filter_options, WP_SQLite_DB->query, WP_SQLite_DB->print_error
[20-Aug-2026 18:49:51 UTC] [Chilexpress][obtener_regiones] Archivo de regiones existe: C:\Users\HP\Desktop\wirdscrepss\wordpress\wp-content\plugins\chilexpress-oficial/includes/data/regiones/regiones.json
[20-Aug-2026 18:49:51 UTC] [Chilexpress][obtener_regiones] Datos decodificados con exito, fecha del archivo: 2026-08-20 17:53:39
[20-Aug-2026 18:49:51 UTC] [Chilexpress][obtener_regiones] El archivo local de regiones es reciente, no es necesario actualizar
[20-Aug-2026 18:49:51 UTC] WordPress database error <div style="clear:both">&nbsp;</div>
<div class="queries" style="clear:both;margin-bottom:2px;border:red dotted thin;">
<p>MySQL query:</p>
<p>SELECT MIN(date_created_gmt) as min_date_gmt, MAX(date_created_gmt) as max_date_gmt
				 FROM (
					( SELECT date_created_gmt FROM `wp_wc_orders` WHERE type = 'shop_order' AND status != 'trash' ORDER BY date_created_gmt DESC LIMIT 1 )
					UNION ALL
					( SELECT date_created_gmt FROM `wp_wc_orders` WHERE type = 'shop_order' AND status != 'trash' ORDER BY date_created_gmt ASC LIMIT 1 )
				 ) d</p>
<p>Queries made or created this session were:</p>
<ol>
<li>Executing: SELECT MIN ( `date_created_gmt` ) as `min_date_gmt` , MAX ( `date_created_gmt` ) as `max_date_gmt` FROM ( ( SELECT `date_created_gmt` FROM `wp_wc_orders` WHERE `type` = &#039;shop_order&#039; AND `status` != &#039;trash&#039; ORDER BY `date_created_gmt` DESC LIMIT 1 ) UNION ALL ( SELECT `date_created_gmt` FROM `wp_wc_orders` WHERE `type` = &#039;shop_order&#039; AND `status` != &#039;trash&#039; ORDER BY `date_created_gmt` ASC LIMIT 1 ) ) `d` | (no parameters)</li>
</ol>
</div>
<div style="clear:both;margin-bottom:2px;border:red dotted thin;" class="error_message" style="border-bottom:dotted blue thin;">
SQLSTATE[HY000]: General error: 1 near "UNION": syntax error
</div>
<p>Backtrace:</p>
<pre>#0 C:\Users\HP\Desktop\wirdscrepss\wordpress\wp-content\plugins\sqlite-database-integration\wp-includes\database\sqlite\class-wp-mysql-on-sqlite.php(7863): WP_MySQL_On_SQLite->new_driver_exception('SQLSTATE[HY000]...', 'HY000', Object(PDOException))
#1 C:\Users\HP\Desktop\wirdscrepss\wordpress\wp-content\plugins\sqlite-database-integration\wp-includes\database\sqlite\class-wp-mysql-on-sqlite.php(1197): WP_MySQL_On_SQLite->convert_sqlite_exception(Object(PDOException))
#2 C:\Users\HP\Desktop\wirdscrepss\wordpress\wp-content\plugins\sqlite-database-integration\wp-includes\sqlite\class-wp-sqlite-db.php(676): WP_MySQL_On_SQLite->query('SELECT MIN(date...', 5)
#3 C:\Users\HP\Desktop\wirdscrepss\wordpress\wp-content\plugins\sqlite-database-integration\wp-includes\sqlite\class-wp-sqlite-db.php(596): WP_SQLite_DB->_do_query('SELECT MIN(date...')
#4 C:\Users\HP\Desktop\wirdscrepss\wordpress\wp-includes\class-wpdb.php(3069): WP_SQLite_DB->query('SELECT MIN(date...')
#5 C:\Users\HP\Desktop\wirdscrepss\wordpress\wp-content\plugins\woocommerce\src\Internal\Admin\Orders\ListTable.php(880): wpdb->get_row('SELECT MIN(date...')
#6 C:\Users\HP\Desktop\wirdscrepss\wordpress\wp-content\plugins\woocommerce\src\Internal\Admin\Orders\ListTable.php(846): Automattic\WooCommerce\Internal\Admin\Orders\ListTable->get_months_filter_options()
#7 C:\Users\HP\Desktop\wirdscrepss\wordpress\wp-content\plugins\woocommerce\src\Internal\Admin\Orders\ListTable.php(785): Automattic\WooCommerce\Internal\Admin\Orders\ListTable->months_filter()
#8 C:\Users\HP\Desktop\wirdscrepss\wordpress\wp-admin\includes\class-wp-list-table.php(1681): Automattic\WooCommerce\Internal\Admin\Orders\ListTable->extra_tablenav('top')
#9 C:\Users\HP\Desktop\wirdscrepss\wordpress\wp-admin\includes\class-wp-list-table.php(1611): WP_List_Table->display_tablenav('top')
#10 C:\Users\HP\Desktop\wirdscrepss\wordpress\wp-content\plugins\woocommerce\src\Internal\Admin\Orders\ListTable.php(284): WP_List_Table->display()
#11 C:\Users\HP\Desktop\wirdscrepss\wordpress\wp-content\plugins\woocommerce\src\Internal\Admin\Orders\PageController.php(300): Automattic\WooCommerce\Internal\Admin\Orders\ListTable->display()
#12 C:\Users\HP\Desktop\wirdscrepss\wordpress\wp-includes\class-wp-hook.php(341): Automattic\WooCommerce\Internal\Admin\Orders\PageController->output('')
#13 C:\Users\HP\Desktop\wirdscrepss\wordpress\wp-includes\class-wp-hook.php(365): WP_Hook->apply_filters('', Array)
#14 C:\Users\HP\Desktop\wirdscrepss\wordpress\wp-includes\plugin.php(522): WP_Hook->do_action(Array)
#15 C:\Users\HP\Desktop\wirdscrepss\wordpress\wp-admin\admin.php(264): do_action('woocommerce_pag...')
#16 {main}</pre>
 for query SELECT MIN(date_created_gmt) as min_date_gmt, MAX(date_created_gmt) as max_date_gmt
				 FROM (
					( SELECT date_created_gmt FROM `wp_wc_orders` WHERE type = 'shop_order' AND status != 'trash' ORDER BY date_created_gmt DESC LIMIT 1 )
					UNION ALL
					( SELECT date_created_gmt FROM `wp_wc_orders` WHERE type = 'shop_order' AND status != 'trash' ORDER BY date_created_gmt ASC LIMIT 1 )
				 ) d made by do_action('woocommerce_page_wc-orders'), WP_Hook->do_action, WP_Hook->apply_filters, Automattic\WooCommerce\Internal\Admin\Orders\PageController->output, Automattic\WooCommerce\Internal\Admin\Orders\ListTable->display, WP_List_Table->display, WP_List_Table->display_tablenav, Automattic\WooCommerce\Internal\Admin\Orders\ListTable->extra_tablenav, Automattic\WooCommerce\Internal\Admin\Orders\ListTable->months_filter, Automattic\WooCommerce\Internal\Admin\Orders\ListTable->get_months_filter_options, WP_SQLite_DB->query, WP_SQLite_DB->print_error
[20-Aug-2026 18:50:03 UTC] [Chilexpress][obtener_regiones] Archivo de regiones existe: C:\Users\HP\Desktop\wirdscrepss\wordpress\wp-content\plugins\chilexpress-oficial/includes/data/regiones/regiones.json
[20-Aug-2026 18:50:03 UTC] [Chilexpress][obtener_regiones] Datos decodificados con exito, fecha del archivo: 2026-08-20 17:53:39
[20-Aug-2026 18:50:03 UTC] [Chilexpress][obtener_regiones] El archivo local de regiones es reciente, no es necesario actualizar
[20-Aug-2026 18:50:08 UTC] [Chilexpress][obtener_regiones] Archivo de regiones existe: C:\Users\HP\Desktop\wirdscrepss\wordpress\wp-content\plugins\chilexpress-oficial/includes/data/regiones/regiones.json
[20-Aug-2026 18:50:08 UTC] [Chilexpress][obtener_regiones] Datos decodificados con exito, fecha del archivo: 2026-08-20 17:53:39
[20-Aug-2026 18:50:08 UTC] [Chilexpress][obtener_regiones] El archivo local de regiones es reciente, no es necesario actualizar
[20-Aug-2026 18:50:09 UTC] [Chilexpress][obtener_regiones] Archivo de regiones existe: C:\Users\HP\Desktop\wirdscrepss\wordpress\wp-content\plugins\chilexpress-oficial/includes/data/regiones/regiones.json
[20-Aug-2026 18:50:09 UTC] [Chilexpress][obtener_regiones] Datos decodificados con exito, fecha del archivo: 2026-08-20 17:53:39
[20-Aug-2026 18:50:09 UTC] [Chilexpress][obtener_regiones] El archivo local de regiones es reciente, no es necesario actualizar
[20-Aug-2026 18:50:10 UTC] [Chilexpress][obtener_comunas] para la region: RM
[20-Aug-2026 18:50:10 UTC] [Chilexpress][obtener_comunas] Busco comunas en el archivo local: C:\Users\HP\Desktop\wirdscrepss\wordpress\wp-content\plugins\chilexpress-oficial/includes/data/comunas/RM.json
[20-Aug-2026 18:50:10 UTC] [Chilexpress][obtener_comunas] El archivo local existe !
[20-Aug-2026 18:50:10 UTC] [Chilexpress][obtener_comunas] Datos decodificados con exito, fecha del archivo: 2026-08-20 17:53:27
[20-Aug-2026 18:50:10 UTC] [Chilexpress][obtener_comunas] El archivo local es reciente, no es necesario actualizar
[20-Aug-2026 18:50:10 UTC] [Chilexpress][obtener_regiones] Archivo de regiones existe: C:\Users\HP\Desktop\wirdscrepss\wordpress\wp-content\plugins\chilexpress-oficial/includes/data/regiones/regiones.json
[20-Aug-2026 18:50:10 UTC] [Chilexpress][obtener_regiones] Datos decodificados con exito, fecha del archivo: 2026-08-20 17:53:39
[20-Aug-2026 18:50:10 UTC] [Chilexpress][obtener_regiones] El archivo local de regiones es reciente, no es necesario actualizar
[20-Aug-2026 18:50:14 UTC] [Chilexpress][obtener_comunas] para la region: RM
[20-Aug-2026 18:50:14 UTC] [Chilexpress][obtener_comunas] Busco comunas en el archivo local: C:\Users\HP\Desktop\wirdscrepss\wordpress\wp-content\plugins\chilexpress-oficial/includes/data/comunas/RM.json
[20-Aug-2026 18:50:14 UTC] [Chilexpress][obtener_comunas] El archivo local existe !
[20-Aug-2026 18:50:14 UTC] [Chilexpress][obtener_comunas] Datos decodificados con exito, fecha del archivo: 2026-08-20 17:53:27
[20-Aug-2026 18:50:14 UTC] [Chilexpress][obtener_comunas] El archivo local es reciente, no es necesario actualizar
[20-Aug-2026 18:50:15 UTC] [Chilexpress][obtener_comunas] para la region: RM
[20-Aug-2026 18:50:15 UTC] [Chilexpress][obtener_comunas] Busco comunas en el archivo local: C:\Users\HP\Desktop\wirdscrepss\wordpress\wp-content\plugins\chilexpress-oficial/includes/data/comunas/RM.json
[20-Aug-2026 18:50:15 UTC] [Chilexpress][obtener_comunas] El archivo local existe !
[20-Aug-2026 18:50:15 UTC] [Chilexpress][obtener_comunas] Datos decodificados con exito, fecha del archivo: 2026-08-20 17:53:27
[20-Aug-2026 18:50:15 UTC] [Chilexpress][obtener_comunas] El archivo local es reciente, no es necesario actualizar
[20-Aug-2026 18:53:58 UTC] [Chilexpress][obtener_regiones] Archivo de regiones existe: C:\Users\HP\Desktop\wirdscrepss\wordpress\wp-content\plugins\chilexpress-oficial/includes/data/regiones/regiones.json
[20-Aug-2026 18:53:58 UTC] [Chilexpress][obtener_regiones] Datos decodificados con exito, fecha del archivo: 2026-08-20 17:53:39
[20-Aug-2026 18:53:58 UTC] [Chilexpress][obtener_regiones] El archivo local de regiones es reciente, no es necesario actualizar
[20-Aug-2026 18:53:58 UTC] WordPress database error <div style="clear:both">&nbsp;</div>
<div class="queries" style="clear:both;margin-bottom:2px;border:red dotted thin;">
<p>MySQL query:</p>
<p>SELECT MIN(date_created_gmt) as min_date_gmt, MAX(date_created_gmt) as max_date_gmt
				 FROM (
					( SELECT date_created_gmt FROM `wp_wc_orders` WHERE type = 'shop_order' AND status != 'trash' ORDER BY date_created_gmt DESC LIMIT 1 )
					UNION ALL
					( SELECT date_created_gmt FROM `wp_wc_orders` WHERE type = 'shop_order' AND status != 'trash' ORDER BY date_created_gmt ASC LIMIT 1 )
				 ) d</p>
<p>Queries made or created this session were:</p>
<ol>
<li>Executing: SELECT MIN ( `date_created_gmt` ) as `min_date_gmt` , MAX ( `date_created_gmt` ) as `max_date_gmt` FROM ( ( SELECT `date_created_gmt` FROM `wp_wc_orders` WHERE `type` = &#039;shop_order&#039; AND `status` != &#039;trash&#039; ORDER BY `date_created_gmt` DESC LIMIT 1 ) UNION ALL ( SELECT `date_created_gmt` FROM `wp_wc_orders` WHERE `type` = &#039;shop_order&#039; AND `status` != &#039;trash&#039; ORDER BY `date_created_gmt` ASC LIMIT 1 ) ) `d` | (no parameters)</li>
</ol>
</div>
<div style="clear:both;margin-bottom:2px;border:red dotted thin;" class="error_message" style="border-bottom:dotted blue thin;">
SQLSTATE[HY000]: General error: 1 near "UNION": syntax error
</div>
<p>Backtrace:</p>
<pre>#0 C:\Users\HP\Desktop\wirdscrepss\wordpress\wp-content\plugins\sqlite-database-integration\wp-includes\database\sqlite\class-wp-mysql-on-sqlite.php(7863): WP_MySQL_On_SQLite->new_driver_exception('SQLSTATE[HY000]...', 'HY000', Object(PDOException))
#1 C:\Users\HP\Desktop\wirdscrepss\wordpress\wp-content\plugins\sqlite-database-integration\wp-includes\database\sqlite\class-wp-mysql-on-sqlite.php(1197): WP_MySQL_On_SQLite->convert_sqlite_exception(Object(PDOException))
#2 C:\Users\HP\Desktop\wirdscrepss\wordpress\wp-content\plugins\sqlite-database-integration\wp-includes\sqlite\class-wp-sqlite-db.php(676): WP_MySQL_On_SQLite->query('SELECT MIN(date...', 5)
#3 C:\Users\HP\Desktop\wirdscrepss\wordpress\wp-content\plugins\sqlite-database-integration\wp-includes\sqlite\class-wp-sqlite-db.php(596): WP_SQLite_DB->_do_query('SELECT MIN(date...')
#4 C:\Users\HP\Desktop\wirdscrepss\wordpress\wp-includes\class-wpdb.php(3069): WP_SQLite_DB->query('SELECT MIN(date...')
#5 C:\Users\HP\Desktop\wirdscrepss\wordpress\wp-content\plugins\woocommerce\src\Internal\Admin\Orders\ListTable.php(880): wpdb->get_row('SELECT MIN(date...')
#6 C:\Users\HP\Desktop\wirdscrepss\wordpress\wp-content\plugins\woocommerce\src\Internal\Admin\Orders\ListTable.php(846): Automattic\WooCommerce\Internal\Admin\Orders\ListTable->get_months_filter_options()
#7 C:\Users\HP\Desktop\wirdscrepss\wordpress\wp-content\plugins\woocommerce\src\Internal\Admin\Orders\ListTable.php(785): Automattic\WooCommerce\Internal\Admin\Orders\ListTable->months_filter()
#8 C:\Users\HP\Desktop\wirdscrepss\wordpress\wp-admin\includes\class-wp-list-table.php(1681): Automattic\WooCommerce\Internal\Admin\Orders\ListTable->extra_tablenav('top')
#9 C:\Users\HP\Desktop\wirdscrepss\wordpress\wp-admin\includes\class-wp-list-table.php(1611): WP_List_Table->display_tablenav('top')
#10 C:\Users\HP\Desktop\wirdscrepss\wordpress\wp-content\plugins\woocommerce\src\Internal\Admin\Orders\ListTable.php(284): WP_List_Table->display()
#11 C:\Users\HP\Desktop\wirdscrepss\wordpress\wp-content\plugins\woocommerce\src\Internal\Admin\Orders\PageController.php(300): Automattic\WooCommerce\Internal\Admin\Orders\ListTable->display()
#12 C:\Users\HP\Desktop\wirdscrepss\wordpress\wp-includes\class-wp-hook.php(341): Automattic\WooCommerce\Internal\Admin\Orders\PageController->output('')
#13 C:\Users\HP\Desktop\wirdscrepss\wordpress\wp-includes\class-wp-hook.php(365): WP_Hook->apply_filters('', Array)
#14 C:\Users\HP\Desktop\wirdscrepss\wordpress\wp-includes\plugin.php(522): WP_Hook->do_action(Array)
#15 C:\Users\HP\Desktop\wirdscrepss\wordpress\wp-admin\admin.php(264): do_action('woocommerce_pag...')
#16 {main}</pre>
 for query SELECT MIN(date_created_gmt) as min_date_gmt, MAX(date_created_gmt) as max_date_gmt
				 FROM (
					( SELECT date_created_gmt FROM `wp_wc_orders` WHERE type = 'shop_order' AND status != 'trash' ORDER BY date_created_gmt DESC LIMIT 1 )
					UNION ALL
					( SELECT date_created_gmt FROM `wp_wc_orders` WHERE type = 'shop_order' AND status != 'trash' ORDER BY date_created_gmt ASC LIMIT 1 )
				 ) d made by do_action('woocommerce_page_wc-orders'), WP_Hook->do_action, WP_Hook->apply_filters, Automattic\WooCommerce\Internal\Admin\Orders\PageController->output, Automattic\WooCommerce\Internal\Admin\Orders\ListTable->display, WP_List_Table->display, WP_List_Table->display_tablenav, Automattic\WooCommerce\Internal\Admin\Orders\ListTable->extra_tablenav, Automattic\WooCommerce\Internal\Admin\Orders\ListTable->months_filter, Automattic\WooCommerce\Internal\Admin\Orders\ListTable->get_months_filter_options, WP_SQLite_DB->query, WP_SQLite_DB->print_error
[20-Aug-2026 18:54:02 UTC] [Chilexpress][obtener_comunas] para la region: RM
[20-Aug-2026 18:54:02 UTC] [Chilexpress][obtener_comunas] Busco comunas en el archivo local: C:\Users\HP\Desktop\wirdscrepss\wordpress\wp-content\plugins\chilexpress-oficial/includes/data/comunas/RM.json
[20-Aug-2026 18:54:02 UTC] [Chilexpress][obtener_comunas] El archivo local existe !
[20-Aug-2026 18:54:02 UTC] [Chilexpress][obtener_comunas] Datos decodificados con exito, fecha del archivo: 2026-08-20 17:53:27
[20-Aug-2026 18:54:02 UTC] [Chilexpress][obtener_comunas] El archivo local es reciente, no es necesario actualizar
[20-Aug-2026 18:54:02 UTC] PHP Warning:  Undefined array key "HTTP_REFERER" in C:\Users\HP\Desktop\wirdscrepss\wordpress\wp-content\plugins\chilexpress-oficial\admin\partials\chilexpress-woo-oficial-admin-form-ot.php on line 14
[20-Aug-2026 18:54:02 UTC] [Chilexpress][obtener_regiones] Archivo de regiones existe: C:\Users\HP\Desktop\wirdscrepss\wordpress\wp-content\plugins\chilexpress-oficial/includes/data/regiones/regiones.json
[20-Aug-2026 18:54:02 UTC] [Chilexpress][obtener_regiones] Datos decodificados con exito, fecha del archivo: 2026-08-20 17:53:39
[20-Aug-2026 18:54:02 UTC] [Chilexpress][obtener_regiones] El archivo local de regiones es reciente, no es necesario actualizar
[20-Aug-2026 18:54:31 UTC] [Chilexpress][obtener_regiones] Archivo de regiones existe: C:\Users\HP\Desktop\wirdscrepss\wordpress\wp-content\plugins\chilexpress-oficial/includes/data/regiones/regiones.json
[20-Aug-2026 18:54:31 UTC] [Chilexpress][obtener_regiones] Datos decodificados con exito, fecha del archivo: 2026-08-20 17:53:39
[20-Aug-2026 18:54:31 UTC] [Chilexpress][obtener_regiones] El archivo local de regiones es reciente, no es necesario actualizar
[20-Aug-2026 18:54:31 UTC] WordPress database error <div style="clear:both">&nbsp;</div>
<div class="queries" style="clear:both;margin-bottom:2px;border:red dotted thin;">
<p>MySQL query:</p>
<p>SELECT MIN(date_created_gmt) as min_date_gmt, MAX(date_created_gmt) as max_date_gmt
				 FROM (
					( SELECT date_created_gmt FROM `wp_wc_orders` WHERE type = 'shop_order' AND status != 'trash' ORDER BY date_created_gmt DESC LIMIT 1 )
					UNION ALL
					( SELECT date_created_gmt FROM `wp_wc_orders` WHERE type = 'shop_order' AND status != 'trash' ORDER BY date_created_gmt ASC LIMIT 1 )
				 ) d</p>
<p>Queries made or created this session were:</p>
<ol>
<li>Executing: SELECT MIN ( `date_created_gmt` ) as `min_date_gmt` , MAX ( `date_created_gmt` ) as `max_date_gmt` FROM ( ( SELECT `date_created_gmt` FROM `wp_wc_orders` WHERE `type` = &#039;shop_order&#039; AND `status` != &#039;trash&#039; ORDER BY `date_created_gmt` DESC LIMIT 1 ) UNION ALL ( SELECT `date_created_gmt` FROM `wp_wc_orders` WHERE `type` = &#039;shop_order&#039; AND `status` != &#039;trash&#039; ORDER BY `date_created_gmt` ASC LIMIT 1 ) ) `d` | (no parameters)</li>
</ol>
</div>
<div style="clear:both;margin-bottom:2px;border:red dotted thin;" class="error_message" style="border-bottom:dotted blue thin;">
SQLSTATE[HY000]: General error: 1 near "UNION": syntax error
</div>
<p>Backtrace:</p>
<pre>#0 C:\Users\HP\Desktop\wirdscrepss\wordpress\wp-content\plugins\sqlite-database-integration\wp-includes\database\sqlite\class-wp-mysql-on-sqlite.php(7863): WP_MySQL_On_SQLite->new_driver_exception('SQLSTATE[HY000]...', 'HY000', Object(PDOException))
#1 C:\Users\HP\Desktop\wirdscrepss\wordpress\wp-content\plugins\sqlite-database-integration\wp-includes\database\sqlite\class-wp-mysql-on-sqlite.php(1197): WP_MySQL_On_SQLite->convert_sqlite_exception(Object(PDOException))
#2 C:\Users\HP\Desktop\wirdscrepss\wordpress\wp-content\plugins\sqlite-database-integration\wp-includes\sqlite\class-wp-sqlite-db.php(676): WP_MySQL_On_SQLite->query('SELECT MIN(date...', 5)
#3 C:\Users\HP\Desktop\wirdscrepss\wordpress\wp-content\plugins\sqlite-database-integration\wp-includes\sqlite\class-wp-sqlite-db.php(596): WP_SQLite_DB->_do_query('SELECT MIN(date...')
#4 C:\Users\HP\Desktop\wirdscrepss\wordpress\wp-includes\class-wpdb.php(3069): WP_SQLite_DB->query('SELECT MIN(date...')
#5 C:\Users\HP\Desktop\wirdscrepss\wordpress\wp-content\plugins\woocommerce\src\Internal\Admin\Orders\ListTable.php(880): wpdb->get_row('SELECT MIN(date...')
#6 C:\Users\HP\Desktop\wirdscrepss\wordpress\wp-content\plugins\woocommerce\src\Internal\Admin\Orders\ListTable.php(846): Automattic\WooCommerce\Internal\Admin\Orders\ListTable->get_months_filter_options()
#7 C:\Users\HP\Desktop\wirdscrepss\wordpress\wp-content\plugins\woocommerce\src\Internal\Admin\Orders\ListTable.php(785): Automattic\WooCommerce\Internal\Admin\Orders\ListTable->months_filter()
#8 C:\Users\HP\Desktop\wirdscrepss\wordpress\wp-admin\includes\class-wp-list-table.php(1681): Automattic\WooCommerce\Internal\Admin\Orders\ListTable->extra_tablenav('top')
#9 C:\Users\HP\Desktop\wirdscrepss\wordpress\wp-admin\includes\class-wp-list-table.php(1611): WP_List_Table->display_tablenav('top')
#10 C:\Users\HP\Desktop\wirdscrepss\wordpress\wp-content\plugins\woocommerce\src\Internal\Admin\Orders\ListTable.php(284): WP_List_Table->display()
#11 C:\Users\HP\Desktop\wirdscrepss\wordpress\wp-content\plugins\woocommerce\src\Internal\Admin\Orders\PageController.php(300): Automattic\WooCommerce\Internal\Admin\Orders\ListTable->display()
#12 C:\Users\HP\Desktop\wirdscrepss\wordpress\wp-includes\class-wp-hook.php(341): Automattic\WooCommerce\Internal\Admin\Orders\PageController->output('')
#13 C:\Users\HP\Desktop\wirdscrepss\wordpress\wp-includes\class-wp-hook.php(365): WP_Hook->apply_filters('', Array)
#14 C:\Users\HP\Desktop\wirdscrepss\wordpress\wp-includes\plugin.php(522): WP_Hook->do_action(Array)
#15 C:\Users\HP\Desktop\wirdscrepss\wordpress\wp-admin\admin.php(264): do_action('woocommerce_pag...')
#16 {main}</pre>
 for query SELECT MIN(date_created_gmt) as min_date_gmt, MAX(date_created_gmt) as max_date_gmt
				 FROM (
					( SELECT date_created_gmt FROM `wp_wc_orders` WHERE type = 'shop_order' AND status != 'trash' ORDER BY date_created_gmt DESC LIMIT 1 )
					UNION ALL
					( SELECT date_created_gmt FROM `wp_wc_orders` WHERE type = 'shop_order' AND status != 'trash' ORDER BY date_created_gmt ASC LIMIT 1 )
				 ) d made by do_action('woocommerce_page_wc-orders'), WP_Hook->do_action, WP_Hook->apply_filters, Automattic\WooCommerce\Internal\Admin\Orders\PageController->output, Automattic\WooCommerce\Internal\Admin\Orders\ListTable->display, WP_List_Table->display, WP_List_Table->display_tablenav, Automattic\WooCommerce\Internal\Admin\Orders\ListTable->extra_tablenav, Automattic\WooCommerce\Internal\Admin\Orders\ListTable->months_filter, Automattic\WooCommerce\Internal\Admin\Orders\ListTable->get_months_filter_options, WP_SQLite_DB->query, WP_SQLite_DB->print_error
[20-Aug-2026 18:54:33 UTC] [Chilexpress][obtener_comunas] para la region: RM
[20-Aug-2026 18:54:33 UTC] [Chilexpress][obtener_comunas] Busco comunas en el archivo local: C:\Users\HP\Desktop\wirdscrepss\wordpress\wp-content\plugins\chilexpress-oficial/includes/data/comunas/RM.json
[20-Aug-2026 18:54:33 UTC] [Chilexpress][obtener_comunas] El archivo local existe !
[20-Aug-2026 18:54:33 UTC] [Chilexpress][obtener_comunas] Datos decodificados con exito, fecha del archivo: 2026-08-20 17:53:27
[20-Aug-2026 18:54:33 UTC] [Chilexpress][obtener_comunas] El archivo local es reciente, no es necesario actualizar
[20-Aug-2026 18:54:33 UTC] PHP Warning:  Undefined array key "HTTP_REFERER" in C:\Users\HP\Desktop\wirdscrepss\wordpress\wp-content\plugins\chilexpress-oficial\admin\partials\chilexpress-woo-oficial-admin-form-ot.php on line 14
[20-Aug-2026 18:54:33 UTC] [Chilexpress][obtener_regiones] Archivo de regiones existe: C:\Users\HP\Desktop\wirdscrepss\wordpress\wp-content\plugins\chilexpress-oficial/includes/data/regiones/regiones.json
[20-Aug-2026 18:54:33 UTC] [Chilexpress][obtener_regiones] Datos decodificados con exito, fecha del archivo: 2026-08-20 17:53:39
[20-Aug-2026 18:54:33 UTC] [Chilexpress][obtener_regiones] El archivo local de regiones es reciente, no es necesario actualizar
[20-Aug-2026 18:57:56 UTC] [Chilexpress][obtener_regiones] Archivo de regiones existe: C:\Users\HP\Desktop\wirdscrepss\wordpress\wp-content\plugins\chilexpress-oficial/includes/data/regiones/regiones.json
[20-Aug-2026 18:57:56 UTC] [Chilexpress][obtener_regiones] Datos decodificados con exito, fecha del archivo: 2026-08-20 17:53:39
[20-Aug-2026 18:57:56 UTC] [Chilexpress][obtener_regiones] El archivo local de regiones es reciente, no es necesario actualizar
[20-Aug-2026 19:02:12 UTC] [Chilexpress][obtener_comunas] para la region: RM
[20-Aug-2026 19:02:12 UTC] [Chilexpress][obtener_comunas] Busco comunas en el archivo local: C:\Users\HP\Desktop\wirdscrepss\wordpress\wp-content\plugins\chilexpress-oficial/includes/data/comunas/RM.json
[20-Aug-2026 19:02:12 UTC] [Chilexpress][obtener_comunas] El archivo local existe !
[20-Aug-2026 19:02:12 UTC] [Chilexpress][obtener_comunas] Datos decodificados con exito, fecha del archivo: 2026-08-20 17:53:27
[20-Aug-2026 19:02:12 UTC] [Chilexpress][obtener_comunas] El archivo local es reciente, no es necesario actualizar
[20-Aug-2026 19:02:12 UTC] [Chilexpress][obtener_regiones] Archivo de regiones existe: C:\Users\HP\Desktop\wirdscrepss\wordpress\wp-content\plugins\chilexpress-oficial/includes/data/regiones/regiones.json
[20-Aug-2026 19:02:12 UTC] [Chilexpress][obtener_regiones] Datos decodificados con exito, fecha del archivo: 2026-08-20 17:53:39
[20-Aug-2026 19:02:12 UTC] [Chilexpress][obtener_regiones] El archivo local de regiones es reciente, no es necesario actualizar
[20-Aug-2026 19:02:18 UTC] [Chilexpress][obtener_regiones] Archivo de regiones existe: C:\Users\HP\Desktop\wirdscrepss\wordpress\wp-content\plugins\chilexpress-oficial/includes/data/regiones/regiones.json
[20-Aug-2026 19:02:18 UTC] [Chilexpress][obtener_regiones] Datos decodificados con exito, fecha del archivo: 2026-08-20 17:53:39
[20-Aug-2026 19:02:18 UTC] [Chilexpress][obtener_regiones] El archivo local de regiones es reciente, no es necesario actualizar
[20-Aug-2026 19:02:18 UTC] WordPress database error <div style="clear:both">&nbsp;</div>
<div class="queries" style="clear:both;margin-bottom:2px;border:red dotted thin;">
<p>MySQL query:</p>
<p>SELECT MIN(date_created_gmt) as min_date_gmt, MAX(date_created_gmt) as max_date_gmt
				 FROM (
					( SELECT date_created_gmt FROM `wp_wc_orders` WHERE type = 'shop_order' AND status != 'trash' ORDER BY date_created_gmt DESC LIMIT 1 )
					UNION ALL
					( SELECT date_created_gmt FROM `wp_wc_orders` WHERE type = 'shop_order' AND status != 'trash' ORDER BY date_created_gmt ASC LIMIT 1 )
				 ) d</p>
<p>Queries made or created this session were:</p>
<ol>
<li>Executing: SELECT MIN ( `date_created_gmt` ) as `min_date_gmt` , MAX ( `date_created_gmt` ) as `max_date_gmt` FROM ( ( SELECT `date_created_gmt` FROM `wp_wc_orders` WHERE `type` = &#039;shop_order&#039; AND `status` != &#039;trash&#039; ORDER BY `date_created_gmt` DESC LIMIT 1 ) UNION ALL ( SELECT `date_created_gmt` FROM `wp_wc_orders` WHERE `type` = &#039;shop_order&#039; AND `status` != &#039;trash&#039; ORDER BY `date_created_gmt` ASC LIMIT 1 ) ) `d` | (no parameters)</li>
</ol>
</div>
<div style="clear:both;margin-bottom:2px;border:red dotted thin;" class="error_message" style="border-bottom:dotted blue thin;">
SQLSTATE[HY000]: General error: 1 near "UNION": syntax error
</div>
<p>Backtrace:</p>
<pre>#0 C:\Users\HP\Desktop\wirdscrepss\wordpress\wp-content\plugins\sqlite-database-integration\wp-includes\database\sqlite\class-wp-mysql-on-sqlite.php(7863): WP_MySQL_On_SQLite->new_driver_exception('SQLSTATE[HY000]...', 'HY000', Object(PDOException))
#1 C:\Users\HP\Desktop\wirdscrepss\wordpress\wp-content\plugins\sqlite-database-integration\wp-includes\database\sqlite\class-wp-mysql-on-sqlite.php(1197): WP_MySQL_On_SQLite->convert_sqlite_exception(Object(PDOException))
#2 C:\Users\HP\Desktop\wirdscrepss\wordpress\wp-content\plugins\sqlite-database-integration\wp-includes\sqlite\class-wp-sqlite-db.php(676): WP_MySQL_On_SQLite->query('SELECT MIN(date...', 5)
#3 C:\Users\HP\Desktop\wirdscrepss\wordpress\wp-content\plugins\sqlite-database-integration\wp-includes\sqlite\class-wp-sqlite-db.php(596): WP_SQLite_DB->_do_query('SELECT MIN(date...')
#4 C:\Users\HP\Desktop\wirdscrepss\wordpress\wp-includes\class-wpdb.php(3069): WP_SQLite_DB->query('SELECT MIN(date...')
#5 C:\Users\HP\Desktop\wirdscrepss\wordpress\wp-content\plugins\woocommerce\src\Internal\Admin\Orders\ListTable.php(880): wpdb->get_row('SELECT MIN(date...')
#6 C:\Users\HP\Desktop\wirdscrepss\wordpress\wp-content\plugins\woocommerce\src\Internal\Admin\Orders\ListTable.php(846): Automattic\WooCommerce\Internal\Admin\Orders\ListTable->get_months_filter_options()
#7 C:\Users\HP\Desktop\wirdscrepss\wordpress\wp-content\plugins\woocommerce\src\Internal\Admin\Orders\ListTable.php(785): Automattic\WooCommerce\Internal\Admin\Orders\ListTable->months_filter()
#8 C:\Users\HP\Desktop\wirdscrepss\wordpress\wp-admin\includes\class-wp-list-table.php(1681): Automattic\WooCommerce\Internal\Admin\Orders\ListTable->extra_tablenav('top')
#9 C:\Users\HP\Desktop\wirdscrepss\wordpress\wp-admin\includes\class-wp-list-table.php(1611): WP_List_Table->display_tablenav('top')
#10 C:\Users\HP\Desktop\wirdscrepss\wordpress\wp-content\plugins\woocommerce\src\Internal\Admin\Orders\ListTable.php(284): WP_List_Table->display()
#11 C:\Users\HP\Desktop\wirdscrepss\wordpress\wp-content\plugins\woocommerce\src\Internal\Admin\Orders\PageController.php(300): Automattic\WooCommerce\Internal\Admin\Orders\ListTable->display()
#12 C:\Users\HP\Desktop\wirdscrepss\wordpress\wp-includes\class-wp-hook.php(341): Automattic\WooCommerce\Internal\Admin\Orders\PageController->output('')
#13 C:\Users\HP\Desktop\wirdscrepss\wordpress\wp-includes\class-wp-hook.php(365): WP_Hook->apply_filters('', Array)
#14 C:\Users\HP\Desktop\wirdscrepss\wordpress\wp-includes\plugin.php(522): WP_Hook->do_action(Array)
#15 C:\Users\HP\Desktop\wirdscrepss\wordpress\wp-admin\admin.php(264): do_action('woocommerce_pag...')
#16 {main}</pre>
 for query SELECT MIN(date_created_gmt) as min_date_gmt, MAX(date_created_gmt) as max_date_gmt
				 FROM (
					( SELECT date_created_gmt FROM `wp_wc_orders` WHERE type = 'shop_order' AND status != 'trash' ORDER BY date_created_gmt DESC LIMIT 1 )
					UNION ALL
					( SELECT date_created_gmt FROM `wp_wc_orders` WHERE type = 'shop_order' AND status != 'trash' ORDER BY date_created_gmt ASC LIMIT 1 )
				 ) d made by do_action('woocommerce_page_wc-orders'), WP_Hook->do_action, WP_Hook->apply_filters, Automattic\WooCommerce\Internal\Admin\Orders\PageController->output, Automattic\WooCommerce\Internal\Admin\Orders\ListTable->display, WP_List_Table->display, WP_List_Table->display_tablenav, Automattic\WooCommerce\Internal\Admin\Orders\ListTable->extra_tablenav, Automattic\WooCommerce\Internal\Admin\Orders\ListTable->months_filter, Automattic\WooCommerce\Internal\Admin\Orders\ListTable->get_months_filter_options, WP_SQLite_DB->query, WP_SQLite_DB->print_error
[20-Aug-2026 19:02:47 UTC] [Chilexpress][obtener_regiones] Archivo de regiones existe: C:\Users\HP\Desktop\wirdscrepss\wordpress\wp-content\plugins\chilexpress-oficial/includes/data/regiones/regiones.json
[20-Aug-2026 19:02:47 UTC] [Chilexpress][obtener_regiones] Datos decodificados con exito, fecha del archivo: 2026-08-20 17:53:39
[20-Aug-2026 19:02:47 UTC] [Chilexpress][obtener_regiones] El archivo local de regiones es reciente, no es necesario actualizar
[20-Aug-2026 19:02:56 UTC] [Chilexpress][obtener_regiones] Archivo de regiones existe: C:\Users\HP\Desktop\wirdscrepss\wordpress\wp-content\plugins\chilexpress-oficial/includes/data/regiones/regiones.json
[20-Aug-2026 19:02:56 UTC] [Chilexpress][obtener_regiones] Datos decodificados con exito, fecha del archivo: 2026-08-20 17:53:39
[20-Aug-2026 19:02:56 UTC] [Chilexpress][obtener_regiones] El archivo local de regiones es reciente, no es necesario actualizar
[20-Aug-2026 19:02:56 UTC] WordPress database error <div style="clear:both">&nbsp;</div>
<div class="queries" style="clear:both;margin-bottom:2px;border:red dotted thin;">
<p>MySQL query:</p>
<p>SELECT MIN(date_created_gmt) as min_date_gmt, MAX(date_created_gmt) as max_date_gmt
				 FROM (
					( SELECT date_created_gmt FROM `wp_wc_orders` WHERE type = 'shop_order' AND status != 'trash' ORDER BY date_created_gmt DESC LIMIT 1 )
					UNION ALL
					( SELECT date_created_gmt FROM `wp_wc_orders` WHERE type = 'shop_order' AND status != 'trash' ORDER BY date_created_gmt ASC LIMIT 1 )
				 ) d</p>
<p>Queries made or created this session were:</p>
<ol>
<li>Executing: SELECT MIN ( `date_created_gmt` ) as `min_date_gmt` , MAX ( `date_created_gmt` ) as `max_date_gmt` FROM ( ( SELECT `date_created_gmt` FROM `wp_wc_orders` WHERE `type` = &#039;shop_order&#039; AND `status` != &#039;trash&#039; ORDER BY `date_created_gmt` DESC LIMIT 1 ) UNION ALL ( SELECT `date_created_gmt` FROM `wp_wc_orders` WHERE `type` = &#039;shop_order&#039; AND `status` != &#039;trash&#039; ORDER BY `date_created_gmt` ASC LIMIT 1 ) ) `d` | (no parameters)</li>
</ol>
</div>
<div style="clear:both;margin-bottom:2px;border:red dotted thin;" class="error_message" style="border-bottom:dotted blue thin;">
SQLSTATE[HY000]: General error: 1 near "UNION": syntax error
</div>
<p>Backtrace:</p>
<pre>#0 C:\Users\HP\Desktop\wirdscrepss\wordpress\wp-content\plugins\sqlite-database-integration\wp-includes\database\sqlite\class-wp-mysql-on-sqlite.php(7863): WP_MySQL_On_SQLite->new_driver_exception('SQLSTATE[HY000]...', 'HY000', Object(PDOException))
#1 C:\Users\HP\Desktop\wirdscrepss\wordpress\wp-content\plugins\sqlite-database-integration\wp-includes\database\sqlite\class-wp-mysql-on-sqlite.php(1197): WP_MySQL_On_SQLite->convert_sqlite_exception(Object(PDOException))
#2 C:\Users\HP\Desktop\wirdscrepss\wordpress\wp-content\plugins\sqlite-database-integration\wp-includes\sqlite\class-wp-sqlite-db.php(676): WP_MySQL_On_SQLite->query('SELECT MIN(date...', 5)
#3 C:\Users\HP\Desktop\wirdscrepss\wordpress\wp-content\plugins\sqlite-database-integration\wp-includes\sqlite\class-wp-sqlite-db.php(596): WP_SQLite_DB->_do_query('SELECT MIN(date...')
#4 C:\Users\HP\Desktop\wirdscrepss\wordpress\wp-includes\class-wpdb.php(3069): WP_SQLite_DB->query('SELECT MIN(date...')
#5 C:\Users\HP\Desktop\wirdscrepss\wordpress\wp-content\plugins\woocommerce\src\Internal\Admin\Orders\ListTable.php(880): wpdb->get_row('SELECT MIN(date...')
#6 C:\Users\HP\Desktop\wirdscrepss\wordpress\wp-content\plugins\woocommerce\src\Internal\Admin\Orders\ListTable.php(846): Automattic\WooCommerce\Internal\Admin\Orders\ListTable->get_months_filter_options()
#7 C:\Users\HP\Desktop\wirdscrepss\wordpress\wp-content\plugins\woocommerce\src\Internal\Admin\Orders\ListTable.php(785): Automattic\WooCommerce\Internal\Admin\Orders\ListTable->months_filter()
#8 C:\Users\HP\Desktop\wirdscrepss\wordpress\wp-admin\includes\class-wp-list-table.php(1681): Automattic\WooCommerce\Internal\Admin\Orders\ListTable->extra_tablenav('top')
#9 C:\Users\HP\Desktop\wirdscrepss\wordpress\wp-admin\includes\class-wp-list-table.php(1611): WP_List_Table->display_tablenav('top')
#10 C:\Users\HP\Desktop\wirdscrepss\wordpress\wp-content\plugins\woocommerce\src\Internal\Admin\Orders\ListTable.php(284): WP_List_Table->display()
#11 C:\Users\HP\Desktop\wirdscrepss\wordpress\wp-content\plugins\woocommerce\src\Internal\Admin\Orders\PageController.php(300): Automattic\WooCommerce\Internal\Admin\Orders\ListTable->display()
#12 C:\Users\HP\Desktop\wirdscrepss\wordpress\wp-includes\class-wp-hook.php(341): Automattic\WooCommerce\Internal\Admin\Orders\PageController->output('')
#13 C:\Users\HP\Desktop\wirdscrepss\wordpress\wp-includes\class-wp-hook.php(365): WP_Hook->apply_filters('', Array)
#14 C:\Users\HP\Desktop\wirdscrepss\wordpress\wp-includes\plugin.php(522): WP_Hook->do_action(Array)
#15 C:\Users\HP\Desktop\wirdscrepss\wordpress\wp-admin\admin.php(264): do_action('woocommerce_pag...')
#16 {main}</pre>
 for query SELECT MIN(date_created_gmt) as min_date_gmt, MAX(date_created_gmt) as max_date_gmt
				 FROM (
					( SELECT date_created_gmt FROM `wp_wc_orders` WHERE type = 'shop_order' AND status != 'trash' ORDER BY date_created_gmt DESC LIMIT 1 )
					UNION ALL
					( SELECT date_created_gmt FROM `wp_wc_orders` WHERE type = 'shop_order' AND status != 'trash' ORDER BY date_created_gmt ASC LIMIT 1 )
				 ) d made by do_action('woocommerce_page_wc-orders'), WP_Hook->do_action, WP_Hook->apply_filters, Automattic\WooCommerce\Internal\Admin\Orders\PageController->output, Automattic\WooCommerce\Internal\Admin\Orders\ListTable->display, WP_List_Table->display, WP_List_Table->display_tablenav, Automattic\WooCommerce\Internal\Admin\Orders\ListTable->extra_tablenav, Automattic\WooCommerce\Internal\Admin\Orders\ListTable->months_filter, Automattic\WooCommerce\Internal\Admin\Orders\ListTable->get_months_filter_options, WP_SQLite_DB->query, WP_SQLite_DB->print_error
[20-Aug-2026 19:03:06 UTC] [Chilexpress][obtener_regiones] Archivo de regiones existe: C:\Users\HP\Desktop\wirdscrepss\wordpress\wp-content\plugins\chilexpress-oficial/includes/data/regiones/regiones.json
[20-Aug-2026 19:03:06 UTC] [Chilexpress][obtener_regiones] Datos decodificados con exito, fecha del archivo: 2026-08-20 17:53:39
[20-Aug-2026 19:03:06 UTC] [Chilexpress][obtener_regiones] El archivo local de regiones es reciente, no es necesario actualizar
[20-Aug-2026 19:03:13 UTC] [Chilexpress][obtener_regiones] Archivo de regiones existe: C:\Users\HP\Desktop\wirdscrepss\wordpress\wp-content\plugins\chilexpress-oficial/includes/data/regiones/regiones.json
[20-Aug-2026 19:03:13 UTC] [Chilexpress][obtener_regiones] Datos decodificados con exito, fecha del archivo: 2026-08-20 17:53:39
[20-Aug-2026 19:03:13 UTC] [Chilexpress][obtener_regiones] El archivo local de regiones es reciente, no es necesario actualizar
[20-Aug-2026 19:03:14 UTC] [Chilexpress][obtener_regiones] Archivo de regiones existe: C:\Users\HP\Desktop\wirdscrepss\wordpress\wp-content\plugins\chilexpress-oficial/includes/data/regiones/regiones.json
[20-Aug-2026 19:03:14 UTC] [Chilexpress][obtener_regiones] Datos decodificados con exito, fecha del archivo: 2026-08-20 17:53:39
[20-Aug-2026 19:03:14 UTC] [Chilexpress][obtener_regiones] El archivo local de regiones es reciente, no es necesario actualizar
[20-Aug-2026 19:03:17 UTC] [Chilexpress][obtener_comunas] para la region: RM
[20-Aug-2026 19:03:17 UTC] [Chilexpress][obtener_comunas] Busco comunas en el archivo local: C:\Users\HP\Desktop\wirdscrepss\wordpress\wp-content\plugins\chilexpress-oficial/includes/data/comunas/RM.json
[20-Aug-2026 19:03:17 UTC] [Chilexpress][obtener_comunas] El archivo local existe !
[20-Aug-2026 19:03:17 UTC] [Chilexpress][obtener_comunas] Datos decodificados con exito, fecha del archivo: 2026-08-20 17:53:27
[20-Aug-2026 19:03:17 UTC] [Chilexpress][obtener_comunas] El archivo local es reciente, no es necesario actualizar
[20-Aug-2026 19:03:18 UTC] [Chilexpress][obtener_comunas] para la region: RM
[20-Aug-2026 19:03:18 UTC] [Chilexpress][obtener_comunas] Busco comunas en el archivo local: C:\Users\HP\Desktop\wirdscrepss\wordpress\wp-content\plugins\chilexpress-oficial/includes/data/comunas/RM.json
[20-Aug-2026 19:03:18 UTC] [Chilexpress][obtener_comunas] El archivo local existe !
[20-Aug-2026 19:03:18 UTC] [Chilexpress][obtener_comunas] Datos decodificados con exito, fecha del archivo: 2026-08-20 17:53:27
[20-Aug-2026 19:03:18 UTC] [Chilexpress][obtener_comunas] El archivo local es reciente, no es necesario actualizar
[20-Aug-2026 19:03:23 UTC] [Chilexpress][obtener_comunas] para la region: RM
[20-Aug-2026 19:03:23 UTC] [Chilexpress][obtener_comunas] Busco comunas en el archivo local: C:\Users\HP\Desktop\wirdscrepss\wordpress\wp-content\plugins\chilexpress-oficial/includes/data/comunas/RM.json
[20-Aug-2026 19:03:23 UTC] [Chilexpress][obtener_comunas] El archivo local existe !
[20-Aug-2026 19:03:23 UTC] [Chilexpress][obtener_comunas] Datos decodificados con exito, fecha del archivo: 2026-08-20 17:53:27
[20-Aug-2026 19:03:23 UTC] [Chilexpress][obtener_comunas] El archivo local es reciente, no es necesario actualizar
[20-Aug-2026 19:03:23 UTC] [Chilexpress][obtener_regiones] Archivo de regiones existe: C:\Users\HP\Desktop\wirdscrepss\wordpress\wp-content\plugins\chilexpress-oficial/includes/data/regiones/regiones.json
[20-Aug-2026 19:03:23 UTC] [Chilexpress][obtener_regiones] Datos decodificados con exito, fecha del archivo: 2026-08-20 17:53:39
[20-Aug-2026 19:03:23 UTC] [Chilexpress][obtener_regiones] El archivo local de regiones es reciente, no es necesario actualizar
[20-Aug-2026 19:03:31 UTC] [Chilexpress][obtener_comunas] para la region: RM
[20-Aug-2026 19:03:31 UTC] [Chilexpress][obtener_comunas] Busco comunas en el archivo local: C:\Users\HP\Desktop\wirdscrepss\wordpress\wp-content\plugins\chilexpress-oficial/includes/data/comunas/RM.json
[20-Aug-2026 19:03:31 UTC] [Chilexpress][obtener_comunas] El archivo local existe !
[20-Aug-2026 19:03:31 UTC] [Chilexpress][obtener_comunas] Datos decodificados con exito, fecha del archivo: 2026-08-20 17:53:27
[20-Aug-2026 19:03:31 UTC] [Chilexpress][obtener_comunas] El archivo local es reciente, no es necesario actualizar
[20-Aug-2026 19:03:36 UTC] [Chilexpress][obtener_regiones] Archivo de regiones existe: C:\Users\HP\Desktop\wirdscrepss\wordpress\wp-content\plugins\chilexpress-oficial/includes/data/regiones/regiones.json
[20-Aug-2026 19:03:36 UTC] [Chilexpress][obtener_regiones] Datos decodificados con exito, fecha del archivo: 2026-08-20 17:53:39
[20-Aug-2026 19:03:36 UTC] [Chilexpress][obtener_regiones] El archivo local de regiones es reciente, no es necesario actualizar
[20-Aug-2026 19:03:40 UTC] [Chilexpress][obtener_regiones] Archivo de regiones existe: C:\Users\HP\Desktop\wirdscrepss\wordpress\wp-content\plugins\chilexpress-oficial/includes/data/regiones/regiones.json
[20-Aug-2026 19:03:40 UTC] [Chilexpress][obtener_regiones] Datos decodificados con exito, fecha del archivo: 2026-08-20 17:53:39
[20-Aug-2026 19:03:40 UTC] [Chilexpress][obtener_regiones] El archivo local de regiones es reciente, no es necesario actualizar
[20-Aug-2026 19:03:40 UTC] WordPress database error <div style="clear:both">&nbsp;</div>
<div class="queries" style="clear:both;margin-bottom:2px;border:red dotted thin;">
<p>MySQL query:</p>
<p>SELECT MIN(date_created_gmt) as min_date_gmt, MAX(date_created_gmt) as max_date_gmt
				 FROM (
					( SELECT date_created_gmt FROM `wp_wc_orders` WHERE type = 'shop_order' AND status != 'trash' ORDER BY date_created_gmt DESC LIMIT 1 )
					UNION ALL
					( SELECT date_created_gmt FROM `wp_wc_orders` WHERE type = 'shop_order' AND status != 'trash' ORDER BY date_created_gmt ASC LIMIT 1 )
				 ) d</p>
<p>Queries made or created this session were:</p>
<ol>
<li>Executing: SELECT MIN ( `date_created_gmt` ) as `min_date_gmt` , MAX ( `date_created_gmt` ) as `max_date_gmt` FROM ( ( SELECT `date_created_gmt` FROM `wp_wc_orders` WHERE `type` = &#039;shop_order&#039; AND `status` != &#039;trash&#039; ORDER BY `date_created_gmt` DESC LIMIT 1 ) UNION ALL ( SELECT `date_created_gmt` FROM `wp_wc_orders` WHERE `type` = &#039;shop_order&#039; AND `status` != &#039;trash&#039; ORDER BY `date_created_gmt` ASC LIMIT 1 ) ) `d` | (no parameters)</li>
</ol>
</div>
<div style="clear:both;margin-bottom:2px;border:red dotted thin;" class="error_message" style="border-bottom:dotted blue thin;">
SQLSTATE[HY000]: General error: 1 near "UNION": syntax error
</div>
<p>Backtrace:</p>
<pre>#0 C:\Users\HP\Desktop\wirdscrepss\wordpress\wp-content\plugins\sqlite-database-integration\wp-includes\database\sqlite\class-wp-mysql-on-sqlite.php(7863): WP_MySQL_On_SQLite->new_driver_exception('SQLSTATE[HY000]...', 'HY000', Object(PDOException))
#1 C:\Users\HP\Desktop\wirdscrepss\wordpress\wp-content\plugins\sqlite-database-integration\wp-includes\database\sqlite\class-wp-mysql-on-sqlite.php(1197): WP_MySQL_On_SQLite->convert_sqlite_exception(Object(PDOException))
#2 C:\Users\HP\Desktop\wirdscrepss\wordpress\wp-content\plugins\sqlite-database-integration\wp-includes\sqlite\class-wp-sqlite-db.php(676): WP_MySQL_On_SQLite->query('SELECT MIN(date...', 5)
#3 C:\Users\HP\Desktop\wirdscrepss\wordpress\wp-content\plugins\sqlite-database-integration\wp-includes\sqlite\class-wp-sqlite-db.php(596): WP_SQLite_DB->_do_query('SELECT MIN(date...')
#4 C:\Users\HP\Desktop\wirdscrepss\wordpress\wp-includes\class-wpdb.php(3069): WP_SQLite_DB->query('SELECT MIN(date...')
#5 C:\Users\HP\Desktop\wirdscrepss\wordpress\wp-content\plugins\woocommerce\src\Internal\Admin\Orders\ListTable.php(880): wpdb->get_row('SELECT MIN(date...')
#6 C:\Users\HP\Desktop\wirdscrepss\wordpress\wp-content\plugins\woocommerce\src\Internal\Admin\Orders\ListTable.php(846): Automattic\WooCommerce\Internal\Admin\Orders\ListTable->get_months_filter_options()
#7 C:\Users\HP\Desktop\wirdscrepss\wordpress\wp-content\plugins\woocommerce\src\Internal\Admin\Orders\ListTable.php(785): Automattic\WooCommerce\Internal\Admin\Orders\ListTable->months_filter()
#8 C:\Users\HP\Desktop\wirdscrepss\wordpress\wp-admin\includes\class-wp-list-table.php(1681): Automattic\WooCommerce\Internal\Admin\Orders\ListTable->extra_tablenav('top')
#9 C:\Users\HP\Desktop\wirdscrepss\wordpress\wp-admin\includes\class-wp-list-table.php(1611): WP_List_Table->display_tablenav('top')
#10 C:\Users\HP\Desktop\wirdscrepss\wordpress\wp-content\plugins\woocommerce\src\Internal\Admin\Orders\ListTable.php(284): WP_List_Table->display()
#11 C:\Users\HP\Desktop\wirdscrepss\wordpress\wp-content\plugins\woocommerce\src\Internal\Admin\Orders\PageController.php(300): Automattic\WooCommerce\Internal\Admin\Orders\ListTable->display()
#12 C:\Users\HP\Desktop\wirdscrepss\wordpress\wp-includes\class-wp-hook.php(341): Automattic\WooCommerce\Internal\Admin\Orders\PageController->output('')
#13 C:\Users\HP\Desktop\wirdscrepss\wordpress\wp-includes\class-wp-hook.php(365): WP_Hook->apply_filters('', Array)
#14 C:\Users\HP\Desktop\wirdscrepss\wordpress\wp-includes\plugin.php(522): WP_Hook->do_action(Array)
#15 C:\Users\HP\Desktop\wirdscrepss\wordpress\wp-admin\admin.php(264): do_action('woocommerce_pag...')
#16 {main}</pre>
 for query SELECT MIN(date_created_gmt) as min_date_gmt, MAX(date_created_gmt) as max_date_gmt
				 FROM (
					( SELECT date_created_gmt FROM `wp_wc_orders` WHERE type = 'shop_order' AND status != 'trash' ORDER BY date_created_gmt DESC LIMIT 1 )
					UNION ALL
					( SELECT date_created_gmt FROM `wp_wc_orders` WHERE type = 'shop_order' AND status != 'trash' ORDER BY date_created_gmt ASC LIMIT 1 )
				 ) d made by do_action('woocommerce_page_wc-orders'), WP_Hook->do_action, WP_Hook->apply_filters, Automattic\WooCommerce\Internal\Admin\Orders\PageController->output, Automattic\WooCommerce\Internal\Admin\Orders\ListTable->display, WP_List_Table->display, WP_List_Table->display_tablenav, Automattic\WooCommerce\Internal\Admin\Orders\ListTable->extra_tablenav, Automattic\WooCommerce\Internal\Admin\Orders\ListTable->months_filter, Automattic\WooCommerce\Internal\Admin\Orders\ListTable->get_months_filter_options, WP_SQLite_DB->query, WP_SQLite_DB->print_error
[20-Aug-2026 19:05:58 UTC] [Chilexpress][obtener_regiones] Archivo de regiones existe: C:\Users\HP\Desktop\wirdscrepss\wordpress\wp-content\plugins\chilexpress-oficial/includes/data/regiones/regiones.json
[20-Aug-2026 19:05:58 UTC] [Chilexpress][obtener_regiones] Datos decodificados con exito, fecha del archivo: 2026-08-20 17:53:39
[20-Aug-2026 19:05:59 UTC] [Chilexpress][obtener_regiones] El archivo local de regiones es reciente, no es necesario actualizar
[20-Aug-2026 19:06:01 UTC] [Chilexpress][obtener_regiones] Archivo de regiones existe: C:\Users\HP\Desktop\wirdscrepss\wordpress\wp-content\plugins\chilexpress-oficial/includes/data/regiones/regiones.json
[20-Aug-2026 19:06:01 UTC] [Chilexpress][obtener_regiones] Datos decodificados con exito, fecha del archivo: 2026-08-20 17:53:39
[20-Aug-2026 19:06:01 UTC] [Chilexpress][obtener_regiones] El archivo local de regiones es reciente, no es necesario actualizar
[20-Aug-2026 19:06:02 UTC] [Chilexpress][obtener_comunas] para la region: RM
[20-Aug-2026 19:06:02 UTC] [Chilexpress][obtener_comunas] Busco comunas en el archivo local: C:\Users\HP\Desktop\wirdscrepss\wordpress\wp-content\plugins\chilexpress-oficial/includes/data/comunas/RM.json
[20-Aug-2026 19:06:02 UTC] [Chilexpress][obtener_comunas] El archivo local existe !
[20-Aug-2026 19:06:02 UTC] [Chilexpress][obtener_comunas] Datos decodificados con exito, fecha del archivo: 2026-08-20 17:53:27
[20-Aug-2026 19:06:02 UTC] [Chilexpress][obtener_comunas] El archivo local es reciente, no es necesario actualizar
[20-Aug-2026 19:06:03 UTC] [Chilexpress][obtener_comunas] para la region: RM
[20-Aug-2026 19:06:03 UTC] [Chilexpress][obtener_comunas] Busco comunas en el archivo local: C:\Users\HP\Desktop\wirdscrepss\wordpress\wp-content\plugins\chilexpress-oficial/includes/data/comunas/RM.json
[20-Aug-2026 19:06:03 UTC] [Chilexpress][obtener_comunas] El archivo local existe !
[20-Aug-2026 19:06:03 UTC] [Chilexpress][obtener_comunas] Datos decodificados con exito, fecha del archivo: 2026-08-20 17:53:27
[20-Aug-2026 19:06:03 UTC] [Chilexpress][obtener_comunas] El archivo local es reciente, no es necesario actualizar
[20-Aug-2026 19:06:05 UTC] [Chilexpress][obtener_regiones] Archivo de regiones existe: C:\Users\HP\Desktop\wirdscrepss\wordpress\wp-content\plugins\chilexpress-oficial/includes/data/regiones/regiones.json
[20-Aug-2026 19:06:06 UTC] [Chilexpress][obtener_regiones] Datos decodificados con exito, fecha del archivo: 2026-08-20 17:53:39
[20-Aug-2026 19:06:06 UTC] [Chilexpress][obtener_regiones] El archivo local de regiones es reciente, no es necesario actualizar
[20-Aug-2026 19:06:06 UTC] [Chilexpress][obtener_regiones] Archivo de regiones existe: C:\Users\HP\Desktop\wirdscrepss\wordpress\wp-content\plugins\chilexpress-oficial/includes/data/regiones/regiones.json
[20-Aug-2026 19:06:06 UTC] [Chilexpress][obtener_regiones] Datos decodificados con exito, fecha del archivo: 2026-08-20 17:53:39
[20-Aug-2026 19:06:06 UTC] [Chilexpress][obtener_regiones] El archivo local de regiones es reciente, no es necesario actualizar
[20-Aug-2026 19:06:07 UTC] [Chilexpress][obtener_comunas] para la region: RM
[20-Aug-2026 19:06:07 UTC] [Chilexpress][obtener_comunas] Busco comunas en el archivo local: C:\Users\HP\Desktop\wirdscrepss\wordpress\wp-content\plugins\chilexpress-oficial/includes/data/comunas/RM.json
[20-Aug-2026 19:06:07 UTC] [Chilexpress][obtener_comunas] El archivo local existe !
[20-Aug-2026 19:06:07 UTC] [Chilexpress][obtener_comunas] Datos decodificados con exito, fecha del archivo: 2026-08-20 17:53:27
[20-Aug-2026 19:06:07 UTC] [Chilexpress][obtener_comunas] El archivo local es reciente, no es necesario actualizar
[20-Aug-2026 19:06:08 UTC] [Chilexpress][obtener_comunas] para la region: RM
[20-Aug-2026 19:06:08 UTC] [Chilexpress][obtener_comunas] Busco comunas en el archivo local: C:\Users\HP\Desktop\wirdscrepss\wordpress\wp-content\plugins\chilexpress-oficial/includes/data/comunas/RM.json
[20-Aug-2026 19:06:08 UTC] [Chilexpress][obtener_comunas] El archivo local existe !
[20-Aug-2026 19:06:08 UTC] [Chilexpress][obtener_comunas] Datos decodificados con exito, fecha del archivo: 2026-08-20 17:53:27
[20-Aug-2026 19:06:08 UTC] [Chilexpress][obtener_comunas] El archivo local es reciente, no es necesario actualizar
[20-Aug-2026 19:06:14 UTC] [Chilexpress][obtener_regiones] Archivo de regiones existe: C:\Users\HP\Desktop\wirdscrepss\wordpress\wp-content\plugins\chilexpress-oficial/includes/data/regiones/regiones.json
[20-Aug-2026 19:06:14 UTC] [Chilexpress][obtener_regiones] Datos decodificados con exito, fecha del archivo: 2026-08-20 17:53:39
[20-Aug-2026 19:06:14 UTC] [Chilexpress][obtener_regiones] El archivo local de regiones es reciente, no es necesario actualizar
[20-Aug-2026 19:06:15 UTC] [Chilexpress][obtener_comunas] para la region: RM
[20-Aug-2026 19:06:15 UTC] [Chilexpress][obtener_comunas] Busco comunas en el archivo local: C:\Users\HP\Desktop\wirdscrepss\wordpress\wp-content\plugins\chilexpress-oficial/includes/data/comunas/RM.json
[20-Aug-2026 19:06:15 UTC] [Chilexpress][obtener_comunas] El archivo local existe !
[20-Aug-2026 19:06:15 UTC] [Chilexpress][obtener_comunas] Datos decodificados con exito, fecha del archivo: 2026-08-20 17:53:27
[20-Aug-2026 19:06:15 UTC] [Chilexpress][obtener_comunas] El archivo local es reciente, no es necesario actualizar
[20-Aug-2026 19:06:16 UTC] [Chilexpress][obtener_comunas] para la region: RM
[20-Aug-2026 19:06:16 UTC] [Chilexpress][obtener_comunas] Busco comunas en el archivo local: C:\Users\HP\Desktop\wirdscrepss\wordpress\wp-content\plugins\chilexpress-oficial/includes/data/comunas/RM.json
[20-Aug-2026 19:06:16 UTC] [Chilexpress][obtener_comunas] El archivo local existe !
[20-Aug-2026 19:06:16 UTC] [Chilexpress][obtener_comunas] Datos decodificados con exito, fecha del archivo: 2026-08-20 17:53:27
[20-Aug-2026 19:06:16 UTC] [Chilexpress][obtener_comunas] El archivo local es reciente, no es necesario actualizar
[20-Aug-2026 19:06:17 UTC] [Chilexpress][obtener_regiones] Archivo de regiones existe: C:\Users\HP\Desktop\wirdscrepss\wordpress\wp-content\plugins\chilexpress-oficial/includes/data/regiones/regiones.json
[20-Aug-2026 19:06:17 UTC] [Chilexpress][obtener_regiones] Datos decodificados con exito, fecha del archivo: 2026-08-20 17:53:39
[20-Aug-2026 19:06:17 UTC] [Chilexpress][obtener_regiones] El archivo local de regiones es reciente, no es necesario actualizar
[20-Aug-2026 19:06:22 UTC] [Chilexpress][obtener_regiones] Archivo de regiones existe: C:\Users\HP\Desktop\wirdscrepss\wordpress\wp-content\plugins\chilexpress-oficial/includes/data/regiones/regiones.json
[20-Aug-2026 19:06:22 UTC] [Chilexpress][obtener_regiones] Datos decodificados con exito, fecha del archivo: 2026-08-20 17:53:39
[20-Aug-2026 19:06:22 UTC] [Chilexpress][obtener_regiones] El archivo local de regiones es reciente, no es necesario actualizar
[20-Aug-2026 19:06:23 UTC] [Chilexpress][obtener_regiones] Archivo de regiones existe: C:\Users\HP\Desktop\wirdscrepss\wordpress\wp-content\plugins\chilexpress-oficial/includes/data/regiones/regiones.json
[20-Aug-2026 19:06:23 UTC] [Chilexpress][obtener_regiones] Datos decodificados con exito, fecha del archivo: 2026-08-20 17:53:39
[20-Aug-2026 19:06:23 UTC] [Chilexpress][obtener_regiones] El archivo local de regiones es reciente, no es necesario actualizar
[20-Aug-2026 19:06:24 UTC] [Chilexpress][obtener_comunas] para la region: RM
[20-Aug-2026 19:06:24 UTC] [Chilexpress][obtener_comunas] Busco comunas en el archivo local: C:\Users\HP\Desktop\wirdscrepss\wordpress\wp-content\plugins\chilexpress-oficial/includes/data/comunas/RM.json
[20-Aug-2026 19:06:24 UTC] [Chilexpress][obtener_comunas] El archivo local existe !
[20-Aug-2026 19:06:24 UTC] [Chilexpress][obtener_comunas] Datos decodificados con exito, fecha del archivo: 2026-08-20 17:53:27
[20-Aug-2026 19:06:24 UTC] [Chilexpress][obtener_comunas] El archivo local es reciente, no es necesario actualizar
[20-Aug-2026 19:06:25 UTC] [Chilexpress][obtener_comunas] para la region: RM
[20-Aug-2026 19:06:25 UTC] [Chilexpress][obtener_comunas] Busco comunas en el archivo local: C:\Users\HP\Desktop\wirdscrepss\wordpress\wp-content\plugins\chilexpress-oficial/includes/data/comunas/RM.json
[20-Aug-2026 19:06:25 UTC] [Chilexpress][obtener_comunas] El archivo local existe !
[20-Aug-2026 19:06:25 UTC] [Chilexpress][obtener_comunas] Datos decodificados con exito, fecha del archivo: 2026-08-20 17:53:27
[20-Aug-2026 19:06:25 UTC] [Chilexpress][obtener_comunas] El archivo local es reciente, no es necesario actualizar
[20-Aug-2026 19:06:46 UTC] [Chilexpress][obtener_regiones] Archivo de regiones existe: C:\Users\HP\Desktop\wirdscrepss\wordpress\wp-content\plugins\chilexpress-oficial/includes/data/regiones/regiones.json
[20-Aug-2026 19:06:46 UTC] [Chilexpress][obtener_regiones] Datos decodificados con exito, fecha del archivo: 2026-08-20 17:53:39
[20-Aug-2026 19:06:46 UTC] [Chilexpress][obtener_regiones] El archivo local de regiones es reciente, no es necesario actualizar
[20-Aug-2026 19:06:47 UTC] [Chilexpress][obtener_regiones] Archivo de regiones existe: C:\Users\HP\Desktop\wirdscrepss\wordpress\wp-content\plugins\chilexpress-oficial/includes/data/regiones/regiones.json
[20-Aug-2026 19:06:47 UTC] [Chilexpress][obtener_regiones] Datos decodificados con exito, fecha del archivo: 2026-08-20 17:53:39
[20-Aug-2026 19:06:47 UTC] [Chilexpress][obtener_regiones] El archivo local de regiones es reciente, no es necesario actualizar
[20-Aug-2026 19:06:48 UTC] [Chilexpress][obtener_comunas] para la region: RM
[20-Aug-2026 19:06:48 UTC] [Chilexpress][obtener_comunas] Busco comunas en el archivo local: C:\Users\HP\Desktop\wirdscrepss\wordpress\wp-content\plugins\chilexpress-oficial/includes/data/comunas/RM.json
[20-Aug-2026 19:06:48 UTC] [Chilexpress][obtener_comunas] El archivo local existe !
[20-Aug-2026 19:06:48 UTC] [Chilexpress][obtener_comunas] Datos decodificados con exito, fecha del archivo: 2026-08-20 17:53:27
[20-Aug-2026 19:06:48 UTC] [Chilexpress][obtener_comunas] El archivo local es reciente, no es necesario actualizar
[20-Aug-2026 19:06:49 UTC] [Chilexpress][obtener_comunas] para la region: RM
[20-Aug-2026 19:06:49 UTC] [Chilexpress][obtener_comunas] Busco comunas en el archivo local: C:\Users\HP\Desktop\wirdscrepss\wordpress\wp-content\plugins\chilexpress-oficial/includes/data/comunas/RM.json
[20-Aug-2026 19:06:49 UTC] [Chilexpress][obtener_comunas] El archivo local existe !
[20-Aug-2026 19:06:49 UTC] [Chilexpress][obtener_comunas] Datos decodificados con exito, fecha del archivo: 2026-08-20 17:53:27
[20-Aug-2026 19:06:49 UTC] [Chilexpress][obtener_comunas] El archivo local es reciente, no es necesario actualizar
[20-Aug-2026 19:07:39 UTC] [Chilexpress][obtener_regiones] Archivo de regiones existe: C:\Users\HP\Desktop\wirdscrepss\wordpress\wp-content\plugins\chilexpress-oficial/includes/data/regiones/regiones.json
[20-Aug-2026 19:07:39 UTC] [Chilexpress][obtener_regiones] Datos decodificados con exito, fecha del archivo: 2026-08-20 17:53:39
[20-Aug-2026 19:07:39 UTC] [Chilexpress][obtener_regiones] El archivo local de regiones es reciente, no es necesario actualizar
[20-Aug-2026 19:08:07 UTC] [Chilexpress][obtener_regiones] Archivo de regiones existe: C:\Users\HP\Desktop\wirdscrepss\wordpress\wp-content\plugins\chilexpress-oficial/includes/data/regiones/regiones.json
[20-Aug-2026 19:08:07 UTC] [Chilexpress][obtener_regiones] Datos decodificados con exito, fecha del archivo: 2026-08-20 17:53:39
[20-Aug-2026 19:08:07 UTC] [Chilexpress][obtener_regiones] El archivo local de regiones es reciente, no es necesario actualizar
[20-Aug-2026 19:08:35 UTC] [Chilexpress][obtener_regiones] Archivo de regiones existe: C:\Users\HP\Desktop\wirdscrepss\wordpress\wp-content\plugins\chilexpress-oficial/includes/data/regiones/regiones.json
[20-Aug-2026 19:08:35 UTC] [Chilexpress][obtener_regiones] Datos decodificados con exito, fecha del archivo: 2026-08-20 17:53:39
[20-Aug-2026 19:08:35 UTC] [Chilexpress][obtener_regiones] El archivo local de regiones es reciente, no es necesario actualizar
[20-Aug-2026 19:09:09 UTC] [Chilexpress][obtener_regiones] Archivo de regiones existe: C:\Users\HP\Desktop\wirdscrepss\wordpress\wp-content\plugins\chilexpress-oficial/includes/data/regiones/regiones.json
[20-Aug-2026 19:09:09 UTC] [Chilexpress][obtener_regiones] Datos decodificados con exito, fecha del archivo: 2026-08-20 17:53:39
[20-Aug-2026 19:09:09 UTC] [Chilexpress][obtener_regiones] El archivo local de regiones es reciente, no es necesario actualizar
[20-Aug-2026 19:09:31 UTC] [Chilexpress][obtener_regiones] Archivo de regiones existe: C:\Users\HP\Desktop\wirdscrepss\wordpress\wp-content\plugins\chilexpress-oficial/includes/data/regiones/regiones.json
[20-Aug-2026 19:09:31 UTC] [Chilexpress][obtener_regiones] Datos decodificados con exito, fecha del archivo: 2026-08-20 17:53:39
[20-Aug-2026 19:09:31 UTC] [Chilexpress][obtener_regiones] El archivo local de regiones es reciente, no es necesario actualizar
[20-Aug-2026 19:09:57 UTC] [Chilexpress][obtener_regiones] Archivo de regiones existe: C:\Users\HP\Desktop\wirdscrepss\wordpress\wp-content\plugins\chilexpress-oficial/includes/data/regiones/regiones.json
[20-Aug-2026 19:09:57 UTC] [Chilexpress][obtener_regiones] Datos decodificados con exito, fecha del archivo: 2026-08-20 17:53:39
[20-Aug-2026 19:09:57 UTC] [Chilexpress][obtener_regiones] El archivo local de regiones es reciente, no es necesario actualizar
[20-Aug-2026 19:09:57 UTC] [Chilexpress][obtener_comunas] para la region: RM
[20-Aug-2026 19:09:57 UTC] [Chilexpress][obtener_comunas] Busco comunas en el archivo local: C:\Users\HP\Desktop\wirdscrepss\wordpress\wp-content\plugins\chilexpress-oficial/includes/data/comunas/RM.json
[20-Aug-2026 19:09:57 UTC] [Chilexpress][obtener_comunas] El archivo local existe !
[20-Aug-2026 19:09:57 UTC] [Chilexpress][obtener_comunas] Datos decodificados con exito, fecha del archivo: 2026-08-20 17:53:27
[20-Aug-2026 19:09:57 UTC] [Chilexpress][obtener_comunas] El archivo local es reciente, no es necesario actualizar
[20-Aug-2026 19:09:57 UTC] [Chilexpress][obtener_regiones] Archivo de regiones existe: C:\Users\HP\Desktop\wirdscrepss\wordpress\wp-content\plugins\chilexpress-oficial/includes/data/regiones/regiones.json
[20-Aug-2026 19:09:57 UTC] [Chilexpress][obtener_regiones] Datos decodificados con exito, fecha del archivo: 2026-08-20 17:53:39
[20-Aug-2026 19:09:57 UTC] [Chilexpress][obtener_regiones] El archivo local de regiones es reciente, no es necesario actualizar
[20-Aug-2026 19:09:57 UTC] [Chilexpress][obtener_comunas] para la region: RM
[20-Aug-2026 19:09:57 UTC] [Chilexpress][obtener_comunas] Busco comunas en el archivo local: C:\Users\HP\Desktop\wirdscrepss\wordpress\wp-content\plugins\chilexpress-oficial/includes/data/comunas/RM.json
[20-Aug-2026 19:09:57 UTC] [Chilexpress][obtener_comunas] El archivo local existe !
[20-Aug-2026 19:09:57 UTC] [Chilexpress][obtener_comunas] Datos decodificados con exito, fecha del archivo: 2026-08-20 17:53:27
[20-Aug-2026 19:09:57 UTC] [Chilexpress][obtener_comunas] El archivo local es reciente, no es necesario actualizar
[20-Aug-2026 19:09:57 UTC] [Chilexpress][obtener_regiones] Archivo de regiones existe: C:\Users\HP\Desktop\wirdscrepss\wordpress\wp-content\plugins\chilexpress-oficial/includes/data/regiones/regiones.json
[20-Aug-2026 19:09:57 UTC] [Chilexpress][obtener_regiones] Datos decodificados con exito, fecha del archivo: 2026-08-20 17:53:39
[20-Aug-2026 19:09:57 UTC] [Chilexpress][obtener_regiones] El archivo local de regiones es reciente, no es necesario actualizar
[20-Aug-2026 19:10:17 UTC] [Chilexpress][obtener_regiones] Archivo de regiones existe: C:\Users\HP\Desktop\wirdscrepss\wordpress\wp-content\plugins\chilexpress-oficial/includes/data/regiones/regiones.json
[20-Aug-2026 19:10:17 UTC] [Chilexpress][obtener_regiones] Datos decodificados con exito, fecha del archivo: 2026-08-20 17:53:39
[20-Aug-2026 19:10:17 UTC] [Chilexpress][obtener_regiones] El archivo local de regiones es reciente, no es necesario actualizar
[20-Aug-2026 19:10:17 UTC] [Chilexpress][obtener_comunas] para la region: RM
[20-Aug-2026 19:10:17 UTC] [Chilexpress][obtener_comunas] Busco comunas en el archivo local: C:\Users\HP\Desktop\wirdscrepss\wordpress\wp-content\plugins\chilexpress-oficial/includes/data/comunas/RM.json
[20-Aug-2026 19:10:17 UTC] [Chilexpress][obtener_comunas] El archivo local existe !
[20-Aug-2026 19:10:17 UTC] [Chilexpress][obtener_comunas] Datos decodificados con exito, fecha del archivo: 2026-08-20 17:53:27
[20-Aug-2026 19:10:17 UTC] [Chilexpress][obtener_comunas] El archivo local es reciente, no es necesario actualizar
[20-Aug-2026 19:10:17 UTC] [Chilexpress][obtener_regiones] Archivo de regiones existe: C:\Users\HP\Desktop\wirdscrepss\wordpress\wp-content\plugins\chilexpress-oficial/includes/data/regiones/regiones.json
[20-Aug-2026 19:10:17 UTC] [Chilexpress][obtener_regiones] Datos decodificados con exito, fecha del archivo: 2026-08-20 17:53:39
[20-Aug-2026 19:10:17 UTC] [Chilexpress][obtener_regiones] El archivo local de regiones es reciente, no es necesario actualizar
[20-Aug-2026 19:10:17 UTC] [Chilexpress][obtener_comunas] para la region: RM
[20-Aug-2026 19:10:17 UTC] [Chilexpress][obtener_comunas] Busco comunas en el archivo local: C:\Users\HP\Desktop\wirdscrepss\wordpress\wp-content\plugins\chilexpress-oficial/includes/data/comunas/RM.json
[20-Aug-2026 19:10:17 UTC] [Chilexpress][obtener_comunas] El archivo local existe !
[20-Aug-2026 19:10:17 UTC] [Chilexpress][obtener_comunas] Datos decodificados con exito, fecha del archivo: 2026-08-20 17:53:27
[20-Aug-2026 19:10:17 UTC] [Chilexpress][obtener_comunas] El archivo local es reciente, no es necesario actualizar
[20-Aug-2026 19:10:17 UTC] [Chilexpress][obtener_regiones] Archivo de regiones existe: C:\Users\HP\Desktop\wirdscrepss\wordpress\wp-content\plugins\chilexpress-oficial/includes/data/regiones/regiones.json
[20-Aug-2026 19:10:17 UTC] [Chilexpress][obtener_regiones] Datos decodificados con exito, fecha del archivo: 2026-08-20 17:53:39
[20-Aug-2026 19:10:17 UTC] [Chilexpress][obtener_regiones] El archivo local de regiones es reciente, no es necesario actualizar
[20-Aug-2026 19:10:57 UTC] [Chilexpress][obtener_regiones] Archivo de regiones existe: C:\Users\HP\Desktop\wirdscrepss\wordpress\wp-content\plugins\chilexpress-oficial/includes/data/regiones/regiones.json
[20-Aug-2026 19:10:57 UTC] [Chilexpress][obtener_regiones] Datos decodificados con exito, fecha del archivo: 2026-08-20 17:53:39
[20-Aug-2026 19:10:57 UTC] [Chilexpress][obtener_regiones] El archivo local de regiones es reciente, no es necesario actualizar
[20-Aug-2026 19:10:57 UTC] [Chilexpress][obtener_comunas] para la region: RM
[20-Aug-2026 19:10:57 UTC] [Chilexpress][obtener_comunas] Busco comunas en el archivo local: C:\Users\HP\Desktop\wirdscrepss\wordpress\wp-content\plugins\chilexpress-oficial/includes/data/comunas/RM.json
[20-Aug-2026 19:10:57 UTC] [Chilexpress][obtener_comunas] El archivo local existe !
[20-Aug-2026 19:10:57 UTC] [Chilexpress][obtener_comunas] Datos decodificados con exito, fecha del archivo: 2026-08-20 17:53:27
[20-Aug-2026 19:10:57 UTC] [Chilexpress][obtener_comunas] El archivo local es reciente, no es necesario actualizar
[20-Aug-2026 19:10:57 UTC] [Chilexpress][obtener_regiones] Archivo de regiones existe: C:\Users\HP\Desktop\wirdscrepss\wordpress\wp-content\plugins\chilexpress-oficial/includes/data/regiones/regiones.json
[20-Aug-2026 19:10:57 UTC] [Chilexpress][obtener_regiones] Datos decodificados con exito, fecha del archivo: 2026-08-20 17:53:39
[20-Aug-2026 19:10:57 UTC] [Chilexpress][obtener_regiones] El archivo local de regiones es reciente, no es necesario actualizar
[20-Aug-2026 19:10:57 UTC] [Chilexpress][obtener_comunas] para la region: RM
[20-Aug-2026 19:10:57 UTC] [Chilexpress][obtener_comunas] Busco comunas en el archivo local: C:\Users\HP\Desktop\wirdscrepss\wordpress\wp-content\plugins\chilexpress-oficial/includes/data/comunas/RM.json
[20-Aug-2026 19:10:57 UTC] [Chilexpress][obtener_comunas] El archivo local existe !
[20-Aug-2026 19:10:57 UTC] [Chilexpress][obtener_comunas] Datos decodificados con exito, fecha del archivo: 2026-08-20 17:53:27
[20-Aug-2026 19:10:57 UTC] [Chilexpress][obtener_comunas] El archivo local es reciente, no es necesario actualizar
[20-Aug-2026 19:10:57 UTC] [Chilexpress][obtener_regiones] Archivo de regiones existe: C:\Users\HP\Desktop\wirdscrepss\wordpress\wp-content\plugins\chilexpress-oficial/includes/data/regiones/regiones.json
[20-Aug-2026 19:10:57 UTC] [Chilexpress][obtener_regiones] Datos decodificados con exito, fecha del archivo: 2026-08-20 17:53:39
[20-Aug-2026 19:10:57 UTC] [Chilexpress][obtener_regiones] El archivo local de regiones es reciente, no es necesario actualizar
[20-Aug-2026 19:11:50 UTC] [Chilexpress][obtener_regiones] Archivo de regiones existe: C:\Users\HP\Desktop\wirdscrepss\wordpress\wp-content\plugins\chilexpress-oficial/includes/data/regiones/regiones.json
[20-Aug-2026 19:11:50 UTC] [Chilexpress][obtener_regiones] Datos decodificados con exito, fecha del archivo: 2026-08-20 17:53:39
[20-Aug-2026 19:11:50 UTC] [Chilexpress][obtener_regiones] El archivo local de regiones es reciente, no es necesario actualizar
[20-Aug-2026 19:11:50 UTC] [Chilexpress][obtener_comunas] para la region: RM
[20-Aug-2026 19:11:50 UTC] [Chilexpress][obtener_comunas] Busco comunas en el archivo local: C:\Users\HP\Desktop\wirdscrepss\wordpress\wp-content\plugins\chilexpress-oficial/includes/data/comunas/RM.json
[20-Aug-2026 19:11:50 UTC] [Chilexpress][obtener_comunas] El archivo local existe !
[20-Aug-2026 19:11:50 UTC] [Chilexpress][obtener_comunas] Datos decodificados con exito, fecha del archivo: 2026-08-20 17:53:27
[20-Aug-2026 19:11:50 UTC] [Chilexpress][obtener_comunas] El archivo local es reciente, no es necesario actualizar
[20-Aug-2026 19:11:50 UTC] [Chilexpress][obtener_regiones] Archivo de regiones existe: C:\Users\HP\Desktop\wirdscrepss\wordpress\wp-content\plugins\chilexpress-oficial/includes/data/regiones/regiones.json
[20-Aug-2026 19:11:50 UTC] [Chilexpress][obtener_regiones] Datos decodificados con exito, fecha del archivo: 2026-08-20 17:53:39
[20-Aug-2026 19:11:50 UTC] [Chilexpress][obtener_regiones] El archivo local de regiones es reciente, no es necesario actualizar
[20-Aug-2026 19:11:50 UTC] [Chilexpress][obtener_comunas] para la region: RM
[20-Aug-2026 19:11:50 UTC] [Chilexpress][obtener_comunas] Busco comunas en el archivo local: C:\Users\HP\Desktop\wirdscrepss\wordpress\wp-content\plugins\chilexpress-oficial/includes/data/comunas/RM.json
[20-Aug-2026 19:11:50 UTC] [Chilexpress][obtener_comunas] El archivo local existe !
[20-Aug-2026 19:11:50 UTC] [Chilexpress][obtener_comunas] Datos decodificados con exito, fecha del archivo: 2026-08-20 17:53:27
[20-Aug-2026 19:11:50 UTC] [Chilexpress][obtener_comunas] El archivo local es reciente, no es necesario actualizar
[20-Aug-2026 19:11:50 UTC] [Chilexpress][obtener_regiones] Archivo de regiones existe: C:\Users\HP\Desktop\wirdscrepss\wordpress\wp-content\plugins\chilexpress-oficial/includes/data/regiones/regiones.json
[20-Aug-2026 19:11:50 UTC] [Chilexpress][obtener_regiones] Datos decodificados con exito, fecha del archivo: 2026-08-20 17:53:39
[20-Aug-2026 19:11:50 UTC] [Chilexpress][obtener_regiones] El archivo local de regiones es reciente, no es necesario actualizar
[20-Aug-2026 19:11:52 UTC] [Chilexpress][obtener_regiones] Archivo de regiones existe: C:\Users\HP\Desktop\wirdscrepss\wordpress\wp-content\plugins\chilexpress-oficial/includes/data/regiones/regiones.json
[20-Aug-2026 19:11:52 UTC] [Chilexpress][obtener_regiones] Datos decodificados con exito, fecha del archivo: 2026-08-20 17:53:39
[20-Aug-2026 19:11:52 UTC] [Chilexpress][obtener_regiones] El archivo local de regiones es reciente, no es necesario actualizar
[20-Aug-2026 19:11:52 UTC] [Chilexpress][obtener_comunas] para la region: RM
[20-Aug-2026 19:11:52 UTC] [Chilexpress][obtener_comunas] Busco comunas en el archivo local: C:\Users\HP\Desktop\wirdscrepss\wordpress\wp-content\plugins\chilexpress-oficial/includes/data/comunas/RM.json
[20-Aug-2026 19:11:52 UTC] [Chilexpress][obtener_comunas] El archivo local existe !
[20-Aug-2026 19:11:52 UTC] [Chilexpress][obtener_comunas] Datos decodificados con exito, fecha del archivo: 2026-08-20 17:53:27
[20-Aug-2026 19:11:52 UTC] [Chilexpress][obtener_comunas] El archivo local es reciente, no es necesario actualizar
[20-Aug-2026 19:11:52 UTC] [Chilexpress][obtener_regiones] Archivo de regiones existe: C:\Users\HP\Desktop\wirdscrepss\wordpress\wp-content\plugins\chilexpress-oficial/includes/data/regiones/regiones.json
[20-Aug-2026 19:11:52 UTC] [Chilexpress][obtener_regiones] Datos decodificados con exito, fecha del archivo: 2026-08-20 17:53:39
[20-Aug-2026 19:11:52 UTC] [Chilexpress][obtener_regiones] El archivo local de regiones es reciente, no es necesario actualizar
[20-Aug-2026 19:11:52 UTC] [Chilexpress][obtener_comunas] para la region: RM
[20-Aug-2026 19:11:52 UTC] [Chilexpress][obtener_comunas] Busco comunas en el archivo local: C:\Users\HP\Desktop\wirdscrepss\wordpress\wp-content\plugins\chilexpress-oficial/includes/data/comunas/RM.json
[20-Aug-2026 19:11:52 UTC] [Chilexpress][obtener_comunas] El archivo local existe !
[20-Aug-2026 19:11:52 UTC] [Chilexpress][obtener_comunas] Datos decodificados con exito, fecha del archivo: 2026-08-20 17:53:27
[20-Aug-2026 19:11:52 UTC] [Chilexpress][obtener_comunas] El archivo local es reciente, no es necesario actualizar
[20-Aug-2026 19:11:52 UTC] [Chilexpress][obtener_regiones] Archivo de regiones existe: C:\Users\HP\Desktop\wirdscrepss\wordpress\wp-content\plugins\chilexpress-oficial/includes/data/regiones/regiones.json
[20-Aug-2026 19:11:52 UTC] [Chilexpress][obtener_regiones] Datos decodificados con exito, fecha del archivo: 2026-08-20 17:53:39
[20-Aug-2026 19:11:52 UTC] [Chilexpress][obtener_regiones] El archivo local de regiones es reciente, no es necesario actualizar
[20-Aug-2026 19:12:14 UTC] [Chilexpress][obtener_regiones] Archivo de regiones existe: C:\Users\HP\Desktop\wirdscrepss\wordpress\wp-content\plugins\chilexpress-oficial/includes/data/regiones/regiones.json
[20-Aug-2026 19:12:14 UTC] [Chilexpress][obtener_regiones] Datos decodificados con exito, fecha del archivo: 2026-08-20 17:53:39
[20-Aug-2026 19:12:14 UTC] [Chilexpress][obtener_regiones] El archivo local de regiones es reciente, no es necesario actualizar
[20-Aug-2026 19:12:14 UTC] [Chilexpress][obtener_comunas] para la region: RM
[20-Aug-2026 19:12:14 UTC] [Chilexpress][obtener_comunas] Busco comunas en el archivo local: C:\Users\HP\Desktop\wirdscrepss\wordpress\wp-content\plugins\chilexpress-oficial/includes/data/comunas/RM.json
[20-Aug-2026 19:12:14 UTC] [Chilexpress][obtener_comunas] El archivo local existe !
[20-Aug-2026 19:12:14 UTC] [Chilexpress][obtener_comunas] Datos decodificados con exito, fecha del archivo: 2026-08-20 17:53:27
[20-Aug-2026 19:12:14 UTC] [Chilexpress][obtener_comunas] El archivo local es reciente, no es necesario actualizar
[20-Aug-2026 19:12:14 UTC] [Chilexpress][obtener_regiones] Archivo de regiones existe: C:\Users\HP\Desktop\wirdscrepss\wordpress\wp-content\plugins\chilexpress-oficial/includes/data/regiones/regiones.json
[20-Aug-2026 19:12:14 UTC] [Chilexpress][obtener_regiones] Datos decodificados con exito, fecha del archivo: 2026-08-20 17:53:39
[20-Aug-2026 19:12:14 UTC] [Chilexpress][obtener_regiones] El archivo local de regiones es reciente, no es necesario actualizar
[20-Aug-2026 19:12:14 UTC] [Chilexpress][obtener_comunas] para la region: RM
[20-Aug-2026 19:12:14 UTC] [Chilexpress][obtener_comunas] Busco comunas en el archivo local: C:\Users\HP\Desktop\wirdscrepss\wordpress\wp-content\plugins\chilexpress-oficial/includes/data/comunas/RM.json
[20-Aug-2026 19:12:14 UTC] [Chilexpress][obtener_comunas] El archivo local existe !
[20-Aug-2026 19:12:14 UTC] [Chilexpress][obtener_comunas] Datos decodificados con exito, fecha del archivo: 2026-08-20 17:53:27
[20-Aug-2026 19:12:14 UTC] [Chilexpress][obtener_comunas] El archivo local es reciente, no es necesario actualizar
[20-Aug-2026 19:12:15 UTC] [Chilexpress][obtener_regiones] Archivo de regiones existe: C:\Users\HP\Desktop\wirdscrepss\wordpress\wp-content\plugins\chilexpress-oficial/includes/data/regiones/regiones.json
[20-Aug-2026 19:12:15 UTC] [Chilexpress][obtener_regiones] Datos decodificados con exito, fecha del archivo: 2026-08-20 17:53:39
[20-Aug-2026 19:12:15 UTC] [Chilexpress][obtener_regiones] El archivo local de regiones es reciente, no es necesario actualizar
[20-Aug-2026 19:13:18 UTC] [Chilexpress][obtener_regiones] Archivo de regiones existe: C:\Users\HP\Desktop\wirdscrepss\wordpress\wp-content\plugins\chilexpress-oficial/includes/data/regiones/regiones.json
[20-Aug-2026 19:13:18 UTC] [Chilexpress][obtener_regiones] Datos decodificados con exito, fecha del archivo: 2026-08-20 17:53:39
[20-Aug-2026 19:13:18 UTC] [Chilexpress][obtener_regiones] El archivo local de regiones es reciente, no es necesario actualizar
[20-Aug-2026 19:13:18 UTC] [Chilexpress][obtener_comunas] para la region: RM
[20-Aug-2026 19:13:18 UTC] [Chilexpress][obtener_comunas] Busco comunas en el archivo local: C:\Users\HP\Desktop\wirdscrepss\wordpress\wp-content\plugins\chilexpress-oficial/includes/data/comunas/RM.json
[20-Aug-2026 19:13:18 UTC] [Chilexpress][obtener_comunas] El archivo local existe !
[20-Aug-2026 19:13:18 UTC] [Chilexpress][obtener_comunas] Datos decodificados con exito, fecha del archivo: 2026-08-20 17:53:27
[20-Aug-2026 19:13:18 UTC] [Chilexpress][obtener_comunas] El archivo local es reciente, no es necesario actualizar
[20-Aug-2026 19:13:18 UTC] [Chilexpress][obtener_regiones] Archivo de regiones existe: C:\Users\HP\Desktop\wirdscrepss\wordpress\wp-content\plugins\chilexpress-oficial/includes/data/regiones/regiones.json
[20-Aug-2026 19:13:18 UTC] [Chilexpress][obtener_regiones] Datos decodificados con exito, fecha del archivo: 2026-08-20 17:53:39
[20-Aug-2026 19:13:18 UTC] [Chilexpress][obtener_regiones] El archivo local de regiones es reciente, no es necesario actualizar
[20-Aug-2026 19:13:18 UTC] [Chilexpress][obtener_comunas] para la region: RM
[20-Aug-2026 19:13:18 UTC] [Chilexpress][obtener_comunas] Busco comunas en el archivo local: C:\Users\HP\Desktop\wirdscrepss\wordpress\wp-content\plugins\chilexpress-oficial/includes/data/comunas/RM.json
[20-Aug-2026 19:13:18 UTC] [Chilexpress][obtener_comunas] El archivo local existe !
[20-Aug-2026 19:13:18 UTC] [Chilexpress][obtener_comunas] Datos decodificados con exito, fecha del archivo: 2026-08-20 17:53:27
[20-Aug-2026 19:13:18 UTC] [Chilexpress][obtener_comunas] El archivo local es reciente, no es necesario actualizar
[20-Aug-2026 19:13:18 UTC] [Chilexpress][obtener_regiones] Archivo de regiones existe: C:\Users\HP\Desktop\wirdscrepss\wordpress\wp-content\plugins\chilexpress-oficial/includes/data/regiones/regiones.json
[20-Aug-2026 19:13:18 UTC] [Chilexpress][obtener_regiones] Datos decodificados con exito, fecha del archivo: 2026-08-20 17:53:39
[20-Aug-2026 19:13:18 UTC] [Chilexpress][obtener_regiones] El archivo local de regiones es reciente, no es necesario actualizar
[20-Aug-2026 19:13:19 UTC] [Chilexpress][obtener_regiones] Archivo de regiones existe: C:\Users\HP\Desktop\wirdscrepss\wordpress\wp-content\plugins\chilexpress-oficial/includes/data/regiones/regiones.json
[20-Aug-2026 19:13:19 UTC] [Chilexpress][obtener_regiones] Datos decodificados con exito, fecha del archivo: 2026-08-20 17:53:39
[20-Aug-2026 19:13:19 UTC] [Chilexpress][obtener_regiones] El archivo local de regiones es reciente, no es necesario actualizar
[20-Aug-2026 19:13:19 UTC] [Chilexpress][obtener_comunas] para la region: RM
[20-Aug-2026 19:13:19 UTC] [Chilexpress][obtener_comunas] Busco comunas en el archivo local: C:\Users\HP\Desktop\wirdscrepss\wordpress\wp-content\plugins\chilexpress-oficial/includes/data/comunas/RM.json
[20-Aug-2026 19:13:19 UTC] [Chilexpress][obtener_comunas] El archivo local existe !
[20-Aug-2026 19:13:19 UTC] [Chilexpress][obtener_comunas] Datos decodificados con exito, fecha del archivo: 2026-08-20 17:53:27
[20-Aug-2026 19:13:19 UTC] [Chilexpress][obtener_comunas] El archivo local es reciente, no es necesario actualizar
[20-Aug-2026 19:13:19 UTC] [Chilexpress][obtener_regiones] Archivo de regiones existe: C:\Users\HP\Desktop\wirdscrepss\wordpress\wp-content\plugins\chilexpress-oficial/includes/data/regiones/regiones.json
[20-Aug-2026 19:13:19 UTC] [Chilexpress][obtener_regiones] Datos decodificados con exito, fecha del archivo: 2026-08-20 17:53:39
[20-Aug-2026 19:13:19 UTC] [Chilexpress][obtener_regiones] El archivo local de regiones es reciente, no es necesario actualizar
[20-Aug-2026 19:13:19 UTC] [Chilexpress][obtener_comunas] para la region: RM
[20-Aug-2026 19:13:19 UTC] [Chilexpress][obtener_comunas] Busco comunas en el archivo local: C:\Users\HP\Desktop\wirdscrepss\wordpress\wp-content\plugins\chilexpress-oficial/includes/data/comunas/RM.json
[20-Aug-2026 19:13:19 UTC] [Chilexpress][obtener_comunas] El archivo local existe !
[20-Aug-2026 19:13:19 UTC] [Chilexpress][obtener_comunas] Datos decodificados con exito, fecha del archivo: 2026-08-20 17:53:27
[20-Aug-2026 19:13:19 UTC] [Chilexpress][obtener_comunas] El archivo local es reciente, no es necesario actualizar
[20-Aug-2026 19:13:19 UTC] [Chilexpress][obtener_regiones] Archivo de regiones existe: C:\Users\HP\Desktop\wirdscrepss\wordpress\wp-content\plugins\chilexpress-oficial/includes/data/regiones/regiones.json
[20-Aug-2026 19:13:19 UTC] [Chilexpress][obtener_regiones] Datos decodificados con exito, fecha del archivo: 2026-08-20 17:53:39
[20-Aug-2026 19:13:19 UTC] [Chilexpress][obtener_regiones] El archivo local de regiones es reciente, no es necesario actualizar
[20-Aug-2026 19:13:23 UTC] [Chilexpress][obtener_regiones] Archivo de regiones existe: C:\Users\HP\Desktop\wirdscrepss\wordpress\wp-content\plugins\chilexpress-oficial/includes/data/regiones/regiones.json
[20-Aug-2026 19:13:23 UTC] [Chilexpress][obtener_regiones] Datos decodificados con exito, fecha del archivo: 2026-08-20 17:53:39
[20-Aug-2026 19:13:23 UTC] [Chilexpress][obtener_regiones] El archivo local de regiones es reciente, no es necesario actualizar
[20-Aug-2026 19:13:23 UTC] [Chilexpress][obtener_comunas] para la region: RM
[20-Aug-2026 19:13:23 UTC] [Chilexpress][obtener_comunas] Busco comunas en el archivo local: C:\Users\HP\Desktop\wirdscrepss\wordpress\wp-content\plugins\chilexpress-oficial/includes/data/comunas/RM.json
[20-Aug-2026 19:13:23 UTC] [Chilexpress][obtener_comunas] El archivo local existe !
[20-Aug-2026 19:13:23 UTC] [Chilexpress][obtener_comunas] Datos decodificados con exito, fecha del archivo: 2026-08-20 17:53:27
[20-Aug-2026 19:13:23 UTC] [Chilexpress][obtener_comunas] El archivo local es reciente, no es necesario actualizar
[20-Aug-2026 19:13:23 UTC] [Chilexpress][obtener_regiones] Archivo de regiones existe: C:\Users\HP\Desktop\wirdscrepss\wordpress\wp-content\plugins\chilexpress-oficial/includes/data/regiones/regiones.json
[20-Aug-2026 19:13:23 UTC] [Chilexpress][obtener_regiones] Datos decodificados con exito, fecha del archivo: 2026-08-20 17:53:39
[20-Aug-2026 19:13:23 UTC] [Chilexpress][obtener_regiones] El archivo local de regiones es reciente, no es necesario actualizar
[20-Aug-2026 19:13:23 UTC] [Chilexpress][obtener_comunas] para la region: RM
[20-Aug-2026 19:13:23 UTC] [Chilexpress][obtener_comunas] Busco comunas en el archivo local: C:\Users\HP\Desktop\wirdscrepss\wordpress\wp-content\plugins\chilexpress-oficial/includes/data/comunas/RM.json
[20-Aug-2026 19:13:23 UTC] [Chilexpress][obtener_comunas] El archivo local existe !
[20-Aug-2026 19:13:23 UTC] [Chilexpress][obtener_comunas] Datos decodificados con exito, fecha del archivo: 2026-08-20 17:53:27
[20-Aug-2026 19:13:23 UTC] [Chilexpress][obtener_comunas] El archivo local es reciente, no es necesario actualizar
[20-Aug-2026 19:13:23 UTC] [Chilexpress][obtener_regiones] Archivo de regiones existe: C:\Users\HP\Desktop\wirdscrepss\wordpress\wp-content\plugins\chilexpress-oficial/includes/data/regiones/regiones.json
[20-Aug-2026 19:13:23 UTC] [Chilexpress][obtener_regiones] Datos decodificados con exito, fecha del archivo: 2026-08-20 17:53:39
[20-Aug-2026 19:13:23 UTC] [Chilexpress][obtener_regiones] El archivo local de regiones es reciente, no es necesario actualizar
[20-Aug-2026 19:16:57 UTC] [Chilexpress][obtener_regiones] Archivo de regiones existe: C:\Users\HP\Desktop\wirdscrepss\wordpress\wp-content\plugins\chilexpress-oficial/includes/data/regiones/regiones.json
[20-Aug-2026 19:16:57 UTC] [Chilexpress][obtener_regiones] Datos decodificados con exito, fecha del archivo: 2026-08-20 17:53:39
[20-Aug-2026 19:16:57 UTC] [Chilexpress][obtener_regiones] El archivo local de regiones es reciente, no es necesario actualizar
[20-Aug-2026 19:17:01 UTC] [Chilexpress][obtener_regiones] Archivo de regiones existe: C:\Users\HP\Desktop\wirdscrepss\wordpress\wp-content\plugins\chilexpress-oficial/includes/data/regiones/regiones.json
[20-Aug-2026 19:17:01 UTC] [Chilexpress][obtener_regiones] Datos decodificados con exito, fecha del archivo: 2026-08-20 17:53:39
[20-Aug-2026 19:17:01 UTC] [Chilexpress][obtener_regiones] El archivo local de regiones es reciente, no es necesario actualizar
[20-Aug-2026 19:17:03 UTC] [Chilexpress][obtener_regiones] Archivo de regiones existe: C:\Users\HP\Desktop\wirdscrepss\wordpress\wp-content\plugins\chilexpress-oficial/includes/data/regiones/regiones.json
[20-Aug-2026 19:17:03 UTC] [Chilexpress][obtener_regiones] Datos decodificados con exito, fecha del archivo: 2026-08-20 17:53:39
[20-Aug-2026 19:17:03 UTC] [Chilexpress][obtener_regiones] El archivo local de regiones es reciente, no es necesario actualizar
[20-Aug-2026 19:17:09 UTC] [Chilexpress][obtener_regiones] Archivo de regiones existe: C:\Users\HP\Desktop\wirdscrepss\wordpress\wp-content\plugins\chilexpress-oficial/includes/data/regiones/regiones.json
[20-Aug-2026 19:17:09 UTC] [Chilexpress][obtener_regiones] Datos decodificados con exito, fecha del archivo: 2026-08-20 17:53:39
[20-Aug-2026 19:17:09 UTC] [Chilexpress][obtener_regiones] El archivo local de regiones es reciente, no es necesario actualizar
[20-Aug-2026 19:20:15 UTC] [Chilexpress][obtener_regiones] Archivo de regiones existe: C:\Users\HP\Desktop\wirdscrepss\wordpress\wp-content\plugins\chilexpress-oficial/includes/data/regiones/regiones.json
[20-Aug-2026 19:20:15 UTC] [Chilexpress][obtener_regiones] Datos decodificados con exito, fecha del archivo: 2026-08-20 17:53:39
[20-Aug-2026 19:20:15 UTC] [Chilexpress][obtener_regiones] El archivo local de regiones es reciente, no es necesario actualizar
[20-Aug-2026 19:20:26 UTC] PHP Warning:  require(C:\Users\HP\Desktop\wirdscrepss\wordpress\wp-content\plugins\woocommerce/src/Enums/ProductTaxStatus.php): Failed to open stream: No such file or directory in C:\Users\HP\Desktop\wirdscrepss\wordpress\wp-content\plugins\woocommerce\vendor\jetpack-autoloader\class-php-autoloader.php on line 102
[20-Aug-2026 19:20:26 UTC] PHP Fatal error:  Uncaught Error: Failed opening required 'C:\Users\HP\Desktop\wirdscrepss\wordpress\wp-content\plugins\woocommerce/src/Enums/ProductTaxStatus.php' (include_path='.;C:\php\pear') in C:\Users\HP\Desktop\wirdscrepss\wordpress\wp-content\plugins\woocommerce\vendor\jetpack-autoloader\class-php-autoloader.php:102
Stack trace:
#0 C:\Users\HP\Desktop\wirdscrepss\wordpress\wp-content\plugins\chilexpress-oficial\admin\class-chilexpress-woo-oficial-admin.php(116): Automattic\Jetpack\Autoloader\jp1c20aca790b18695041de2d8063e9858\al5_0_0\PHP_Autoloader::load_class('Automattic\\WooC...')
#1 C:\Users\HP\Desktop\wirdscrepss\wordpress\wp-content\plugins\chilexpress-oficial\includes\class-chilexpress-woo-oficial.php(162): Chilexpress_Woo_Oficial_Admin->__construct('chilexpress-woo...', '1.4.0')
#2 C:\Users\HP\Desktop\wirdscrepss\wordpress\wp-content\plugins\chilexpress-oficial\includes\class-chilexpress-woo-oficial.php(79): Chilexpress_Woo_Oficial->define_admin_hooks()
#3 C:\Users\HP\Desktop\wirdscrepss\wordpress\wp-content\plugins\chilexpress-oficial\chilexpress-woo-oficial.php(103): Chilexpress_Woo_Oficial->__construct()
#4 C:\Users\HP\Desktop\wirdscrepss\wordpress\wp-includes\class-wp-hook.php(341): run_chilexpress_woo_oficial('')
#5 C:\Users\HP\Desktop\wirdscrepss\wordpress\wp-includes\class-wp-hook.php(365): WP_Hook->apply_filters(NULL, Array)
#6 C:\Users\HP\Desktop\wirdscrepss\wordpress\wp-includes\plugin.php(522): WP_Hook->do_action(Array)
#7 C:\Users\HP\Desktop\wirdscrepss\wordpress\wp-settings.php(622): do_action('plugins_loaded')
#8 C:\Users\HP\Desktop\wirdscrepss\wordpress\wp-config.php(47): require_once('C:\\Users\\HP\\Des...')
#9 C:\Users\HP\Desktop\wirdscrepss\wordpress\wp-load.php(50): require_once('C:\\Users\\HP\\Des...')
#10 C:\Users\HP\Desktop\wirdscrepss\wordpress\wp-admin\admin-ajax.php(22): require_once('C:\\Users\\HP\\Des...')
#11 C:\Users\HP\Desktop\wirdscrepss\wordpress\wp-content\mu-plugins\cxp-sr108688\probe.php(25): require('C:\\Users\\HP\\Des...')
#12 {main}
  thrown in C:\Users\HP\Desktop\wirdscrepss\wordpress\wp-content\plugins\woocommerce\vendor\jetpack-autoloader\class-php-autoloader.php on line 102
[20-Aug-2026 19:20:26 UTC] PHP Notice:  La función _load_textdomain_just_in_time ha sido llamada <strong>de forma incorrecta</strong>. La carga de la traducción para el dominio <code>woocommerce</code> se activó demasiado pronto. Esto suele ser un indicador de que algún código del plugin o tema se ejecuta demasiado pronto. Las traducciones deberían cargarse en la acción <code>init</code> o más tarde. Por favor revisa <a href="https://developer.wordpress.org/advanced-administration/debug/debug-wordpress/">Depurando en WordPress</a> para más información. (Este mensaje se añadió en la versión 6.7.0.) in C:\Users\HP\Desktop\wirdscrepss\wordpress\wp-includes\functions.php on line 6170
[20-Aug-2026 19:21:10 UTC] PHP Fatal error:  Uncaught Error: Class "Automattic\WooCommerce\Enums\ProductTaxStatus" not found in C:\Users\HP\Desktop\wirdscrepss\wordpress\wp-content\plugins\woocommerce\includes\abstracts\abstract-wc-shipping-method.php:84
Stack trace:
#0 C:\Users\HP\Desktop\wirdscrepss\wordpress\wp-content\plugins\chilexpress-oficial\admin\class-chilexpress-woo-oficial-admin.php(116): [constant expression]()
#1 C:\Users\HP\Desktop\wirdscrepss\wordpress\wp-content\plugins\chilexpress-oficial\includes\class-chilexpress-woo-oficial.php(162): Chilexpress_Woo_Oficial_Admin->__construct('chilexpress-woo...', '1.4.0')
#2 C:\Users\HP\Desktop\wirdscrepss\wordpress\wp-content\plugins\chilexpress-oficial\includes\class-chilexpress-woo-oficial.php(79): Chilexpress_Woo_Oficial->define_admin_hooks()
#3 C:\Users\HP\Desktop\wirdscrepss\wordpress\wp-content\plugins\chilexpress-oficial\chilexpress-woo-oficial.php(103): Chilexpress_Woo_Oficial->__construct()
#4 C:\Users\HP\Desktop\wirdscrepss\wordpress\wp-includes\class-wp-hook.php(341): run_chilexpress_woo_oficial('')
#5 C:\Users\HP\Desktop\wirdscrepss\wordpress\wp-includes\class-wp-hook.php(365): WP_Hook->apply_filters(NULL, Array)
#6 C:\Users\HP\Desktop\wirdscrepss\wordpress\wp-includes\plugin.php(522): WP_Hook->do_action(Array)
#7 C:\Users\HP\Desktop\wirdscrepss\wordpress\wp-settings.php(622): do_action('plugins_loaded')
#8 C:\Users\HP\Desktop\wirdscrepss\wordpress\wp-config.php(47): require_once('C:\\Users\\HP\\Des...')
#9 C:\Users\HP\Desktop\wirdscrepss\wordpress\wp-load.php(50): require_once('C:\\Users\\HP\\Des...')
#10 C:\Users\HP\Desktop\wirdscrepss\wordpress\wp-admin\admin-ajax.php(22): require_once('C:\\Users\\HP\\Des...')
#11 C:\Users\HP\Desktop\wirdscrepss\wordpress\wp-content\mu-plugins\cxp-sr108688\probe.php(29): require('C:\\Users\\HP\\Des...')
#12 {main}
  thrown in C:\Users\HP\Desktop\wirdscrepss\wordpress\wp-content\plugins\woocommerce\includes\abstracts\abstract-wc-shipping-method.php on line 84
[20-Aug-2026 19:21:10 UTC] PHP Notice:  Function _load_textdomain_just_in_time was called <strong>incorrectly</strong>. Translation loading for the <code>woocommerce</code> domain was triggered too early. This is usually an indicator for some code in the plugin or theme running too early. Translations should be loaded at the <code>init</code> action or later. Please see <a href="https://developer.wordpress.org/advanced-administration/debug/debug-wordpress/">Debugging in WordPress</a> for more information. (This message was added in version 6.7.0.) in C:\Users\HP\Desktop\wirdscrepss\wordpress\wp-includes\functions.php on line 6170
[20-Aug-2026 19:25:59 UTC] [Chilexpress][obtener_regiones] Archivo de regiones existe: C:\Users\HP\Desktop\wirdscrepss\wordpress\wp-content\plugins\chilexpress-oficial/includes/data/regiones/regiones.json
[20-Aug-2026 19:25:59 UTC] [Chilexpress][obtener_regiones] Datos decodificados con exito, fecha del archivo: 2026-08-20 17:53:39
[20-Aug-2026 19:25:59 UTC] [Chilexpress][obtener_regiones] El archivo local de regiones es reciente, no es necesario actualizar
[20-Aug-2026 19:26:03 UTC] PHP Fatal error:  Uncaught Error: Class "Automattic\WooCommerce\Enums\ProductTaxStatus" not found in C:\Users\HP\Desktop\wirdscrepss\wordpress\wp-content\plugins\woocommerce\includes\abstracts\abstract-wc-shipping-method.php:84
Stack trace:
#0 C:\Users\HP\Desktop\wirdscrepss\wordpress\wp-content\plugins\chilexpress-oficial\admin\class-chilexpress-woo-oficial-admin.php(116): [constant expression]()
#1 C:\Users\HP\Desktop\wirdscrepss\wordpress\wp-content\plugins\chilexpress-oficial\includes\class-chilexpress-woo-oficial.php(162): Chilexpress_Woo_Oficial_Admin->__construct('chilexpress-woo...', '1.4.0')
#2 C:\Users\HP\Desktop\wirdscrepss\wordpress\wp-content\plugins\chilexpress-oficial\includes\class-chilexpress-woo-oficial.php(79): Chilexpress_Woo_Oficial->define_admin_hooks()
#3 C:\Users\HP\Desktop\wirdscrepss\wordpress\wp-content\plugins\chilexpress-oficial\chilexpress-woo-oficial.php(103): Chilexpress_Woo_Oficial->__construct()
#4 C:\Users\HP\Desktop\wirdscrepss\wordpress\wp-includes\class-wp-hook.php(341): run_chilexpress_woo_oficial('')
#5 C:\Users\HP\Desktop\wirdscrepss\wordpress\wp-includes\class-wp-hook.php(365): WP_Hook->apply_filters(NULL, Array)
#6 C:\Users\HP\Desktop\wirdscrepss\wordpress\wp-includes\plugin.php(522): WP_Hook->do_action(Array)
#7 C:\Users\HP\Desktop\wirdscrepss\wordpress\wp-settings.php(622): do_action('plugins_loaded')
#8 C:\Users\HP\Desktop\wirdscrepss\wordpress\wp-config.php(47): require_once('C:\\Users\\HP\\Des...')
#9 C:\Users\HP\Desktop\wirdscrepss\wordpress\wp-load.php(50): require_once('C:\\Users\\HP\\Des...')
#10 C:\Users\HP\Desktop\wirdscrepss\wordpress\wp-admin\admin-ajax.php(22): require_once('C:\\Users\\HP\\Des...')
#11 C:\Users\HP\Desktop\wirdscrepss\wordpress\wp-content\mu-plugins\cxp-sr108688\probe.php(29): require('C:\\Users\\HP\\Des...')
#12 {main}
  thrown in C:\Users\HP\Desktop\wirdscrepss\wordpress\wp-content\plugins\woocommerce\includes\abstracts\abstract-wc-shipping-method.php on line 84
[20-Aug-2026 19:26:03 UTC] PHP Notice:  Function _load_textdomain_just_in_time was called <strong>incorrectly</strong>. Translation loading for the <code>woocommerce</code> domain was triggered too early. This is usually an indicator for some code in the plugin or theme running too early. Translations should be loaded at the <code>init</code> action or later. Please see <a href="https://developer.wordpress.org/advanced-administration/debug/debug-wordpress/">Debugging in WordPress</a> for more information. (This message was added in version 6.7.0.) in C:\Users\HP\Desktop\wirdscrepss\wordpress\wp-includes\functions.php on line 6170
[20-Aug-2026 19:26:05 UTC] PHP Warning:  Undefined variable $details in C:\Users\HP\Desktop\wirdscrepss\wordpress\wp-content\plugins\chilexpress-oficial\admin\class-chilexpress-woo-oficial-admin.php on line 1858
[20-Aug-2026 19:26:05 UTC] PHP Warning:  Attempt to read property "statusCode" on null in C:\Users\HP\Desktop\wirdscrepss\wordpress\wp-content\plugins\chilexpress-oficial\admin\class-chilexpress-woo-oficial-admin.php on line 1432
[20-Aug-2026 19:26:05 UTC] PHP Warning:  Attempt to read property "data" on null in C:\Users\HP\Desktop\wirdscrepss\wordpress\wp-content\plugins\chilexpress-oficial\admin\class-chilexpress-woo-oficial-admin.php on line 1460
[20-Aug-2026 19:26:05 UTC] PHP Warning:  Attempt to read property "header" on null in C:\Users\HP\Desktop\wirdscrepss\wordpress\wp-content\plugins\chilexpress-oficial\admin\class-chilexpress-woo-oficial-admin.php on line 1460
[20-Aug-2026 19:26:05 UTC] PHP Warning:  Attempt to read property "countOfGeneratedOrders" on null in C:\Users\HP\Desktop\wirdscrepss\wordpress\wp-content\plugins\chilexpress-oficial\admin\class-chilexpress-woo-oficial-admin.php on line 1460
[20-Aug-2026 19:26:05 UTC] PHP Warning:  Attempt to read property "data" on null in C:\Users\HP\Desktop\wirdscrepss\wordpress\wp-content\plugins\chilexpress-oficial\admin\class-chilexpress-woo-oficial-admin.php on line 1461
[20-Aug-2026 19:26:05 UTC] PHP Warning:  Attempt to read property "header" on null in C:\Users\HP\Desktop\wirdscrepss\wordpress\wp-content\plugins\chilexpress-oficial\admin\class-chilexpress-woo-oficial-admin.php on line 1461
[20-Aug-2026 19:26:05 UTC] PHP Warning:  Attempt to read property "certificateNumber" on null in C:\Users\HP\Desktop\wirdscrepss\wordpress\wp-content\plugins\chilexpress-oficial\admin\class-chilexpress-woo-oficial-admin.php on line 1461
[20-Aug-2026 19:26:06 UTC] [Chilexpress][obtener_regiones] Archivo de regiones existe: C:\Users\HP\Desktop\wirdscrepss\wordpress\wp-content\plugins\chilexpress-oficial/includes/data/regiones/regiones.json
[20-Aug-2026 19:26:06 UTC] [Chilexpress][obtener_regiones] Datos decodificados con exito, fecha del archivo: 2026-08-20 17:53:39
[20-Aug-2026 19:26:06 UTC] [Chilexpress][obtener_regiones] El archivo local de regiones es reciente, no es necesario actualizar
[20-Aug-2026 19:26:06 UTC] WordPress database error <div style="clear:both">&nbsp;</div>
<div class="queries" style="clear:both;margin-bottom:2px;border:red dotted thin;">
<p>MySQL query:</p>
<p>SELECT MIN(date_created_gmt) as min_date_gmt, MAX(date_created_gmt) as max_date_gmt
				 FROM (
					( SELECT date_created_gmt FROM `wp_wc_orders` WHERE type = 'shop_order' AND status != 'trash' ORDER BY date_created_gmt DESC LIMIT 1 )
					UNION ALL
					( SELECT date_created_gmt FROM `wp_wc_orders` WHERE type = 'shop_order' AND status != 'trash' ORDER BY date_created_gmt ASC LIMIT 1 )
				 ) d</p>
<p>Queries made or created this session were:</p>
<ol>
<li>Executing: SELECT MIN ( `date_created_gmt` ) as `min_date_gmt` , MAX ( `date_created_gmt` ) as `max_date_gmt` FROM ( ( SELECT `date_created_gmt` FROM `wp_wc_orders` WHERE `type` = &#039;shop_order&#039; AND `status` != &#039;trash&#039; ORDER BY `date_created_gmt` DESC LIMIT 1 ) UNION ALL ( SELECT `date_created_gmt` FROM `wp_wc_orders` WHERE `type` = &#039;shop_order&#039; AND `status` != &#039;trash&#039; ORDER BY `date_created_gmt` ASC LIMIT 1 ) ) `d` | (no parameters)</li>
</ol>
</div>
<div style="clear:both;margin-bottom:2px;border:red dotted thin;" class="error_message" style="border-bottom:dotted blue thin;">
SQLSTATE[HY000]: General error: 1 near "UNION": syntax error
</div>
<p>Backtrace:</p>
<pre>#0 C:\Users\HP\Desktop\wirdscrepss\wordpress\wp-content\plugins\sqlite-database-integration\wp-includes\database\sqlite\class-wp-mysql-on-sqlite.php(7863): WP_MySQL_On_SQLite->new_driver_exception('SQLSTATE[HY000]...', 'HY000', Object(PDOException))
#1 C:\Users\HP\Desktop\wirdscrepss\wordpress\wp-content\plugins\sqlite-database-integration\wp-includes\database\sqlite\class-wp-mysql-on-sqlite.php(1197): WP_MySQL_On_SQLite->convert_sqlite_exception(Object(PDOException))
#2 C:\Users\HP\Desktop\wirdscrepss\wordpress\wp-content\plugins\sqlite-database-integration\wp-includes\sqlite\class-wp-sqlite-db.php(676): WP_MySQL_On_SQLite->query('SELECT MIN(date...', 5)
#3 C:\Users\HP\Desktop\wirdscrepss\wordpress\wp-content\plugins\sqlite-database-integration\wp-includes\sqlite\class-wp-sqlite-db.php(596): WP_SQLite_DB->_do_query('SELECT MIN(date...')
#4 C:\Users\HP\Desktop\wirdscrepss\wordpress\wp-includes\class-wpdb.php(3069): WP_SQLite_DB->query('SELECT MIN(date...')
#5 C:\Users\HP\Desktop\wirdscrepss\wordpress\wp-content\plugins\woocommerce\src\Internal\Admin\Orders\ListTable.php(880): wpdb->get_row('SELECT MIN(date...')
#6 C:\Users\HP\Desktop\wirdscrepss\wordpress\wp-content\plugins\woocommerce\src\Internal\Admin\Orders\ListTable.php(846): Automattic\WooCommerce\Internal\Admin\Orders\ListTable->get_months_filter_options()
#7 C:\Users\HP\Desktop\wirdscrepss\wordpress\wp-content\plugins\woocommerce\src\Internal\Admin\Orders\ListTable.php(785): Automattic\WooCommerce\Internal\Admin\Orders\ListTable->months_filter()
#8 C:\Users\HP\Desktop\wirdscrepss\wordpress\wp-admin\includes\class-wp-list-table.php(1681): Automattic\WooCommerce\Internal\Admin\Orders\ListTable->extra_tablenav('top')
#9 C:\Users\HP\Desktop\wirdscrepss\wordpress\wp-admin\includes\class-wp-list-table.php(1611): WP_List_Table->display_tablenav('top')
#10 C:\Users\HP\Desktop\wirdscrepss\wordpress\wp-content\plugins\woocommerce\src\Internal\Admin\Orders\ListTable.php(284): WP_List_Table->display()
#11 C:\Users\HP\Desktop\wirdscrepss\wordpress\wp-content\plugins\woocommerce\src\Internal\Admin\Orders\PageController.php(300): Automattic\WooCommerce\Internal\Admin\Orders\ListTable->display()
#12 C:\Users\HP\Desktop\wirdscrepss\wordpress\wp-includes\class-wp-hook.php(341): Automattic\WooCommerce\Internal\Admin\Orders\PageController->output('')
#13 C:\Users\HP\Desktop\wirdscrepss\wordpress\wp-includes\class-wp-hook.php(365): WP_Hook->apply_filters('', Array)
#14 C:\Users\HP\Desktop\wirdscrepss\wordpress\wp-includes\plugin.php(522): WP_Hook->do_action(Array)
#15 C:\Users\HP\Desktop\wirdscrepss\wordpress\wp-admin\admin.php(264): do_action('woocommerce_pag...')
#16 {main}</pre>
 for query SELECT MIN(date_created_gmt) as min_date_gmt, MAX(date_created_gmt) as max_date_gmt
				 FROM (
					( SELECT date_created_gmt FROM `wp_wc_orders` WHERE type = 'shop_order' AND status != 'trash' ORDER BY date_created_gmt DESC LIMIT 1 )
					UNION ALL
					( SELECT date_created_gmt FROM `wp_wc_orders` WHERE type = 'shop_order' AND status != 'trash' ORDER BY date_created_gmt ASC LIMIT 1 )
				 ) d made by do_action('woocommerce_page_wc-orders'), WP_Hook->do_action, WP_Hook->apply_filters, Automattic\WooCommerce\Internal\Admin\Orders\PageController->output, Automattic\WooCommerce\Internal\Admin\Orders\ListTable->display, WP_List_Table->display, WP_List_Table->display_tablenav, Automattic\WooCommerce\Internal\Admin\Orders\ListTable->extra_tablenav, Automattic\WooCommerce\Internal\Admin\Orders\ListTable->months_filter, Automattic\WooCommerce\Internal\Admin\Orders\ListTable->get_months_filter_options, WP_SQLite_DB->query, WP_SQLite_DB->print_error
[20-Aug-2026 19:27:03 UTC] [Chilexpress][obtener_regiones] Archivo de regiones existe: C:\Users\HP\Desktop\wirdscrepss\wordpress\wp-content\plugins\chilexpress-oficial/includes/data/regiones/regiones.json
[20-Aug-2026 19:27:03 UTC] [Chilexpress][obtener_regiones] Datos decodificados con exito, fecha del archivo: 2026-08-20 17:53:39
[20-Aug-2026 19:27:03 UTC] [Chilexpress][obtener_regiones] El archivo local de regiones es reciente, no es necesario actualizar
[20-Aug-2026 19:27:08 UTC] [Chilexpress][obtener_regiones] Archivo de regiones existe: C:\Users\HP\Desktop\wirdscrepss\wordpress\wp-content\plugins\chilexpress-oficial/includes/data/regiones/regiones.json
[20-Aug-2026 19:27:08 UTC] [Chilexpress][obtener_regiones] Datos decodificados con exito, fecha del archivo: 2026-08-20 17:53:39
[20-Aug-2026 19:27:08 UTC] [Chilexpress][obtener_regiones] El archivo local de regiones es reciente, no es necesario actualizar
[20-Aug-2026 19:27:09 UTC] [Chilexpress][obtener_comunas] para la region: RM
[20-Aug-2026 19:27:09 UTC] [Chilexpress][obtener_comunas] Busco comunas en el archivo local: C:\Users\HP\Desktop\wirdscrepss\wordpress\wp-content\plugins\chilexpress-oficial/includes/data/comunas/RM.json
[20-Aug-2026 19:27:09 UTC] [Chilexpress][obtener_comunas] El archivo local existe !
[20-Aug-2026 19:27:09 UTC] [Chilexpress][obtener_comunas] Datos decodificados con exito, fecha del archivo: 2026-08-20 17:53:27
[20-Aug-2026 19:27:09 UTC] [Chilexpress][obtener_comunas] El archivo local es reciente, no es necesario actualizar
[20-Aug-2026 19:27:10 UTC] [Chilexpress][obtener_comunas] para la region: RM
[20-Aug-2026 19:27:10 UTC] [Chilexpress][obtener_comunas] Busco comunas en el archivo local: C:\Users\HP\Desktop\wirdscrepss\wordpress\wp-content\plugins\chilexpress-oficial/includes/data/comunas/RM.json
[20-Aug-2026 19:27:10 UTC] [Chilexpress][obtener_comunas] El archivo local existe !
[20-Aug-2026 19:27:10 UTC] [Chilexpress][obtener_comunas] Datos decodificados con exito, fecha del archivo: 2026-08-20 17:53:27
[20-Aug-2026 19:27:10 UTC] [Chilexpress][obtener_comunas] El archivo local es reciente, no es necesario actualizar
[20-Aug-2026 19:27:14 UTC] [Chilexpress][obtener_regiones] Archivo de regiones existe: C:\Users\HP\Desktop\wirdscrepss\wordpress\wp-content\plugins\chilexpress-oficial/includes/data/regiones/regiones.json
[20-Aug-2026 19:27:14 UTC] [Chilexpress][obtener_regiones] Datos decodificados con exito, fecha del archivo: 2026-08-20 17:53:39
[20-Aug-2026 19:27:14 UTC] [Chilexpress][obtener_regiones] El archivo local de regiones es reciente, no es necesario actualizar
[20-Aug-2026 19:27:15 UTC] [Chilexpress][obtener_regiones] Archivo de regiones existe: C:\Users\HP\Desktop\wirdscrepss\wordpress\wp-content\plugins\chilexpress-oficial/includes/data/regiones/regiones.json
[20-Aug-2026 19:27:15 UTC] [Chilexpress][obtener_regiones] Datos decodificados con exito, fecha del archivo: 2026-08-20 17:53:39
[20-Aug-2026 19:27:15 UTC] [Chilexpress][obtener_regiones] El archivo local de regiones es reciente, no es necesario actualizar
[20-Aug-2026 19:27:17 UTC] [Chilexpress][obtener_comunas] para la region: RM
[20-Aug-2026 19:27:17 UTC] [Chilexpress][obtener_comunas] Busco comunas en el archivo local: C:\Users\HP\Desktop\wirdscrepss\wordpress\wp-content\plugins\chilexpress-oficial/includes/data/comunas/RM.json
[20-Aug-2026 19:27:17 UTC] [Chilexpress][obtener_comunas] El archivo local existe !
[20-Aug-2026 19:27:17 UTC] [Chilexpress][obtener_comunas] Datos decodificados con exito, fecha del archivo: 2026-08-20 17:53:27
[20-Aug-2026 19:27:17 UTC] [Chilexpress][obtener_comunas] El archivo local es reciente, no es necesario actualizar
[20-Aug-2026 19:27:18 UTC] [Chilexpress][obtener_comunas] para la region: RM
[20-Aug-2026 19:27:18 UTC] [Chilexpress][obtener_comunas] Busco comunas en el archivo local: C:\Users\HP\Desktop\wirdscrepss\wordpress\wp-content\plugins\chilexpress-oficial/includes/data/comunas/RM.json
[20-Aug-2026 19:27:18 UTC] [Chilexpress][obtener_comunas] El archivo local existe !
[20-Aug-2026 19:27:18 UTC] [Chilexpress][obtener_comunas] Datos decodificados con exito, fecha del archivo: 2026-08-20 17:53:27
[20-Aug-2026 19:27:18 UTC] [Chilexpress][obtener_comunas] El archivo local es reciente, no es necesario actualizar
[20-Aug-2026 19:27:23 UTC] [Chilexpress][obtener_regiones] Archivo de regiones existe: C:\Users\HP\Desktop\wirdscrepss\wordpress\wp-content\plugins\chilexpress-oficial/includes/data/regiones/regiones.json
[20-Aug-2026 19:27:23 UTC] [Chilexpress][obtener_regiones] Datos decodificados con exito, fecha del archivo: 2026-08-20 17:53:39
[20-Aug-2026 19:27:23 UTC] [Chilexpress][obtener_regiones] El archivo local de regiones es reciente, no es necesario actualizar
[20-Aug-2026 19:27:25 UTC] [Chilexpress][obtener_comunas] para la region: RM
[20-Aug-2026 19:27:25 UTC] [Chilexpress][obtener_comunas] Busco comunas en el archivo local: C:\Users\HP\Desktop\wirdscrepss\wordpress\wp-content\plugins\chilexpress-oficial/includes/data/comunas/RM.json
[20-Aug-2026 19:27:25 UTC] [Chilexpress][obtener_comunas] El archivo local existe !
[20-Aug-2026 19:27:25 UTC] [Chilexpress][obtener_comunas] Datos decodificados con exito, fecha del archivo: 2026-08-20 17:53:27
[20-Aug-2026 19:27:25 UTC] [Chilexpress][obtener_comunas] El archivo local es reciente, no es necesario actualizar
[20-Aug-2026 19:27:26 UTC] [Chilexpress][obtener_comunas] para la region: RM
[20-Aug-2026 19:27:26 UTC] [Chilexpress][obtener_comunas] Busco comunas en el archivo local: C:\Users\HP\Desktop\wirdscrepss\wordpress\wp-content\plugins\chilexpress-oficial/includes/data/comunas/RM.json
[20-Aug-2026 19:27:26 UTC] [Chilexpress][obtener_comunas] El archivo local existe !
[20-Aug-2026 19:27:26 UTC] [Chilexpress][obtener_comunas] Datos decodificados con exito, fecha del archivo: 2026-08-20 17:53:27
[20-Aug-2026 19:27:26 UTC] [Chilexpress][obtener_comunas] El archivo local es reciente, no es necesario actualizar
[20-Aug-2026 19:27:33 UTC] [Chilexpress][obtener_regiones] Archivo de regiones existe: C:\Users\HP\Desktop\wirdscrepss\wordpress\wp-content\plugins\chilexpress-oficial/includes/data/regiones/regiones.json
[20-Aug-2026 19:27:33 UTC] [Chilexpress][obtener_regiones] Datos decodificados con exito, fecha del archivo: 2026-08-20 17:53:39
[20-Aug-2026 19:27:33 UTC] [Chilexpress][obtener_regiones] El archivo local de regiones es reciente, no es necesario actualizar
[20-Aug-2026 19:27:41 UTC] [Chilexpress][obtener_regiones] Archivo de regiones existe: C:\Users\HP\Desktop\wirdscrepss\wordpress\wp-content\plugins\chilexpress-oficial/includes/data/regiones/regiones.json
[20-Aug-2026 19:27:41 UTC] [Chilexpress][obtener_regiones] Datos decodificados con exito, fecha del archivo: 2026-08-20 17:53:39
[20-Aug-2026 19:27:41 UTC] [Chilexpress][obtener_regiones] El archivo local de regiones es reciente, no es necesario actualizar
[20-Aug-2026 19:27:42 UTC] [Chilexpress][obtener_regiones] Archivo de regiones existe: C:\Users\HP\Desktop\wirdscrepss\wordpress\wp-content\plugins\chilexpress-oficial/includes/data/regiones/regiones.json
[20-Aug-2026 19:27:42 UTC] [Chilexpress][obtener_regiones] Datos decodificados con exito, fecha del archivo: 2026-08-20 17:53:39
[20-Aug-2026 19:27:42 UTC] [Chilexpress][obtener_regiones] El archivo local de regiones es reciente, no es necesario actualizar
[20-Aug-2026 19:27:49 UTC] [Chilexpress][obtener_regiones] Archivo de regiones existe: C:\Users\HP\Desktop\wirdscrepss\wordpress\wp-content\plugins\chilexpress-oficial/includes/data/regiones/regiones.json
[20-Aug-2026 19:27:49 UTC] [Chilexpress][obtener_regiones] Datos decodificados con exito, fecha del archivo: 2026-08-20 17:53:39
[20-Aug-2026 19:27:49 UTC] [Chilexpress][obtener_regiones] El archivo local de regiones es reciente, no es necesario actualizar
[20-Aug-2026 19:27:50 UTC] [Chilexpress][obtener_comunas] para la region: RM
[20-Aug-2026 19:27:50 UTC] [Chilexpress][obtener_comunas] Busco comunas en el archivo local: C:\Users\HP\Desktop\wirdscrepss\wordpress\wp-content\plugins\chilexpress-oficial/includes/data/comunas/RM.json
[20-Aug-2026 19:27:50 UTC] [Chilexpress][obtener_comunas] El archivo local existe !
[20-Aug-2026 19:27:50 UTC] [Chilexpress][obtener_comunas] Datos decodificados con exito, fecha del archivo: 2026-08-20 17:53:27
[20-Aug-2026 19:27:50 UTC] [Chilexpress][obtener_comunas] El archivo local es reciente, no es necesario actualizar
[20-Aug-2026 19:27:51 UTC] [Chilexpress][obtener_comunas] para la region: RM
[20-Aug-2026 19:27:51 UTC] [Chilexpress][obtener_comunas] Busco comunas en el archivo local: C:\Users\HP\Desktop\wirdscrepss\wordpress\wp-content\plugins\chilexpress-oficial/includes/data/comunas/RM.json
[20-Aug-2026 19:27:51 UTC] [Chilexpress][obtener_comunas] El archivo local existe !
[20-Aug-2026 19:27:51 UTC] [Chilexpress][obtener_comunas] Datos decodificados con exito, fecha del archivo: 2026-08-20 17:53:27
[20-Aug-2026 19:27:51 UTC] [Chilexpress][obtener_comunas] El archivo local es reciente, no es necesario actualizar
[20-Aug-2026 19:28:28 UTC] PHP Fatal error:  Uncaught Error: Class "Automattic\WooCommerce\Enums\ProductTaxStatus" not found in C:\Users\HP\Desktop\wirdscrepss\wordpress\wp-content\plugins\woocommerce\includes\abstracts\abstract-wc-shipping-method.php:84
Stack trace:
#0 C:\Users\HP\Desktop\wirdscrepss\wordpress\wp-content\plugins\chilexpress-oficial\admin\class-chilexpress-woo-oficial-admin.php(116): [constant expression]()
#1 C:\Users\HP\Desktop\wirdscrepss\wordpress\wp-content\plugins\chilexpress-oficial\includes\class-chilexpress-woo-oficial.php(162): Chilexpress_Woo_Oficial_Admin->__construct('chilexpress-woo...', '1.4.0')
#2 C:\Users\HP\Desktop\wirdscrepss\wordpress\wp-content\plugins\chilexpress-oficial\includes\class-chilexpress-woo-oficial.php(79): Chilexpress_Woo_Oficial->define_admin_hooks()
#3 C:\Users\HP\Desktop\wirdscrepss\wordpress\wp-content\plugins\chilexpress-oficial\chilexpress-woo-oficial.php(103): Chilexpress_Woo_Oficial->__construct()
#4 C:\Users\HP\Desktop\wirdscrepss\wordpress\wp-includes\class-wp-hook.php(341): run_chilexpress_woo_oficial('')
#5 C:\Users\HP\Desktop\wirdscrepss\wordpress\wp-includes\class-wp-hook.php(365): WP_Hook->apply_filters(NULL, Array)
#6 C:\Users\HP\Desktop\wirdscrepss\wordpress\wp-includes\plugin.php(522): WP_Hook->do_action(Array)
#7 C:\Users\HP\Desktop\wirdscrepss\wordpress\wp-settings.php(622): do_action('plugins_loaded')
#8 C:\Users\HP\Desktop\wirdscrepss\wordpress\wp-config.php(47): require_once('C:\\Users\\HP\\Des...')
#9 C:\Users\HP\Desktop\wirdscrepss\wordpress\wp-load.php(50): require_once('C:\\Users\\HP\\Des...')
#10 C:\Users\HP\Desktop\wirdscrepss\wordpress\wp-admin\admin-ajax.php(22): require_once('C:\\Users\\HP\\Des...')
#11 C:\Users\HP\Desktop\wirdscrepss\wordpress\wp-content\mu-plugins\cxp-sr108688\probe.php(29): require('C:\\Users\\HP\\Des...')
#12 {main}
  thrown in C:\Users\HP\Desktop\wirdscrepss\wordpress\wp-content\plugins\woocommerce\includes\abstracts\abstract-wc-shipping-method.php on line 84
[20-Aug-2026 19:28:28 UTC] PHP Notice:  Function _load_textdomain_just_in_time was called <strong>incorrectly</strong>. Translation loading for the <code>woocommerce</code> domain was triggered too early. This is usually an indicator for some code in the plugin or theme running too early. Translations should be loaded at the <code>init</code> action or later. Please see <a href="https://developer.wordpress.org/advanced-administration/debug/debug-wordpress/">Debugging in WordPress</a> for more information. (This message was added in version 6.7.0.) in C:\Users\HP\Desktop\wirdscrepss\wordpress\wp-includes\functions.php on line 6170
[20-Aug-2026 19:28:32 UTC] PHP Fatal error:  Uncaught Error: Class "Automattic\WooCommerce\Enums\ProductTaxStatus" not found in C:\Users\HP\Desktop\wirdscrepss\wordpress\wp-content\plugins\woocommerce\includes\abstracts\abstract-wc-shipping-method.php:84
Stack trace:
#0 C:\Users\HP\Desktop\wirdscrepss\wordpress\wp-content\plugins\chilexpress-oficial\admin\class-chilexpress-woo-oficial-admin.php(116): [constant expression]()
#1 C:\Users\HP\Desktop\wirdscrepss\wordpress\wp-content\plugins\chilexpress-oficial\includes\class-chilexpress-woo-oficial.php(162): Chilexpress_Woo_Oficial_Admin->__construct('chilexpress-woo...', '1.4.0')
#2 C:\Users\HP\Desktop\wirdscrepss\wordpress\wp-content\plugins\chilexpress-oficial\includes\class-chilexpress-woo-oficial.php(79): Chilexpress_Woo_Oficial->define_admin_hooks()
#3 C:\Users\HP\Desktop\wirdscrepss\wordpress\wp-content\plugins\chilexpress-oficial\chilexpress-woo-oficial.php(103): Chilexpress_Woo_Oficial->__construct()
#4 C:\Users\HP\Desktop\wirdscrepss\wordpress\wp-includes\class-wp-hook.php(341): run_chilexpress_woo_oficial('')
#5 C:\Users\HP\Desktop\wirdscrepss\wordpress\wp-includes\class-wp-hook.php(365): WP_Hook->apply_filters(NULL, Array)
#6 C:\Users\HP\Desktop\wirdscrepss\wordpress\wp-includes\plugin.php(522): WP_Hook->do_action(Array)
#7 C:\Users\HP\Desktop\wirdscrepss\wordpress\wp-settings.php(622): do_action('plugins_loaded')
#8 C:\Users\HP\Desktop\wirdscrepss\wordpress\wp-config.php(47): require_once('C:\\Users\\HP\\Des...')
#9 C:\Users\HP\Desktop\wirdscrepss\wordpress\wp-load.php(50): require_once('C:\\Users\\HP\\Des...')
#10 C:\Users\HP\Desktop\wirdscrepss\wordpress\wp-admin\admin-ajax.php(22): require_once('C:\\Users\\HP\\Des...')
#11 C:\Users\HP\Desktop\wirdscrepss\wordpress\wp-content\mu-plugins\cxp-sr108688\probe.php(29): require('C:\\Users\\HP\\Des...')
#12 {main}
  thrown in C:\Users\HP\Desktop\wirdscrepss\wordpress\wp-content\plugins\woocommerce\includes\abstracts\abstract-wc-shipping-method.php on line 84
[20-Aug-2026 19:28:32 UTC] PHP Notice:  Function _load_textdomain_just_in_time was called <strong>incorrectly</strong>. Translation loading for the <code>woocommerce</code> domain was triggered too early. This is usually an indicator for some code in the plugin or theme running too early. Translations should be loaded at the <code>init</code> action or later. Please see <a href="https://developer.wordpress.org/advanced-administration/debug/debug-wordpress/">Debugging in WordPress</a> for more information. (This message was added in version 6.7.0.) in C:\Users\HP\Desktop\wirdscrepss\wordpress\wp-includes\functions.php on line 6170
[20-Aug-2026 19:35:58 UTC] [Chilexpress][obtener_regiones] Archivo de regiones existe: C:\Users\HP\Desktop\wirdscrepss\wordpress\wp-content\plugins\chilexpress-oficial/includes/data/regiones/regiones.json
[20-Aug-2026 19:35:58 UTC] [Chilexpress][obtener_regiones] Datos decodificados con exito, fecha del archivo: 2026-08-20 17:53:39
[20-Aug-2026 19:35:58 UTC] [Chilexpress][obtener_regiones] El archivo local de regiones es reciente, no es necesario actualizar
[20-Aug-2026 19:36:08 UTC] [Chilexpress][obtener_regiones] Archivo de regiones existe: C:\Users\HP\Desktop\wirdscrepss\wordpress\wp-content\plugins\chilexpress-oficial/includes/data/regiones/regiones.json
[20-Aug-2026 19:36:08 UTC] [Chilexpress][obtener_regiones] Datos decodificados con exito, fecha del archivo: 2026-08-20 17:53:39
[20-Aug-2026 19:36:08 UTC] [Chilexpress][obtener_regiones] El archivo local de regiones es reciente, no es necesario actualizar
[20-Aug-2026 19:36:09 UTC] [Chilexpress][obtener_regiones] Archivo de regiones existe: C:\Users\HP\Desktop\wirdscrepss\wordpress\wp-content\plugins\chilexpress-oficial/includes/data/regiones/regiones.json
[20-Aug-2026 19:36:09 UTC] [Chilexpress][obtener_regiones] Datos decodificados con exito, fecha del archivo: 2026-08-20 17:53:39
[20-Aug-2026 19:36:09 UTC] [Chilexpress][obtener_regiones] El archivo local de regiones es reciente, no es necesario actualizar
[20-Aug-2026 19:36:34 UTC] [Chilexpress][obtener_regiones] Archivo de regiones existe: C:\Users\HP\Desktop\wirdscrepss\wordpress\wp-content\plugins\chilexpress-oficial/includes/data/regiones/regiones.json
[20-Aug-2026 19:36:34 UTC] [Chilexpress][obtener_regiones] Datos decodificados con exito, fecha del archivo: 2026-08-20 17:53:39
[20-Aug-2026 19:36:34 UTC] [Chilexpress][obtener_regiones] El archivo local de regiones es reciente, no es necesario actualizar
[20-Aug-2026 19:39:30 UTC] [Chilexpress][obtener_regiones] Archivo de regiones existe: C:\Users\HP\Desktop\wirdscrepss\wordpress\wp-content\plugins\chilexpress-oficial/includes/data/regiones/regiones.json
[20-Aug-2026 19:39:30 UTC] [Chilexpress][obtener_regiones] Datos decodificados con exito, fecha del archivo: 2026-08-20 17:53:39
[20-Aug-2026 19:39:30 UTC] [Chilexpress][obtener_regiones] El archivo local de regiones es reciente, no es necesario actualizar
[20-Aug-2026 19:42:26 UTC] PHP Notice:  La función wp_maybe_inline_styles ha sido llamada <strong>de forma incorrecta</strong>. No se puede leer la clave “path” con el valor “C:\Users\HP\Desktop\wirdscrepss\wordpress/wp-content/themes/woodmart/style.min.css” para la hoja de estilo “twentytwentyfive-style”. Por favor revisa <a href="https://developer.wordpress.org/advanced-administration/debug/debug-wordpress/">Depurando en WordPress</a> para más información. (Este mensaje se añadió en la versión 7.0.0.) in C:\Users\HP\Desktop\wirdscrepss\wordpress\wp-includes\functions.php on line 6170
[20-Aug-2026 19:42:26 UTC] PHP Notice:  La función wp_maybe_inline_styles ha sido llamada <strong>de forma incorrecta</strong>. No se puede leer la clave “path” con el valor “C:\Users\HP\Desktop\wirdscrepss\wordpress/wp-content/themes/woodmart/style.min.css” para la hoja de estilo “twentytwentyfive-style”. Por favor revisa <a href="https://developer.wordpress.org/advanced-administration/debug/debug-wordpress/">Depurando en WordPress</a> para más información. (Este mensaje se añadió en la versión 7.0.0.) in C:\Users\HP\Desktop\wirdscrepss\wordpress\wp-includes\functions.php on line 6170
[20-Aug-2026 19:49:37 UTC] [Chilexpress][obtener_regiones] Archivo de regiones existe: C:\Users\HP\Desktop\wirdscrepss\wordpress\wp-content\plugins\chilexpress-oficial/includes/data/regiones/regiones.json
[20-Aug-2026 19:49:37 UTC] [Chilexpress][obtener_regiones] Datos decodificados con exito, fecha del archivo: 2026-08-20 17:53:39
[20-Aug-2026 19:49:37 UTC] [Chilexpress][obtener_regiones] El archivo local de regiones es reciente, no es necesario actualizar
[20-Aug-2026 19:55:52 UTC] [Chilexpress][obtener_regiones] Archivo de regiones existe: C:\Users\HP\Desktop\wirdscrepss\wordpress\wp-content\plugins\chilexpress-oficial/includes/data/regiones/regiones.json
[20-Aug-2026 19:55:52 UTC] [Chilexpress][obtener_regiones] Datos decodificados con exito, fecha del archivo: 2026-08-20 17:53:39
[20-Aug-2026 19:55:52 UTC] [Chilexpress][obtener_regiones] El archivo local de regiones es reciente, no es necesario actualizar
[20-Aug-2026 19:56:09 UTC] [Chilexpress][obtener_comunas] para la region: RM
[20-Aug-2026 19:56:09 UTC] [Chilexpress][obtener_comunas] Busco comunas en el archivo local: C:\Users\HP\Desktop\wirdscrepss\wordpress\wp-content\plugins\chilexpress-oficial/includes/data/comunas/RM.json
[20-Aug-2026 19:56:09 UTC] [Chilexpress][obtener_comunas] El archivo local existe !
[20-Aug-2026 19:56:09 UTC] [Chilexpress][obtener_comunas] Datos decodificados con exito, fecha del archivo: 2026-08-20 17:53:27
[20-Aug-2026 19:56:09 UTC] [Chilexpress][obtener_comunas] El archivo local es reciente, no es necesario actualizar
[20-Aug-2026 19:56:10 UTC] [Chilexpress][obtener_comunas] para la region: RM
[20-Aug-2026 19:56:10 UTC] [Chilexpress][obtener_comunas] Busco comunas en el archivo local: C:\Users\HP\Desktop\wirdscrepss\wordpress\wp-content\plugins\chilexpress-oficial/includes/data/comunas/RM.json
[20-Aug-2026 19:56:10 UTC] [Chilexpress][obtener_comunas] El archivo local existe !
[20-Aug-2026 19:56:10 UTC] [Chilexpress][obtener_comunas] Datos decodificados con exito, fecha del archivo: 2026-08-20 17:53:27
[20-Aug-2026 19:56:10 UTC] [Chilexpress][obtener_comunas] El archivo local es reciente, no es necesario actualizar
[20-Aug-2026 19:56:17 UTC] [Chilexpress][obtener_regiones] Archivo de regiones existe: C:\Users\HP\Desktop\wirdscrepss\wordpress\wp-content\plugins\chilexpress-oficial/includes/data/regiones/regiones.json
[20-Aug-2026 19:56:17 UTC] [Chilexpress][obtener_regiones] Datos decodificados con exito, fecha del archivo: 2026-08-20 17:53:39
[20-Aug-2026 19:56:17 UTC] [Chilexpress][obtener_regiones] El archivo local de regiones es reciente, no es necesario actualizar
[20-Aug-2026 19:56:18 UTC] [Chilexpress][obtener_regiones] Archivo de regiones existe: C:\Users\HP\Desktop\wirdscrepss\wordpress\wp-content\plugins\chilexpress-oficial/includes/data/regiones/regiones.json
[20-Aug-2026 19:56:18 UTC] [Chilexpress][obtener_regiones] Datos decodificados con exito, fecha del archivo: 2026-08-20 17:53:39
[20-Aug-2026 19:56:18 UTC] [Chilexpress][obtener_regiones] El archivo local de regiones es reciente, no es necesario actualizar
[20-Aug-2026 19:56:20 UTC] [Chilexpress][obtener_comunas] para la region: RM
[20-Aug-2026 19:56:20 UTC] [Chilexpress][obtener_comunas] Busco comunas en el archivo local: C:\Users\HP\Desktop\wirdscrepss\wordpress\wp-content\plugins\chilexpress-oficial/includes/data/comunas/RM.json
[20-Aug-2026 19:56:20 UTC] [Chilexpress][obtener_comunas] El archivo local existe !
[20-Aug-2026 19:56:20 UTC] [Chilexpress][obtener_comunas] Datos decodificados con exito, fecha del archivo: 2026-08-20 17:53:27
[20-Aug-2026 19:56:20 UTC] [Chilexpress][obtener_comunas] El archivo local es reciente, no es necesario actualizar
[20-Aug-2026 19:56:21 UTC] [Chilexpress][obtener_comunas] para la region: RM
[20-Aug-2026 19:56:21 UTC] [Chilexpress][obtener_comunas] Busco comunas en el archivo local: C:\Users\HP\Desktop\wirdscrepss\wordpress\wp-content\plugins\chilexpress-oficial/includes/data/comunas/RM.json
[20-Aug-2026 19:56:21 UTC] [Chilexpress][obtener_comunas] El archivo local existe !
[20-Aug-2026 19:56:21 UTC] [Chilexpress][obtener_comunas] Datos decodificados con exito, fecha del archivo: 2026-08-20 17:53:27
[20-Aug-2026 19:56:21 UTC] [Chilexpress][obtener_comunas] El archivo local es reciente, no es necesario actualizar
[20-Aug-2026 19:56:23 UTC] [Chilexpress][obtener_regiones] Archivo de regiones existe: C:\Users\HP\Desktop\wirdscrepss\wordpress\wp-content\plugins\chilexpress-oficial/includes/data/regiones/regiones.json
[20-Aug-2026 19:56:23 UTC] [Chilexpress][obtener_regiones] Datos decodificados con exito, fecha del archivo: 2026-08-20 17:53:39
[20-Aug-2026 19:56:23 UTC] [Chilexpress][obtener_regiones] El archivo local de regiones es reciente, no es necesario actualizar
[20-Aug-2026 19:56:24 UTC] [Chilexpress][obtener_regiones] Archivo de regiones existe: C:\Users\HP\Desktop\wirdscrepss\wordpress\wp-content\plugins\chilexpress-oficial/includes/data/regiones/regiones.json
[20-Aug-2026 19:56:24 UTC] [Chilexpress][obtener_regiones] Datos decodificados con exito, fecha del archivo: 2026-08-20 17:53:39
[20-Aug-2026 19:56:24 UTC] [Chilexpress][obtener_regiones] El archivo local de regiones es reciente, no es necesario actualizar
[20-Aug-2026 19:56:25 UTC] [Chilexpress][obtener_regiones] Archivo de regiones existe: C:\Users\HP\Desktop\wirdscrepss\wordpress\wp-content\plugins\chilexpress-oficial/includes/data/regiones/regiones.json
[20-Aug-2026 19:56:25 UTC] [Chilexpress][obtener_regiones] Datos decodificados con exito, fecha del archivo: 2026-08-20 17:53:39
[20-Aug-2026 19:56:25 UTC] [Chilexpress][obtener_regiones] El archivo local de regiones es reciente, no es necesario actualizar
[20-Aug-2026 19:56:26 UTC] [Chilexpress][obtener_regiones] Archivo de regiones existe: C:\Users\HP\Desktop\wirdscrepss\wordpress\wp-content\plugins\chilexpress-oficial/includes/data/regiones/regiones.json
[20-Aug-2026 19:56:26 UTC] [Chilexpress][obtener_regiones] Datos decodificados con exito, fecha del archivo: 2026-08-20 17:53:39
[20-Aug-2026 19:56:26 UTC] [Chilexpress][obtener_regiones] El archivo local de regiones es reciente, no es necesario actualizar
[20-Aug-2026 19:56:28 UTC] [Chilexpress][obtener_comunas] para la region: RM
[20-Aug-2026 19:56:28 UTC] [Chilexpress][obtener_comunas] Busco comunas en el archivo local: C:\Users\HP\Desktop\wirdscrepss\wordpress\wp-content\plugins\chilexpress-oficial/includes/data/comunas/RM.json
[20-Aug-2026 19:56:28 UTC] [Chilexpress][obtener_comunas] El archivo local existe !
[20-Aug-2026 19:56:28 UTC] [Chilexpress][obtener_comunas] Datos decodificados con exito, fecha del archivo: 2026-08-20 17:53:27
[20-Aug-2026 19:56:28 UTC] [Chilexpress][obtener_comunas] El archivo local es reciente, no es necesario actualizar
[20-Aug-2026 19:56:29 UTC] [Chilexpress][obtener_comunas] para la region: RM
[20-Aug-2026 19:56:29 UTC] [Chilexpress][obtener_comunas] Busco comunas en el archivo local: C:\Users\HP\Desktop\wirdscrepss\wordpress\wp-content\plugins\chilexpress-oficial/includes/data/comunas/RM.json
[20-Aug-2026 19:56:29 UTC] [Chilexpress][obtener_comunas] El archivo local existe !
[20-Aug-2026 19:56:29 UTC] [Chilexpress][obtener_comunas] Datos decodificados con exito, fecha del archivo: 2026-08-20 17:53:27
[20-Aug-2026 19:56:29 UTC] [Chilexpress][obtener_comunas] El archivo local es reciente, no es necesario actualizar
[20-Aug-2026 19:56:31 UTC] [Chilexpress][obtener_regiones] Archivo de regiones existe: C:\Users\HP\Desktop\wirdscrepss\wordpress\wp-content\plugins\chilexpress-oficial/includes/data/regiones/regiones.json
[20-Aug-2026 19:56:31 UTC] [Chilexpress][obtener_regiones] Datos decodificados con exito, fecha del archivo: 2026-08-20 17:53:39
[20-Aug-2026 19:56:31 UTC] [Chilexpress][obtener_regiones] El archivo local de regiones es reciente, no es necesario actualizar
[20-Aug-2026 19:56:32 UTC] [Chilexpress][obtener_comunas] para la region: RM
[20-Aug-2026 19:56:32 UTC] [Chilexpress][obtener_comunas] Busco comunas en el archivo local: C:\Users\HP\Desktop\wirdscrepss\wordpress\wp-content\plugins\chilexpress-oficial/includes/data/comunas/RM.json
[20-Aug-2026 19:56:32 UTC] [Chilexpress][obtener_comunas] El archivo local existe !
[20-Aug-2026 19:56:32 UTC] [Chilexpress][obtener_comunas] Datos decodificados con exito, fecha del archivo: 2026-08-20 17:53:27
[20-Aug-2026 19:56:32 UTC] [Chilexpress][obtener_comunas] El archivo local es reciente, no es necesario actualizar
[20-Aug-2026 19:56:33 UTC] [Chilexpress][obtener_comunas] para la region: RM
[20-Aug-2026 19:56:33 UTC] [Chilexpress][obtener_comunas] Busco comunas en el archivo local: C:\Users\HP\Desktop\wirdscrepss\wordpress\wp-content\plugins\chilexpress-oficial/includes/data/comunas/RM.json
[20-Aug-2026 19:56:33 UTC] [Chilexpress][obtener_comunas] El archivo local existe !
[20-Aug-2026 19:56:33 UTC] [Chilexpress][obtener_comunas] Datos decodificados con exito, fecha del archivo: 2026-08-20 17:53:27
[20-Aug-2026 19:56:33 UTC] [Chilexpress][obtener_comunas] El archivo local es reciente, no es necesario actualizar
[20-Aug-2026 19:56:37 UTC] [Chilexpress][obtener_regiones] Archivo de regiones existe: C:\Users\HP\Desktop\wirdscrepss\wordpress\wp-content\plugins\chilexpress-oficial/includes/data/regiones/regiones.json
[20-Aug-2026 19:56:37 UTC] [Chilexpress][obtener_regiones] Datos decodificados con exito, fecha del archivo: 2026-08-20 17:53:39
[20-Aug-2026 19:56:37 UTC] [Chilexpress][obtener_regiones] El archivo local de regiones es reciente, no es necesario actualizar
[20-Aug-2026 19:56:42 UTC] [Chilexpress][obtener_regiones] Archivo de regiones existe: C:\Users\HP\Desktop\wirdscrepss\wordpress\wp-content\plugins\chilexpress-oficial/includes/data/regiones/regiones.json
[20-Aug-2026 19:56:42 UTC] [Chilexpress][obtener_regiones] Datos decodificados con exito, fecha del archivo: 2026-08-20 17:53:39
[20-Aug-2026 19:56:42 UTC] [Chilexpress][obtener_regiones] El archivo local de regiones es reciente, no es necesario actualizar
[20-Aug-2026 19:56:43 UTC] [Chilexpress][obtener_comunas] para la region: RM
[20-Aug-2026 19:56:43 UTC] [Chilexpress][obtener_comunas] Busco comunas en el archivo local: C:\Users\HP\Desktop\wirdscrepss\wordpress\wp-content\plugins\chilexpress-oficial/includes/data/comunas/RM.json
[20-Aug-2026 19:56:43 UTC] [Chilexpress][obtener_comunas] El archivo local existe !
[20-Aug-2026 19:56:43 UTC] [Chilexpress][obtener_comunas] Datos decodificados con exito, fecha del archivo: 2026-08-20 17:53:27
[20-Aug-2026 19:56:43 UTC] [Chilexpress][obtener_comunas] El archivo local es reciente, no es necesario actualizar
[20-Aug-2026 19:56:44 UTC] [Chilexpress][obtener_comunas] para la region: RM
[20-Aug-2026 19:56:44 UTC] [Chilexpress][obtener_comunas] Busco comunas en el archivo local: C:\Users\HP\Desktop\wirdscrepss\wordpress\wp-content\plugins\chilexpress-oficial/includes/data/comunas/RM.json
[20-Aug-2026 19:56:44 UTC] [Chilexpress][obtener_comunas] El archivo local existe !
[20-Aug-2026 19:56:44 UTC] [Chilexpress][obtener_comunas] Datos decodificados con exito, fecha del archivo: 2026-08-20 17:53:27
[20-Aug-2026 19:56:44 UTC] [Chilexpress][obtener_comunas] El archivo local es reciente, no es necesario actualizar
[20-Aug-2026 19:57:03 UTC] [Chilexpress][obtener_regiones] Archivo de regiones existe: C:\Users\HP\Desktop\wirdscrepss\wordpress\wp-content\plugins\chilexpress-oficial/includes/data/regiones/regiones.json
[20-Aug-2026 19:57:03 UTC] [Chilexpress][obtener_regiones] Datos decodificados con exito, fecha del archivo: 2026-08-20 17:53:39
[20-Aug-2026 19:57:03 UTC] [Chilexpress][obtener_regiones] El archivo local de regiones es reciente, no es necesario actualizar
[20-Aug-2026 19:57:03 UTC] WordPress database error <div style="clear:both">&nbsp;</div>
<div class="queries" style="clear:both;margin-bottom:2px;border:red dotted thin;">
<p>MySQL query:</p>
<p>SELECT MIN(date_created_gmt) as min_date_gmt, MAX(date_created_gmt) as max_date_gmt
				 FROM (
					( SELECT date_created_gmt FROM `wp_wc_orders` WHERE type = 'shop_order' AND status != 'trash' ORDER BY date_created_gmt DESC LIMIT 1 )
					UNION ALL
					( SELECT date_created_gmt FROM `wp_wc_orders` WHERE type = 'shop_order' AND status != 'trash' ORDER BY date_created_gmt ASC LIMIT 1 )
				 ) d</p>
<p>Queries made or created this session were:</p>
<ol>
<li>Executing: SELECT MIN ( `date_created_gmt` ) as `min_date_gmt` , MAX ( `date_created_gmt` ) as `max_date_gmt` FROM ( ( SELECT `date_created_gmt` FROM `wp_wc_orders` WHERE `type` = &#039;shop_order&#039; AND `status` != &#039;trash&#039; ORDER BY `date_created_gmt` DESC LIMIT 1 ) UNION ALL ( SELECT `date_created_gmt` FROM `wp_wc_orders` WHERE `type` = &#039;shop_order&#039; AND `status` != &#039;trash&#039; ORDER BY `date_created_gmt` ASC LIMIT 1 ) ) `d` | (no parameters)</li>
</ol>
</div>
<div style="clear:both;margin-bottom:2px;border:red dotted thin;" class="error_message" style="border-bottom:dotted blue thin;">
SQLSTATE[HY000]: General error: 1 near "UNION": syntax error
</div>
<p>Backtrace:</p>
<pre>#0 C:\Users\HP\Desktop\wirdscrepss\wordpress\wp-content\plugins\sqlite-database-integration\wp-includes\database\sqlite\class-wp-mysql-on-sqlite.php(7863): WP_MySQL_On_SQLite->new_driver_exception('SQLSTATE[HY000]...', 'HY000', Object(PDOException))
#1 C:\Users\HP\Desktop\wirdscrepss\wordpress\wp-content\plugins\sqlite-database-integration\wp-includes\database\sqlite\class-wp-mysql-on-sqlite.php(1197): WP_MySQL_On_SQLite->convert_sqlite_exception(Object(PDOException))
#2 C:\Users\HP\Desktop\wirdscrepss\wordpress\wp-content\plugins\sqlite-database-integration\wp-includes\sqlite\class-wp-sqlite-db.php(676): WP_MySQL_On_SQLite->query('SELECT MIN(date...', 5)
#3 C:\Users\HP\Desktop\wirdscrepss\wordpress\wp-content\plugins\sqlite-database-integration\wp-includes\sqlite\class-wp-sqlite-db.php(596): WP_SQLite_DB->_do_query('SELECT MIN(date...')
#4 C:\Users\HP\Desktop\wirdscrepss\wordpress\wp-includes\class-wpdb.php(3069): WP_SQLite_DB->query('SELECT MIN(date...')
#5 C:\Users\HP\Desktop\wirdscrepss\wordpress\wp-content\plugins\woocommerce\src\Internal\Admin\Orders\ListTable.php(880): wpdb->get_row('SELECT MIN(date...')
#6 C:\Users\HP\Desktop\wirdscrepss\wordpress\wp-content\plugins\woocommerce\src\Internal\Admin\Orders\ListTable.php(846): Automattic\WooCommerce\Internal\Admin\Orders\ListTable->get_months_filter_options()
#7 C:\Users\HP\Desktop\wirdscrepss\wordpress\wp-content\plugins\woocommerce\src\Internal\Admin\Orders\ListTable.php(785): Automattic\WooCommerce\Internal\Admin\Orders\ListTable->months_filter()
#8 C:\Users\HP\Desktop\wirdscrepss\wordpress\wp-admin\includes\class-wp-list-table.php(1681): Automattic\WooCommerce\Internal\Admin\Orders\ListTable->extra_tablenav('top')
#9 C:\Users\HP\Desktop\wirdscrepss\wordpress\wp-admin\includes\class-wp-list-table.php(1611): WP_List_Table->display_tablenav('top')
#10 C:\Users\HP\Desktop\wirdscrepss\wordpress\wp-content\plugins\woocommerce\src\Internal\Admin\Orders\ListTable.php(284): WP_List_Table->display()
#11 C:\Users\HP\Desktop\wirdscrepss\wordpress\wp-content\plugins\woocommerce\src\Internal\Admin\Orders\PageController.php(300): Automattic\WooCommerce\Internal\Admin\Orders\ListTable->display()
#12 C:\Users\HP\Desktop\wirdscrepss\wordpress\wp-includes\class-wp-hook.php(341): Automattic\WooCommerce\Internal\Admin\Orders\PageController->output('')
#13 C:\Users\HP\Desktop\wirdscrepss\wordpress\wp-includes\class-wp-hook.php(365): WP_Hook->apply_filters('', Array)
#14 C:\Users\HP\Desktop\wirdscrepss\wordpress\wp-includes\plugin.php(522): WP_Hook->do_action(Array)
#15 C:\Users\HP\Desktop\wirdscrepss\wordpress\wp-admin\admin.php(264): do_action('woocommerce_pag...')
#16 {main}</pre>
 for query SELECT MIN(date_created_gmt) as min_date_gmt, MAX(date_created_gmt) as max_date_gmt
				 FROM (
					( SELECT date_created_gmt FROM `wp_wc_orders` WHERE type = 'shop_order' AND status != 'trash' ORDER BY date_created_gmt DESC LIMIT 1 )
					UNION ALL
					( SELECT date_created_gmt FROM `wp_wc_orders` WHERE type = 'shop_order' AND status != 'trash' ORDER BY date_created_gmt ASC LIMIT 1 )
				 ) d made by do_action('woocommerce_page_wc-orders'), WP_Hook->do_action, WP_Hook->apply_filters, Automattic\WooCommerce\Internal\Admin\Orders\PageController->output, Automattic\WooCommerce\Internal\Admin\Orders\ListTable->display, WP_List_Table->display, WP_List_Table->display_tablenav, Automattic\WooCommerce\Internal\Admin\Orders\ListTable->extra_tablenav, Automattic\WooCommerce\Internal\Admin\Orders\ListTable->months_filter, Automattic\WooCommerce\Internal\Admin\Orders\ListTable->get_months_filter_options, WP_SQLite_DB->query, WP_SQLite_DB->print_error
[20-Aug-2026 19:57:37 UTC] [Chilexpress][obtener_regiones] Archivo de regiones existe: C:\Users\HP\Desktop\wirdscrepss\wordpress\wp-content\plugins\chilexpress-oficial/includes/data/regiones/regiones.json
[20-Aug-2026 19:57:37 UTC] [Chilexpress][obtener_regiones] Datos decodificados con exito, fecha del archivo: 2026-08-20 17:53:39
[20-Aug-2026 19:57:37 UTC] [Chilexpress][obtener_regiones] El archivo local de regiones es reciente, no es necesario actualizar
[20-Aug-2026 19:57:37 UTC] WordPress database error <div style="clear:both">&nbsp;</div>
<div class="queries" style="clear:both;margin-bottom:2px;border:red dotted thin;">
<p>MySQL query:</p>
<p>SELECT MIN(date_created_gmt) as min_date_gmt, MAX(date_created_gmt) as max_date_gmt
				 FROM (
					( SELECT date_created_gmt FROM `wp_wc_orders` WHERE type = 'shop_order' AND status != 'trash' ORDER BY date_created_gmt DESC LIMIT 1 )
					UNION ALL
					( SELECT date_created_gmt FROM `wp_wc_orders` WHERE type = 'shop_order' AND status != 'trash' ORDER BY date_created_gmt ASC LIMIT 1 )
				 ) d</p>
<p>Queries made or created this session were:</p>
<ol>
<li>Executing: SELECT MIN ( `date_created_gmt` ) as `min_date_gmt` , MAX ( `date_created_gmt` ) as `max_date_gmt` FROM ( ( SELECT `date_created_gmt` FROM `wp_wc_orders` WHERE `type` = &#039;shop_order&#039; AND `status` != &#039;trash&#039; ORDER BY `date_created_gmt` DESC LIMIT 1 ) UNION ALL ( SELECT `date_created_gmt` FROM `wp_wc_orders` WHERE `type` = &#039;shop_order&#039; AND `status` != &#039;trash&#039; ORDER BY `date_created_gmt` ASC LIMIT 1 ) ) `d` | (no parameters)</li>
</ol>
</div>
<div style="clear:both;margin-bottom:2px;border:red dotted thin;" class="error_message" style="border-bottom:dotted blue thin;">
SQLSTATE[HY000]: General error: 1 near "UNION": syntax error
</div>
<p>Backtrace:</p>
<pre>#0 C:\Users\HP\Desktop\wirdscrepss\wordpress\wp-content\plugins\sqlite-database-integration\wp-includes\database\sqlite\class-wp-mysql-on-sqlite.php(7863): WP_MySQL_On_SQLite->new_driver_exception('SQLSTATE[HY000]...', 'HY000', Object(PDOException))
#1 C:\Users\HP\Desktop\wirdscrepss\wordpress\wp-content\plugins\sqlite-database-integration\wp-includes\database\sqlite\class-wp-mysql-on-sqlite.php(1197): WP_MySQL_On_SQLite->convert_sqlite_exception(Object(PDOException))
#2 C:\Users\HP\Desktop\wirdscrepss\wordpress\wp-content\plugins\sqlite-database-integration\wp-includes\sqlite\class-wp-sqlite-db.php(676): WP_MySQL_On_SQLite->query('SELECT MIN(date...', 5)
#3 C:\Users\HP\Desktop\wirdscrepss\wordpress\wp-content\plugins\sqlite-database-integration\wp-includes\sqlite\class-wp-sqlite-db.php(596): WP_SQLite_DB->_do_query('SELECT MIN(date...')
#4 C:\Users\HP\Desktop\wirdscrepss\wordpress\wp-includes\class-wpdb.php(3069): WP_SQLite_DB->query('SELECT MIN(date...')
#5 C:\Users\HP\Desktop\wirdscrepss\wordpress\wp-content\plugins\woocommerce\src\Internal\Admin\Orders\ListTable.php(880): wpdb->get_row('SELECT MIN(date...')
#6 C:\Users\HP\Desktop\wirdscrepss\wordpress\wp-content\plugins\woocommerce\src\Internal\Admin\Orders\ListTable.php(846): Automattic\WooCommerce\Internal\Admin\Orders\ListTable->get_months_filter_options()
#7 C:\Users\HP\Desktop\wirdscrepss\wordpress\wp-content\plugins\woocommerce\src\Internal\Admin\Orders\ListTable.php(785): Automattic\WooCommerce\Internal\Admin\Orders\ListTable->months_filter()
#8 C:\Users\HP\Desktop\wirdscrepss\wordpress\wp-admin\includes\class-wp-list-table.php(1681): Automattic\WooCommerce\Internal\Admin\Orders\ListTable->extra_tablenav('top')
#9 C:\Users\HP\Desktop\wirdscrepss\wordpress\wp-admin\includes\class-wp-list-table.php(1611): WP_List_Table->display_tablenav('top')
#10 C:\Users\HP\Desktop\wirdscrepss\wordpress\wp-content\plugins\woocommerce\src\Internal\Admin\Orders\ListTable.php(284): WP_List_Table->display()
#11 C:\Users\HP\Desktop\wirdscrepss\wordpress\wp-content\plugins\woocommerce\src\Internal\Admin\Orders\PageController.php(300): Automattic\WooCommerce\Internal\Admin\Orders\ListTable->display()
#12 C:\Users\HP\Desktop\wirdscrepss\wordpress\wp-includes\class-wp-hook.php(341): Automattic\WooCommerce\Internal\Admin\Orders\PageController->output('')
#13 C:\Users\HP\Desktop\wirdscrepss\wordpress\wp-includes\class-wp-hook.php(365): WP_Hook->apply_filters('', Array)
#14 C:\Users\HP\Desktop\wirdscrepss\wordpress\wp-includes\plugin.php(522): WP_Hook->do_action(Array)
#15 C:\Users\HP\Desktop\wirdscrepss\wordpress\wp-admin\admin.php(264): do_action('woocommerce_pag...')
#16 {main}</pre>
 for query SELECT MIN(date_created_gmt) as min_date_gmt, MAX(date_created_gmt) as max_date_gmt
				 FROM (
					( SELECT date_created_gmt FROM `wp_wc_orders` WHERE type = 'shop_order' AND status != 'trash' ORDER BY date_created_gmt DESC LIMIT 1 )
					UNION ALL
					( SELECT date_created_gmt FROM `wp_wc_orders` WHERE type = 'shop_order' AND status != 'trash' ORDER BY date_created_gmt ASC LIMIT 1 )
				 ) d made by do_action('woocommerce_page_wc-orders'), WP_Hook->do_action, WP_Hook->apply_filters, Automattic\WooCommerce\Internal\Admin\Orders\PageController->output, Automattic\WooCommerce\Internal\Admin\Orders\ListTable->display, WP_List_Table->display, WP_List_Table->display_tablenav, Automattic\WooCommerce\Internal\Admin\Orders\ListTable->extra_tablenav, Automattic\WooCommerce\Internal\Admin\Orders\ListTable->months_filter, Automattic\WooCommerce\Internal\Admin\Orders\ListTable->get_months_filter_options, WP_SQLite_DB->query, WP_SQLite_DB->print_error
[20-Aug-2026 19:57:45 UTC] [Chilexpress][obtener_regiones] Archivo de regiones existe: C:\Users\HP\Desktop\wirdscrepss\wordpress\wp-content\plugins\chilexpress-oficial/includes/data/regiones/regiones.json
[20-Aug-2026 19:57:45 UTC] [Chilexpress][obtener_regiones] Datos decodificados con exito, fecha del archivo: 2026-08-20 17:53:39
[20-Aug-2026 19:57:45 UTC] [Chilexpress][obtener_regiones] El archivo local de regiones es reciente, no es necesario actualizar
[20-Aug-2026 19:57:50 UTC] [Chilexpress][obtener_regiones] Archivo de regiones existe: C:\Users\HP\Desktop\wirdscrepss\wordpress\wp-content\plugins\chilexpress-oficial/includes/data/regiones/regiones.json
[20-Aug-2026 19:57:50 UTC] [Chilexpress][obtener_regiones] Datos decodificados con exito, fecha del archivo: 2026-08-20 17:53:39
[20-Aug-2026 19:57:50 UTC] [Chilexpress][obtener_regiones] El archivo local de regiones es reciente, no es necesario actualizar
[20-Aug-2026 19:57:51 UTC] [Chilexpress][obtener_regiones] Archivo de regiones existe: C:\Users\HP\Desktop\wirdscrepss\wordpress\wp-content\plugins\chilexpress-oficial/includes/data/regiones/regiones.json
[20-Aug-2026 19:57:51 UTC] [Chilexpress][obtener_regiones] Datos decodificados con exito, fecha del archivo: 2026-08-20 17:53:39
[20-Aug-2026 19:57:51 UTC] [Chilexpress][obtener_regiones] El archivo local de regiones es reciente, no es necesario actualizar
[20-Aug-2026 19:57:55 UTC] [Chilexpress][obtener_comunas] para la region: R15
[20-Aug-2026 19:57:55 UTC] [Chilexpress][obtener_comunas] Busco comunas en el archivo local: C:\Users\HP\Desktop\wirdscrepss\wordpress\wp-content\plugins\chilexpress-oficial/includes/data/comunas/R15.json
[20-Aug-2026 19:57:56 UTC] [Chilexpress][obtener_comunas] Se obtuvieron 6  comunas desde la API 
[20-Aug-2026 19:57:56 UTC] [Chilexpress][obtener_comunas] Archivo de comunas guardado correctamente: C:\Users\HP\Desktop\wirdscrepss\wordpress\wp-content\plugins\chilexpress-oficial/includes/data/comunas/R15.json
[20-Aug-2026 19:57:56 UTC] [Chilexpress][obtener_regiones] Archivo de regiones existe: C:\Users\HP\Desktop\wirdscrepss\wordpress\wp-content\plugins\chilexpress-oficial/includes/data/regiones/regiones.json
[20-Aug-2026 19:57:56 UTC] [Chilexpress][obtener_regiones] Datos decodificados con exito, fecha del archivo: 2026-08-20 17:53:39
[20-Aug-2026 19:57:56 UTC] [Chilexpress][obtener_regiones] El archivo local de regiones es reciente, no es necesario actualizar
[20-Aug-2026 19:57:57 UTC] [Chilexpress][obtener_comunas] para la region: R15
[20-Aug-2026 19:57:57 UTC] [Chilexpress][obtener_comunas] Busco comunas en el archivo local: C:\Users\HP\Desktop\wirdscrepss\wordpress\wp-content\plugins\chilexpress-oficial/includes/data/comunas/R15.json
[20-Aug-2026 19:57:57 UTC] [Chilexpress][obtener_comunas] El archivo local existe !
[20-Aug-2026 19:57:57 UTC] [Chilexpress][obtener_comunas] Datos decodificados con exito, fecha del archivo: 2026-08-20 19:57:56
[20-Aug-2026 19:57:57 UTC] [Chilexpress][obtener_comunas] El archivo local es reciente, no es necesario actualizar
[20-Aug-2026 19:57:58 UTC] [Chilexpress][obtener_comunas] para la region: R15
[20-Aug-2026 19:57:58 UTC] [Chilexpress][obtener_comunas] Busco comunas en el archivo local: C:\Users\HP\Desktop\wirdscrepss\wordpress\wp-content\plugins\chilexpress-oficial/includes/data/comunas/R15.json
[20-Aug-2026 19:57:58 UTC] [Chilexpress][obtener_comunas] El archivo local existe !
[20-Aug-2026 19:57:58 UTC] [Chilexpress][obtener_comunas] Datos decodificados con exito, fecha del archivo: 2026-08-20 19:57:56
[20-Aug-2026 19:57:58 UTC] [Chilexpress][obtener_comunas] El archivo local es reciente, no es necesario actualizar
[20-Aug-2026 19:58:04 UTC] [Chilexpress][obtener_comunas] para la region: R15
[20-Aug-2026 19:58:04 UTC] [Chilexpress][obtener_comunas] Busco comunas en el archivo local: C:\Users\HP\Desktop\wirdscrepss\wordpress\wp-content\plugins\chilexpress-oficial/includes/data/comunas/R15.json
[20-Aug-2026 19:58:04 UTC] [Chilexpress][obtener_comunas] El archivo local existe !
[20-Aug-2026 19:58:04 UTC] [Chilexpress][obtener_comunas] Datos decodificados con exito, fecha del archivo: 2026-08-20 19:57:56
[20-Aug-2026 19:58:04 UTC] [Chilexpress][obtener_comunas] El archivo local es reciente, no es necesario actualizar
[20-Aug-2026 20:00:44 UTC] [Chilexpress][obtener_regiones] Archivo de regiones existe: C:\Users\HP\Desktop\wirdscrepss\wordpress\wp-content\plugins\chilexpress-oficial/includes/data/regiones/regiones.json
[20-Aug-2026 20:00:44 UTC] [Chilexpress][obtener_regiones] Datos decodificados con exito, fecha del archivo: 2026-08-20 17:53:39
[20-Aug-2026 20:00:44 UTC] [Chilexpress][obtener_regiones] El archivo local de regiones es reciente, no es necesario actualizar
[20-Aug-2026 20:00:46 UTC] [Chilexpress][obtener_regiones] Archivo de regiones existe: C:\Users\HP\Desktop\wirdscrepss\wordpress\wp-content\plugins\chilexpress-oficial/includes/data/regiones/regiones.json
[20-Aug-2026 20:00:46 UTC] [Chilexpress][obtener_regiones] Datos decodificados con exito, fecha del archivo: 2026-08-20 17:53:39
[20-Aug-2026 20:00:46 UTC] [Chilexpress][obtener_regiones] El archivo local de regiones es reciente, no es necesario actualizar
[20-Aug-2026 20:01:06 UTC] [Chilexpress][obtener_regiones] Archivo de regiones existe: C:\Users\HP\Desktop\wirdscrepss\wordpress\wp-content\plugins\chilexpress-oficial/includes/data/regiones/regiones.json
[20-Aug-2026 20:01:06 UTC] [Chilexpress][obtener_regiones] Datos decodificados con exito, fecha del archivo: 2026-08-20 17:53:39
[20-Aug-2026 20:01:06 UTC] [Chilexpress][obtener_regiones] El archivo local de regiones es reciente, no es necesario actualizar
[20-Aug-2026 20:01:18 UTC] [Chilexpress][obtener_regiones] Archivo de regiones existe: C:\Users\HP\Desktop\wirdscrepss\wordpress\wp-content\plugins\chilexpress-oficial/includes/data/regiones/regiones.json
[20-Aug-2026 20:01:18 UTC] [Chilexpress][obtener_regiones] Datos decodificados con exito, fecha del archivo: 2026-08-20 17:53:39
[20-Aug-2026 20:01:18 UTC] [Chilexpress][obtener_regiones] El archivo local de regiones es reciente, no es necesario actualizar
[20-Aug-2026 20:01:19 UTC] [Chilexpress][obtener_regiones] Archivo de regiones existe: C:\Users\HP\Desktop\wirdscrepss\wordpress\wp-content\plugins\chilexpress-oficial/includes/data/regiones/regiones.json
[20-Aug-2026 20:01:19 UTC] [Chilexpress][obtener_regiones] Datos decodificados con exito, fecha del archivo: 2026-08-20 17:53:39
[20-Aug-2026 20:01:19 UTC] [Chilexpress][obtener_regiones] El archivo local de regiones es reciente, no es necesario actualizar
[20-Aug-2026 20:01:20 UTC] [Chilexpress][obtener_comunas] para la region: RM
[20-Aug-2026 20:01:20 UTC] [Chilexpress][obtener_comunas] Busco comunas en el archivo local: C:\Users\HP\Desktop\wirdscrepss\wordpress\wp-content\plugins\chilexpress-oficial/includes/data/comunas/RM.json
[20-Aug-2026 20:01:20 UTC] [Chilexpress][obtener_comunas] El archivo local existe !
[20-Aug-2026 20:01:20 UTC] [Chilexpress][obtener_comunas] Datos decodificados con exito, fecha del archivo: 2026-08-20 17:53:27
[20-Aug-2026 20:01:20 UTC] [Chilexpress][obtener_comunas] El archivo local es reciente, no es necesario actualizar
[20-Aug-2026 20:01:21 UTC] [Chilexpress][obtener_comunas] para la region: RM
[20-Aug-2026 20:01:21 UTC] [Chilexpress][obtener_comunas] Busco comunas en el archivo local: C:\Users\HP\Desktop\wirdscrepss\wordpress\wp-content\plugins\chilexpress-oficial/includes/data/comunas/RM.json
[20-Aug-2026 20:01:21 UTC] [Chilexpress][obtener_comunas] El archivo local existe !
[20-Aug-2026 20:01:21 UTC] [Chilexpress][obtener_comunas] Datos decodificados con exito, fecha del archivo: 2026-08-20 17:53:27
[20-Aug-2026 20:01:21 UTC] [Chilexpress][obtener_comunas] El archivo local es reciente, no es necesario actualizar
[20-Aug-2026 20:01:27 UTC] [Chilexpress][obtener_comunas] para la region: RM
[20-Aug-2026 20:01:27 UTC] [Chilexpress][obtener_comunas] Busco comunas en el archivo local: C:\Users\HP\Desktop\wirdscrepss\wordpress\wp-content\plugins\chilexpress-oficial/includes/data/comunas/RM.json
[20-Aug-2026 20:01:27 UTC] [Chilexpress][obtener_comunas] El archivo local existe !
[20-Aug-2026 20:01:27 UTC] [Chilexpress][obtener_comunas] Datos decodificados con exito, fecha del archivo: 2026-08-20 17:53:27
[20-Aug-2026 20:01:27 UTC] [Chilexpress][obtener_comunas] El archivo local es reciente, no es necesario actualizar
[20-Aug-2026 20:01:28 UTC] [Chilexpress][obtener_comunas] para la region: RM
[20-Aug-2026 20:01:28 UTC] [Chilexpress][obtener_comunas] Busco comunas en el archivo local: C:\Users\HP\Desktop\wirdscrepss\wordpress\wp-content\plugins\chilexpress-oficial/includes/data/comunas/RM.json
[20-Aug-2026 20:01:28 UTC] [Chilexpress][obtener_comunas] El archivo local existe !
[20-Aug-2026 20:01:28 UTC] [Chilexpress][obtener_comunas] Datos decodificados con exito, fecha del archivo: 2026-08-20 17:53:27
[20-Aug-2026 20:01:28 UTC] [Chilexpress][obtener_comunas] El archivo local es reciente, no es necesario actualizar
[20-Aug-2026 20:01:29 UTC] [Chilexpress][obtener_regiones] Archivo de regiones existe: C:\Users\HP\Desktop\wirdscrepss\wordpress\wp-content\plugins\chilexpress-oficial/includes/data/regiones/regiones.json
[20-Aug-2026 20:01:29 UTC] [Chilexpress][obtener_regiones] Datos decodificados con exito, fecha del archivo: 2026-08-20 17:53:39
[20-Aug-2026 20:01:29 UTC] [Chilexpress][obtener_regiones] El archivo local de regiones es reciente, no es necesario actualizar
[20-Aug-2026 20:01:41 UTC] [Chilexpress][obtener_regiones] Archivo de regiones existe: C:\Users\HP\Desktop\wirdscrepss\wordpress\wp-content\plugins\chilexpress-oficial/includes/data/regiones/regiones.json
[20-Aug-2026 20:01:41 UTC] [Chilexpress][obtener_regiones] Datos decodificados con exito, fecha del archivo: 2026-08-20 17:53:39
[20-Aug-2026 20:01:41 UTC] [Chilexpress][obtener_regiones] El archivo local de regiones es reciente, no es necesario actualizar
[20-Aug-2026 20:01:48 UTC] [Chilexpress][obtener_regiones] Archivo de regiones existe: C:\Users\HP\Desktop\wirdscrepss\wordpress\wp-content\plugins\chilexpress-oficial/includes/data/regiones/regiones.json
[20-Aug-2026 20:01:48 UTC] [Chilexpress][obtener_regiones] Datos decodificados con exito, fecha del archivo: 2026-08-20 17:53:39
[20-Aug-2026 20:01:48 UTC] [Chilexpress][obtener_regiones] El archivo local de regiones es reciente, no es necesario actualizar
[20-Aug-2026 20:01:53 UTC] [Chilexpress][obtener_regiones] Archivo de regiones existe: C:\Users\HP\Desktop\wirdscrepss\wordpress\wp-content\plugins\chilexpress-oficial/includes/data/regiones/regiones.json
[20-Aug-2026 20:01:53 UTC] [Chilexpress][obtener_regiones] Datos decodificados con exito, fecha del archivo: 2026-08-20 17:53:39
[20-Aug-2026 20:01:53 UTC] [Chilexpress][obtener_regiones] El archivo local de regiones es reciente, no es necesario actualizar
[20-Aug-2026 20:01:55 UTC] [Chilexpress][obtener_regiones] Archivo de regiones existe: C:\Users\HP\Desktop\wirdscrepss\wordpress\wp-content\plugins\chilexpress-oficial/includes/data/regiones/regiones.json
[20-Aug-2026 20:01:55 UTC] [Chilexpress][obtener_regiones] Datos decodificados con exito, fecha del archivo: 2026-08-20 17:53:39
[20-Aug-2026 20:01:55 UTC] [Chilexpress][obtener_regiones] El archivo local de regiones es reciente, no es necesario actualizar
[20-Aug-2026 20:01:59 UTC] [Chilexpress][obtener_regiones] Archivo de regiones existe: C:\Users\HP\Desktop\wirdscrepss\wordpress\wp-content\plugins\chilexpress-oficial/includes/data/regiones/regiones.json
[20-Aug-2026 20:01:59 UTC] [Chilexpress][obtener_regiones] Datos decodificados con exito, fecha del archivo: 2026-08-20 17:53:39
[20-Aug-2026 20:01:59 UTC] [Chilexpress][obtener_regiones] El archivo local de regiones es reciente, no es necesario actualizar
[20-Aug-2026 20:02:03 UTC] [Chilexpress][obtener_regiones] Archivo de regiones existe: C:\Users\HP\Desktop\wirdscrepss\wordpress\wp-content\plugins\chilexpress-oficial/includes/data/regiones/regiones.json
[20-Aug-2026 20:02:03 UTC] [Chilexpress][obtener_regiones] Datos decodificados con exito, fecha del archivo: 2026-08-20 17:53:39
[20-Aug-2026 20:02:03 UTC] [Chilexpress][obtener_regiones] El archivo local de regiones es reciente, no es necesario actualizar
[20-Aug-2026 20:02:05 UTC] [Chilexpress][obtener_regiones] Archivo de regiones existe: C:\Users\HP\Desktop\wirdscrepss\wordpress\wp-content\plugins\chilexpress-oficial/includes/data/regiones/regiones.json
[20-Aug-2026 20:02:05 UTC] [Chilexpress][obtener_regiones] Datos decodificados con exito, fecha del archivo: 2026-08-20 17:53:39
[20-Aug-2026 20:02:05 UTC] [Chilexpress][obtener_regiones] El archivo local de regiones es reciente, no es necesario actualizar
[20-Aug-2026 20:02:06 UTC] [Chilexpress][obtener_regiones] Archivo de regiones existe: C:\Users\HP\Desktop\wirdscrepss\wordpress\wp-content\plugins\chilexpress-oficial/includes/data/regiones/regiones.json
[20-Aug-2026 20:02:06 UTC] [Chilexpress][obtener_regiones] Datos decodificados con exito, fecha del archivo: 2026-08-20 17:53:39
[20-Aug-2026 20:02:06 UTC] [Chilexpress][obtener_regiones] El archivo local de regiones es reciente, no es necesario actualizar
[20-Aug-2026 20:05:34 UTC] PHP Fatal error:  Uncaught TypeError: call_user_func_array(): Argument #1 ($callback) must be a valid callback, function "cxp_checkout_force_oficial_shipping" not found or invalid function name in C:\Users\HP\Desktop\wirdscrepss\wordpress\wp-includes\class-wp-hook.php:341
Stack trace:
#0 C:\Users\HP\Desktop\wirdscrepss\wordpress\wp-includes\class-wp-hook.php(365): WP_Hook->apply_filters(NULL, Array)
#1 C:\Users\HP\Desktop\wirdscrepss\wordpress\wp-includes\plugin.php(522): WP_Hook->do_action(Array)
#2 C:\Users\HP\Desktop\wirdscrepss\wordpress\wp-settings.php(771): do_action('init')
#3 C:\Users\HP\Desktop\wirdscrepss\wordpress\wp-config.php(47): require_once('C:\\Users\\HP\\Des...')
#4 C:\Users\HP\Desktop\wirdscrepss\wordpress\wp-load.php(50): require_once('C:\\Users\\HP\\Des...')
#5 C:\Users\HP\Desktop\wirdscrepss\wordpress\wp-admin\admin-ajax.php(22): require_once('C:\\Users\\HP\\Des...')
#6 {main}
  thrown in C:\Users\HP\Desktop\wirdscrepss\wordpress\wp-includes\class-wp-hook.php on line 341
[20-Aug-2026 20:05:37 UTC] PHP Fatal error:  Uncaught TypeError: call_user_func_array(): Argument #1 ($callback) must be a valid callback, function "cxp_checkout_force_oficial_shipping" not found or invalid function name in C:\Users\HP\Desktop\wirdscrepss\wordpress\wp-includes\class-wp-hook.php:341
Stack trace:
#0 C:\Users\HP\Desktop\wirdscrepss\wordpress\wp-includes\class-wp-hook.php(365): WP_Hook->apply_filters(NULL, Array)
#1 C:\Users\HP\Desktop\wirdscrepss\wordpress\wp-includes\plugin.php(522): WP_Hook->do_action(Array)
#2 C:\Users\HP\Desktop\wirdscrepss\wordpress\wp-settings.php(771): do_action('init')
#3 C:\Users\HP\Desktop\wirdscrepss\wordpress\wp-config.php(47): require_once('C:\\Users\\HP\\Des...')
#4 C:\Users\HP\Desktop\wirdscrepss\wordpress\wp-load.php(50): require_once('C:\\Users\\HP\\Des...')
#5 C:\Users\HP\Desktop\wirdscrepss\wordpress\wp-admin\admin-ajax.php(22): require_once('C:\\Users\\HP\\Des...')
#6 {main}
  thrown in C:\Users\HP\Desktop\wirdscrepss\wordpress\wp-includes\class-wp-hook.php on line 341
[20-Aug-2026 20:05:38 UTC] [Chilexpress][obtener_regiones] Archivo de regiones existe: C:\Users\HP\Desktop\wirdscrepss\wordpress\wp-content\plugins\chilexpress-oficial/includes/data/regiones/regiones.json
[20-Aug-2026 20:05:38 UTC] [Chilexpress][obtener_regiones] Datos decodificados con exito, fecha del archivo: 2026-08-20 17:53:39
[20-Aug-2026 20:05:38 UTC] [Chilexpress][obtener_regiones] El archivo local de regiones es reciente, no es necesario actualizar
[20-Aug-2026 20:06:06 UTC] [Chilexpress][obtener_regiones] Archivo de regiones existe: C:\Users\HP\Desktop\wirdscrepss\wordpress\wp-content\plugins\chilexpress-oficial/includes/data/regiones/regiones.json
[20-Aug-2026 20:06:06 UTC] [Chilexpress][obtener_regiones] Datos decodificados con exito, fecha del archivo: 2026-08-20 17:53:39
[20-Aug-2026 20:06:06 UTC] [Chilexpress][obtener_regiones] El archivo local de regiones es reciente, no es necesario actualizar
[20-Aug-2026 20:06:08 UTC] [Chilexpress][obtener_regiones] Archivo de regiones existe: C:\Users\HP\Desktop\wirdscrepss\wordpress\wp-content\plugins\chilexpress-oficial/includes/data/regiones/regiones.json
[20-Aug-2026 20:06:08 UTC] [Chilexpress][obtener_regiones] Datos decodificados con exito, fecha del archivo: 2026-08-20 17:53:39
[20-Aug-2026 20:06:08 UTC] [Chilexpress][obtener_regiones] El archivo local de regiones es reciente, no es necesario actualizar
[20-Aug-2026 20:06:17 UTC] [Chilexpress][obtener_regiones] Archivo de regiones existe: C:\Users\HP\Desktop\wirdscrepss\wordpress\wp-content\plugins\chilexpress-oficial/includes/data/regiones/regiones.json
[20-Aug-2026 20:06:17 UTC] [Chilexpress][obtener_regiones] Datos decodificados con exito, fecha del archivo: 2026-08-20 17:53:39
[20-Aug-2026 20:06:17 UTC] [Chilexpress][obtener_regiones] El archivo local de regiones es reciente, no es necesario actualizar
[20-Aug-2026 20:06:18 UTC] [Chilexpress][obtener_regiones] Archivo de regiones existe: C:\Users\HP\Desktop\wirdscrepss\wordpress\wp-content\plugins\chilexpress-oficial/includes/data/regiones/regiones.json
[20-Aug-2026 20:06:18 UTC] [Chilexpress][obtener_regiones] Datos decodificados con exito, fecha del archivo: 2026-08-20 17:53:39
[20-Aug-2026 20:06:18 UTC] [Chilexpress][obtener_regiones] El archivo local de regiones es reciente, no es necesario actualizar
[20-Aug-2026 20:06:18 UTC] [Chilexpress][obtener_comunas] para la region: R1
[20-Aug-2026 20:06:18 UTC] [Chilexpress][obtener_comunas] Busco comunas en el archivo local: C:\Users\HP\Desktop\wirdscrepss\wordpress\wp-content\plugins\chilexpress-oficial/includes/data/comunas/R1.json
[20-Aug-2026 20:06:19 UTC] [CXP HTTP] GET https://qaservices.wschilexpress.com/georeference/v2/api/V1.0/coverage-areas?RegionCode=R1&type=0 → 200 body=
[20-Aug-2026 20:06:19 UTC] [Chilexpress][obtener_comunas] Se obtuvieron 7  comunas desde la API 
[20-Aug-2026 20:06:19 UTC] [Chilexpress][obtener_comunas] Archivo de comunas guardado correctamente: C:\Users\HP\Desktop\wirdscrepss\wordpress\wp-content\plugins\chilexpress-oficial/includes/data/comunas/R1.json
[20-Aug-2026 20:06:19 UTC] PHP Deprecated:  La función !wc_enqueue_js está <strong>descontinuado</strong> desde la versión 10.4.0! Reemplázalo con wp_add_inline_script. in C:\Users\HP\Desktop\wirdscrepss\wordpress\wp-includes\functions.php on line 6170
[20-Aug-2026 20:06:20 UTC] [CXP HTTP] POST https://qaservices.wschilexpress.com/rating/api/v1.0/rates/business → 200 body={"originCountyCode":"PROV","destinationCountyCode":"LARE","package":{"weight":0.9,"height":"4","width":"15","length":"45"},"productType":3,"contentType":1,"declaredWorth":49990,"deliveryTime":2,"customerCardNumber":"18578680"}
[20-Aug-2026 20:06:20 UTC] [CXP HTTP] POST https://qaservices.wschilexpress.com/rating/api/v1.0/rates/business → 200 body={"originCountyCode":"PROV","destinationCountyCode":"LARE","package":{"weight":0.9,"height":"4","width":"15","length":"45"},"productType":3,"contentType":1,"declaredWorth":49990,"deliveryTime":2,"customerCardNumber":"18578680"}
[20-Aug-2026 20:06:25 UTC] [Chilexpress][obtener_regiones] Archivo de regiones existe: C:\Users\HP\Desktop\wirdscrepss\wordpress\wp-content\plugins\chilexpress-oficial/includes/data/regiones/regiones.json
[20-Aug-2026 20:06:25 UTC] [Chilexpress][obtener_regiones] Datos decodificados con exito, fecha del archivo: 2026-08-20 17:53:39
[20-Aug-2026 20:06:25 UTC] [Chilexpress][obtener_regiones] El archivo local de regiones es reciente, no es necesario actualizar
[20-Aug-2026 20:06:54 UTC] [Chilexpress][obtener_regiones] Archivo de regiones existe: C:\Users\HP\Desktop\wirdscrepss\wordpress\wp-content\plugins\chilexpress-oficial/includes/data/regiones/regiones.json
[20-Aug-2026 20:06:54 UTC] [Chilexpress][obtener_regiones] Datos decodificados con exito, fecha del archivo: 2026-08-20 17:53:39
[20-Aug-2026 20:06:54 UTC] [Chilexpress][obtener_regiones] El archivo local de regiones es reciente, no es necesario actualizar
[20-Aug-2026 20:06:54 UTC] [Chilexpress][obtener_comunas] para la region: R1
[20-Aug-2026 20:06:54 UTC] [Chilexpress][obtener_comunas] Busco comunas en el archivo local: C:\Users\HP\Desktop\wirdscrepss\wordpress\wp-content\plugins\chilexpress-oficial/includes/data/comunas/R1.json
[20-Aug-2026 20:06:54 UTC] [Chilexpress][obtener_comunas] El archivo local existe !
[20-Aug-2026 20:06:54 UTC] [Chilexpress][obtener_comunas] Datos decodificados con exito, fecha del archivo: 2026-08-20 20:06:19
[20-Aug-2026 20:06:54 UTC] [Chilexpress][obtener_comunas] El archivo local es reciente, no es necesario actualizar
[20-Aug-2026 20:06:54 UTC] PHP Deprecated:  La función !wc_enqueue_js está <strong>descontinuado</strong> desde la versión 10.4.0! Reemplázalo con wp_add_inline_script. in C:\Users\HP\Desktop\wirdscrepss\wordpress\wp-includes\functions.php on line 6170
[20-Aug-2026 20:06:54 UTC] [Chilexpress][obtener_comunas] para la region: RM
[20-Aug-2026 20:06:54 UTC] [Chilexpress][obtener_comunas] Busco comunas en el archivo local: C:\Users\HP\Desktop\wirdscrepss\wordpress\wp-content\plugins\chilexpress-oficial/includes/data/comunas/RM.json
[20-Aug-2026 20:06:54 UTC] [Chilexpress][obtener_comunas] El archivo local existe !
[20-Aug-2026 20:06:54 UTC] [Chilexpress][obtener_comunas] Datos decodificados con exito, fecha del archivo: 2026-08-20 17:53:27
[20-Aug-2026 20:06:54 UTC] [Chilexpress][obtener_comunas] El archivo local es reciente, no es necesario actualizar
[20-Aug-2026 20:06:54 UTC] [Chilexpress][obtener_comunas] para la region: RM
[20-Aug-2026 20:06:54 UTC] [Chilexpress][obtener_comunas] Busco comunas en el archivo local: C:\Users\HP\Desktop\wirdscrepss\wordpress\wp-content\plugins\chilexpress-oficial/includes/data/comunas/RM.json
[20-Aug-2026 20:06:54 UTC] [Chilexpress][obtener_comunas] El archivo local existe !
[20-Aug-2026 20:06:54 UTC] [Chilexpress][obtener_comunas] Datos decodificados con exito, fecha del archivo: 2026-08-20 17:53:27
[20-Aug-2026 20:06:54 UTC] [Chilexpress][obtener_comunas] El archivo local es reciente, no es necesario actualizar
[20-Aug-2026 20:06:54 UTC] [CXP HTTP] POST https://qaservices.wschilexpress.com/rating/api/v1.0/rates/business → 200 body={"originCountyCode":"PROV","destinationCountyCode":"LARE","package":{"weight":0.9,"height":"4","width":"15","length":"45"},"productType":3,"contentType":1,"declaredWorth":49990,"deliveryTime":2,"customerCardNumber":"18578680"}
[20-Aug-2026 20:06:55 UTC] [CXP HTTP] POST https://qaservices.wschilexpress.com/rating/api/v1.0/rates/business → 200 body={"originCountyCode":"PROV","destinationCountyCode":"LARE","package":{"weight":0.9,"height":"4","width":"15","length":"45"},"productType":3,"contentType":1,"declaredWorth":49990,"deliveryTime":2,"customerCardNumber":"18578680"}
[20-Aug-2026 20:07:14 UTC] [Chilexpress][obtener_regiones] Archivo de regiones existe: C:\Users\HP\Desktop\wirdscrepss\wordpress\wp-content\plugins\chilexpress-oficial/includes/data/regiones/regiones.json
[20-Aug-2026 20:07:14 UTC] [Chilexpress][obtener_regiones] Datos decodificados con exito, fecha del archivo: 2026-08-20 17:53:39
[20-Aug-2026 20:07:14 UTC] [Chilexpress][obtener_regiones] El archivo local de regiones es reciente, no es necesario actualizar
[20-Aug-2026 20:07:15 UTC] [Chilexpress][obtener_regiones] Archivo de regiones existe: C:\Users\HP\Desktop\wirdscrepss\wordpress\wp-content\plugins\chilexpress-oficial/includes/data/regiones/regiones.json
[20-Aug-2026 20:07:15 UTC] [Chilexpress][obtener_regiones] Datos decodificados con exito, fecha del archivo: 2026-08-20 17:53:39
[20-Aug-2026 20:07:15 UTC] [Chilexpress][obtener_regiones] El archivo local de regiones es reciente, no es necesario actualizar
[20-Aug-2026 20:07:16 UTC] [Chilexpress][obtener_regiones] Archivo de regiones existe: C:\Users\HP\Desktop\wirdscrepss\wordpress\wp-content\plugins\chilexpress-oficial/includes/data/regiones/regiones.json
[20-Aug-2026 20:07:16 UTC] [Chilexpress][obtener_regiones] Datos decodificados con exito, fecha del archivo: 2026-08-20 17:53:39
[20-Aug-2026 20:07:16 UTC] [Chilexpress][obtener_regiones] El archivo local de regiones es reciente, no es necesario actualizar
[20-Aug-2026 20:07:17 UTC] [Chilexpress][obtener_regiones] Archivo de regiones existe: C:\Users\HP\Desktop\wirdscrepss\wordpress\wp-content\plugins\chilexpress-oficial/includes/data/regiones/regiones.json
[20-Aug-2026 20:07:17 UTC] [Chilexpress][obtener_regiones] Datos decodificados con exito, fecha del archivo: 2026-08-20 17:53:39
[20-Aug-2026 20:07:17 UTC] [Chilexpress][obtener_regiones] El archivo local de regiones es reciente, no es necesario actualizar
[20-Aug-2026 20:07:26 UTC] [Chilexpress][obtener_regiones] Archivo de regiones existe: C:\Users\HP\Desktop\wirdscrepss\wordpress\wp-content\plugins\chilexpress-oficial/includes/data/regiones/regiones.json
[20-Aug-2026 20:07:26 UTC] [Chilexpress][obtener_regiones] Datos decodificados con exito, fecha del archivo: 2026-08-20 17:53:39
[20-Aug-2026 20:07:26 UTC] [Chilexpress][obtener_regiones] El archivo local de regiones es reciente, no es necesario actualizar
[20-Aug-2026 20:07:27 UTC] [Chilexpress][obtener_regiones] Archivo de regiones existe: C:\Users\HP\Desktop\wirdscrepss\wordpress\wp-content\plugins\chilexpress-oficial/includes/data/regiones/regiones.json
[20-Aug-2026 20:07:27 UTC] [Chilexpress][obtener_regiones] Datos decodificados con exito, fecha del archivo: 2026-08-20 17:53:39
[20-Aug-2026 20:07:27 UTC] [Chilexpress][obtener_regiones] El archivo local de regiones es reciente, no es necesario actualizar
[20-Aug-2026 20:07:27 UTC] [Chilexpress][obtener_comunas] para la region: R1
[20-Aug-2026 20:07:27 UTC] [Chilexpress][obtener_comunas] Busco comunas en el archivo local: C:\Users\HP\Desktop\wirdscrepss\wordpress\wp-content\plugins\chilexpress-oficial/includes/data/comunas/R1.json
[20-Aug-2026 20:07:27 UTC] [Chilexpress][obtener_comunas] El archivo local existe !
[20-Aug-2026 20:07:27 UTC] [Chilexpress][obtener_comunas] Datos decodificados con exito, fecha del archivo: 2026-08-20 20:06:19
[20-Aug-2026 20:07:27 UTC] [Chilexpress][obtener_comunas] El archivo local es reciente, no es necesario actualizar
[20-Aug-2026 20:07:27 UTC] PHP Deprecated:  La función !wc_enqueue_js está <strong>descontinuado</strong> desde la versión 10.4.0! Reemplázalo con wp_add_inline_script. in C:\Users\HP\Desktop\wirdscrepss\wordpress\wp-includes\functions.php on line 6170
[20-Aug-2026 20:07:27 UTC] [Chilexpress][obtener_comunas] para la region: RM
[20-Aug-2026 20:07:27 UTC] [Chilexpress][obtener_comunas] Busco comunas en el archivo local: C:\Users\HP\Desktop\wirdscrepss\wordpress\wp-content\plugins\chilexpress-oficial/includes/data/comunas/RM.json
[20-Aug-2026 20:07:27 UTC] [Chilexpress][obtener_comunas] El archivo local existe !
[20-Aug-2026 20:07:27 UTC] [Chilexpress][obtener_comunas] Datos decodificados con exito, fecha del archivo: 2026-08-20 17:53:27
[20-Aug-2026 20:07:27 UTC] [Chilexpress][obtener_comunas] El archivo local es reciente, no es necesario actualizar
[20-Aug-2026 20:07:27 UTC] [Chilexpress][obtener_comunas] para la region: RM
[20-Aug-2026 20:07:27 UTC] [Chilexpress][obtener_comunas] Busco comunas en el archivo local: C:\Users\HP\Desktop\wirdscrepss\wordpress\wp-content\plugins\chilexpress-oficial/includes/data/comunas/RM.json
[20-Aug-2026 20:07:27 UTC] [Chilexpress][obtener_comunas] El archivo local existe !
[20-Aug-2026 20:07:27 UTC] [Chilexpress][obtener_comunas] Datos decodificados con exito, fecha del archivo: 2026-08-20 17:53:27
[20-Aug-2026 20:07:27 UTC] [Chilexpress][obtener_comunas] El archivo local es reciente, no es necesario actualizar
[20-Aug-2026 20:07:28 UTC] [CXP HTTP] POST https://qaservices.wschilexpress.com/rating/api/v1.0/rates/business → 200 body={"originCountyCode":"PROV","destinationCountyCode":"LARE","package":{"weight":0.9,"height":"4","width":"15","length":"45"},"productType":3,"contentType":1,"declaredWorth":49990,"deliveryTime":2,"customerCardNumber":"18578680"}
[20-Aug-2026 20:07:29 UTC] [CXP HTTP] POST https://qaservices.wschilexpress.com/rating/api/v1.0/rates/business → 200 body={"originCountyCode":"PROV","destinationCountyCode":"LARE","package":{"weight":0.9,"height":"4","width":"15","length":"45"},"productType":3,"contentType":1,"declaredWorth":49990,"deliveryTime":2,"customerCardNumber":"18578680"}
[20-Aug-2026 20:08:14 UTC] [Chilexpress][obtener_regiones] Archivo de regiones existe: C:\Users\HP\Desktop\wirdscrepss\wordpress\wp-content\plugins\chilexpress-oficial/includes/data/regiones/regiones.json
[20-Aug-2026 20:08:14 UTC] [Chilexpress][obtener_regiones] Datos decodificados con exito, fecha del archivo: 2026-08-20 17:53:39
[20-Aug-2026 20:08:14 UTC] [Chilexpress][obtener_regiones] El archivo local de regiones es reciente, no es necesario actualizar
[20-Aug-2026 20:08:16 UTC] [Chilexpress][obtener_regiones] Archivo de regiones existe: C:\Users\HP\Desktop\wirdscrepss\wordpress\wp-content\plugins\chilexpress-oficial/includes/data/regiones/regiones.json
[20-Aug-2026 20:08:16 UTC] [Chilexpress][obtener_regiones] Datos decodificados con exito, fecha del archivo: 2026-08-20 17:53:39
[20-Aug-2026 20:08:16 UTC] [Chilexpress][obtener_regiones] El archivo local de regiones es reciente, no es necesario actualizar
[20-Aug-2026 20:09:13 UTC] [Chilexpress][obtener_regiones] Archivo de regiones existe: C:\Users\HP\Desktop\wirdscrepss\wordpress\wp-content\plugins\chilexpress-oficial/includes/data/regiones/regiones.json
[20-Aug-2026 20:09:13 UTC] [Chilexpress][obtener_regiones] Datos decodificados con exito, fecha del archivo: 2026-08-20 17:53:39
[20-Aug-2026 20:09:13 UTC] [Chilexpress][obtener_regiones] El archivo local de regiones es reciente, no es necesario actualizar
[20-Aug-2026 20:09:15 UTC] [Chilexpress][obtener_regiones] Archivo de regiones existe: C:\Users\HP\Desktop\wirdscrepss\wordpress\wp-content\plugins\chilexpress-oficial/includes/data/regiones/regiones.json
[20-Aug-2026 20:09:15 UTC] [Chilexpress][obtener_regiones] Datos decodificados con exito, fecha del archivo: 2026-08-20 17:53:39
[20-Aug-2026 20:09:15 UTC] [Chilexpress][obtener_regiones] El archivo local de regiones es reciente, no es necesario actualizar
[20-Aug-2026 20:09:16 UTC] [Chilexpress][obtener_regiones] Archivo de regiones existe: C:\Users\HP\Desktop\wirdscrepss\wordpress\wp-content\plugins\chilexpress-oficial/includes/data/regiones/regiones.json
[20-Aug-2026 20:09:16 UTC] [Chilexpress][obtener_regiones] Datos decodificados con exito, fecha del archivo: 2026-08-20 17:53:39
[20-Aug-2026 20:09:16 UTC] [Chilexpress][obtener_regiones] El archivo local de regiones es reciente, no es necesario actualizar
[20-Aug-2026 20:09:17 UTC] [Chilexpress][obtener_regiones] Archivo de regiones existe: C:\Users\HP\Desktop\wirdscrepss\wordpress\wp-content\plugins\chilexpress-oficial/includes/data/regiones/regiones.json
[20-Aug-2026 20:09:17 UTC] [Chilexpress][obtener_regiones] Datos decodificados con exito, fecha del archivo: 2026-08-20 17:53:39
[20-Aug-2026 20:09:17 UTC] [Chilexpress][obtener_regiones] El archivo local de regiones es reciente, no es necesario actualizar
[20-Aug-2026 20:09:39 UTC] [Chilexpress][obtener_regiones] Archivo de regiones existe: C:\Users\HP\Desktop\wirdscrepss\wordpress\wp-content\plugins\chilexpress-oficial/includes/data/regiones/regiones.json
[20-Aug-2026 20:09:39 UTC] [Chilexpress][obtener_regiones] Datos decodificados con exito, fecha del archivo: 2026-08-20 17:53:39
[20-Aug-2026 20:09:39 UTC] [Chilexpress][obtener_regiones] El archivo local de regiones es reciente, no es necesario actualizar
[20-Aug-2026 20:09:39 UTC] [Chilexpress][obtener_comunas] para la region: R1
[20-Aug-2026 20:09:39 UTC] [Chilexpress][obtener_comunas] Busco comunas en el archivo local: C:\Users\HP\Desktop\wirdscrepss\wordpress\wp-content\plugins\chilexpress-oficial/includes/data/comunas/R1.json
[20-Aug-2026 20:09:39 UTC] [Chilexpress][obtener_comunas] El archivo local existe !
[20-Aug-2026 20:09:39 UTC] [Chilexpress][obtener_comunas] Datos decodificados con exito, fecha del archivo: 2026-08-20 20:06:19
[20-Aug-2026 20:09:39 UTC] [Chilexpress][obtener_comunas] El archivo local es reciente, no es necesario actualizar
[20-Aug-2026 20:09:39 UTC] PHP Deprecated:  La función !wc_enqueue_js está <strong>descontinuado</strong> desde la versión 10.4.0! Reemplázalo con wp_add_inline_script. in C:\Users\HP\Desktop\wirdscrepss\wordpress\wp-includes\functions.php on line 6170
[20-Aug-2026 20:09:39 UTC] [Chilexpress][obtener_comunas] para la region: RM
[20-Aug-2026 20:09:39 UTC] [Chilexpress][obtener_comunas] Busco comunas en el archivo local: C:\Users\HP\Desktop\wirdscrepss\wordpress\wp-content\plugins\chilexpress-oficial/includes/data/comunas/RM.json
[20-Aug-2026 20:09:39 UTC] [Chilexpress][obtener_comunas] El archivo local existe !
[20-Aug-2026 20:09:39 UTC] [Chilexpress][obtener_comunas] Datos decodificados con exito, fecha del archivo: 2026-08-20 17:53:27
[20-Aug-2026 20:09:39 UTC] [Chilexpress][obtener_comunas] El archivo local es reciente, no es necesario actualizar
[20-Aug-2026 20:09:39 UTC] [Chilexpress][obtener_comunas] para la region: RM
[20-Aug-2026 20:09:39 UTC] [Chilexpress][obtener_comunas] Busco comunas en el archivo local: C:\Users\HP\Desktop\wirdscrepss\wordpress\wp-content\plugins\chilexpress-oficial/includes/data/comunas/RM.json
[20-Aug-2026 20:09:39 UTC] [Chilexpress][obtener_comunas] El archivo local existe !
[20-Aug-2026 20:09:39 UTC] [Chilexpress][obtener_comunas] Datos decodificados con exito, fecha del archivo: 2026-08-20 17:53:27
[20-Aug-2026 20:09:39 UTC] [Chilexpress][obtener_comunas] El archivo local es reciente, no es necesario actualizar
[20-Aug-2026 20:09:40 UTC] [CXP HTTP] POST https://qaservices.wschilexpress.com/rating/api/v1.0/rates/business → 200 body={"originCountyCode":"PROV","destinationCountyCode":"LARE","package":{"weight":0.9,"height":"4","width":"15","length":"45"},"productType":3,"contentType":1,"declaredWorth":49990,"deliveryTime":2,"customerCardNumber":"18578680"}
[20-Aug-2026 20:09:40 UTC] [CXP HTTP] POST https://qaservices.wschilexpress.com/rating/api/v1.0/rates/business → 200 body={"originCountyCode":"PROV","destinationCountyCode":"LARE","package":{"weight":0.9,"height":"4","width":"15","length":"45"},"productType":3,"contentType":1,"declaredWorth":49990,"deliveryTime":2,"customerCardNumber":"18578680"}
[20-Aug-2026 20:09:43 UTC] [Chilexpress][obtener_regiones] Archivo de regiones existe: C:\Users\HP\Desktop\wirdscrepss\wordpress\wp-content\plugins\chilexpress-oficial/includes/data/regiones/regiones.json
[20-Aug-2026 20:09:43 UTC] [Chilexpress][obtener_regiones] Datos decodificados con exito, fecha del archivo: 2026-08-20 17:53:39
[20-Aug-2026 20:09:43 UTC] [Chilexpress][obtener_regiones] El archivo local de regiones es reciente, no es necesario actualizar
[20-Aug-2026 20:09:43 UTC] [Chilexpress][obtener_comunas] para la region: RM
[20-Aug-2026 20:09:43 UTC] [Chilexpress][obtener_comunas] Busco comunas en el archivo local: C:\Users\HP\Desktop\wirdscrepss\wordpress\wp-content\plugins\chilexpress-oficial/includes/data/comunas/RM.json
[20-Aug-2026 20:09:43 UTC] [Chilexpress][obtener_comunas] El archivo local existe !
[20-Aug-2026 20:09:43 UTC] [Chilexpress][obtener_comunas] Datos decodificados con exito, fecha del archivo: 2026-08-20 17:53:27
[20-Aug-2026 20:09:43 UTC] [Chilexpress][obtener_comunas] El archivo local es reciente, no es necesario actualizar
[20-Aug-2026 20:09:45 UTC] [Chilexpress][obtener_regiones] Archivo de regiones existe: C:\Users\HP\Desktop\wirdscrepss\wordpress\wp-content\plugins\chilexpress-oficial/includes/data/regiones/regiones.json
[20-Aug-2026 20:09:45 UTC] [Chilexpress][obtener_regiones] Datos decodificados con exito, fecha del archivo: 2026-08-20 17:53:39
[20-Aug-2026 20:09:45 UTC] [Chilexpress][obtener_regiones] El archivo local de regiones es reciente, no es necesario actualizar
[20-Aug-2026 20:09:45 UTC] [Chilexpress][obtener_comunas] para la region: RM
[20-Aug-2026 20:09:45 UTC] [Chilexpress][obtener_comunas] Busco comunas en el archivo local: C:\Users\HP\Desktop\wirdscrepss\wordpress\wp-content\plugins\chilexpress-oficial/includes/data/comunas/RM.json
[20-Aug-2026 20:09:45 UTC] [Chilexpress][obtener_comunas] El archivo local existe !
[20-Aug-2026 20:09:45 UTC] [Chilexpress][obtener_comunas] Datos decodificados con exito, fecha del archivo: 2026-08-20 17:53:27
[20-Aug-2026 20:09:45 UTC] [Chilexpress][obtener_comunas] El archivo local es reciente, no es necesario actualizar
[20-Aug-2026 20:09:46 UTC] [Chilexpress][obtener_regiones] Archivo de regiones existe: C:\Users\HP\Desktop\wirdscrepss\wordpress\wp-content\plugins\chilexpress-oficial/includes/data/regiones/regiones.json
[20-Aug-2026 20:09:46 UTC] [Chilexpress][obtener_regiones] Datos decodificados con exito, fecha del archivo: 2026-08-20 17:53:39
[20-Aug-2026 20:09:46 UTC] [Chilexpress][obtener_regiones] El archivo local de regiones es reciente, no es necesario actualizar
[20-Aug-2026 20:09:46 UTC] [Chilexpress][obtener_comunas] para la region: R1
[20-Aug-2026 20:09:46 UTC] [Chilexpress][obtener_comunas] Busco comunas en el archivo local: C:\Users\HP\Desktop\wirdscrepss\wordpress\wp-content\plugins\chilexpress-oficial/includes/data/comunas/R1.json
[20-Aug-2026 20:09:46 UTC] [Chilexpress][obtener_comunas] El archivo local existe !
[20-Aug-2026 20:09:46 UTC] [Chilexpress][obtener_comunas] Datos decodificados con exito, fecha del archivo: 2026-08-20 20:06:19
[20-Aug-2026 20:09:46 UTC] [Chilexpress][obtener_comunas] El archivo local es reciente, no es necesario actualizar
[20-Aug-2026 20:09:46 UTC] The wc_enqueue_js function is deprecated since version 10.4.0. Replace with wp_add_inline_script.
[20-Aug-2026 20:09:46 UTC] [Chilexpress][obtener_comunas] para la region: RM
[20-Aug-2026 20:09:46 UTC] [Chilexpress][obtener_comunas] Busco comunas en el archivo local: C:\Users\HP\Desktop\wirdscrepss\wordpress\wp-content\plugins\chilexpress-oficial/includes/data/comunas/RM.json
[20-Aug-2026 20:09:46 UTC] [Chilexpress][obtener_comunas] El archivo local existe !
[20-Aug-2026 20:09:46 UTC] [Chilexpress][obtener_comunas] Datos decodificados con exito, fecha del archivo: 2026-08-20 17:53:27
[20-Aug-2026 20:09:46 UTC] [Chilexpress][obtener_comunas] El archivo local es reciente, no es necesario actualizar
[20-Aug-2026 20:09:46 UTC] [Chilexpress][obtener_comunas] para la region: RM
[20-Aug-2026 20:09:46 UTC] [Chilexpress][obtener_comunas] Busco comunas en el archivo local: C:\Users\HP\Desktop\wirdscrepss\wordpress\wp-content\plugins\chilexpress-oficial/includes/data/comunas/RM.json
[20-Aug-2026 20:09:46 UTC] [Chilexpress][obtener_comunas] El archivo local existe !
[20-Aug-2026 20:09:46 UTC] [Chilexpress][obtener_comunas] Datos decodificados con exito, fecha del archivo: 2026-08-20 17:53:27
[20-Aug-2026 20:09:46 UTC] [Chilexpress][obtener_comunas] El archivo local es reciente, no es necesario actualizar
[20-Aug-2026 20:09:48 UTC] [Chilexpress][obtener_regiones] Archivo de regiones existe: C:\Users\HP\Desktop\wirdscrepss\wordpress\wp-content\plugins\chilexpress-oficial/includes/data/regiones/regiones.json
[20-Aug-2026 20:09:48 UTC] [Chilexpress][obtener_regiones] Datos decodificados con exito, fecha del archivo: 2026-08-20 17:53:39
[20-Aug-2026 20:09:48 UTC] [Chilexpress][obtener_regiones] El archivo local de regiones es reciente, no es necesario actualizar
[20-Aug-2026 20:09:48 UTC] [Chilexpress][obtener_comunas] para la region: R1
[20-Aug-2026 20:09:48 UTC] [Chilexpress][obtener_comunas] Busco comunas en el archivo local: C:\Users\HP\Desktop\wirdscrepss\wordpress\wp-content\plugins\chilexpress-oficial/includes/data/comunas/R1.json
[20-Aug-2026 20:09:48 UTC] [Chilexpress][obtener_comunas] El archivo local existe !
[20-Aug-2026 20:09:48 UTC] [Chilexpress][obtener_comunas] Datos decodificados con exito, fecha del archivo: 2026-08-20 20:06:19
[20-Aug-2026 20:09:48 UTC] [Chilexpress][obtener_comunas] El archivo local es reciente, no es necesario actualizar
[20-Aug-2026 20:09:48 UTC] PHP Deprecated:  La función !wc_enqueue_js está <strong>descontinuado</strong> desde la versión 10.4.0! Reemplázalo con wp_add_inline_script. in C:\Users\HP\Desktop\wirdscrepss\wordpress\wp-includes\functions.php on line 6170
[20-Aug-2026 20:09:48 UTC] [Chilexpress][obtener_comunas] para la region: RM
[20-Aug-2026 20:09:48 UTC] [Chilexpress][obtener_comunas] Busco comunas en el archivo local: C:\Users\HP\Desktop\wirdscrepss\wordpress\wp-content\plugins\chilexpress-oficial/includes/data/comunas/RM.json
[20-Aug-2026 20:09:48 UTC] [Chilexpress][obtener_comunas] El archivo local existe !
[20-Aug-2026 20:09:48 UTC] [Chilexpress][obtener_comunas] Datos decodificados con exito, fecha del archivo: 2026-08-20 17:53:27
[20-Aug-2026 20:09:48 UTC] [Chilexpress][obtener_comunas] El archivo local es reciente, no es necesario actualizar
[20-Aug-2026 20:09:48 UTC] [Chilexpress][obtener_comunas] para la region: RM
[20-Aug-2026 20:09:48 UTC] [Chilexpress][obtener_comunas] Busco comunas en el archivo local: C:\Users\HP\Desktop\wirdscrepss\wordpress\wp-content\plugins\chilexpress-oficial/includes/data/comunas/RM.json
[20-Aug-2026 20:09:48 UTC] [Chilexpress][obtener_comunas] El archivo local existe !
[20-Aug-2026 20:09:48 UTC] [Chilexpress][obtener_comunas] Datos decodificados con exito, fecha del archivo: 2026-08-20 17:53:27
[20-Aug-2026 20:09:48 UTC] [Chilexpress][obtener_comunas] El archivo local es reciente, no es necesario actualizar
[20-Aug-2026 20:09:49 UTC] [CXP HTTP] POST https://qaservices.wschilexpress.com/rating/api/v1.0/rates/business → 200 body={"originCountyCode":"PROV","destinationCountyCode":"LARE","package":{"weight":0.9,"height":"4","width":"15","length":"45"},"productType":3,"contentType":1,"declaredWorth":49990,"deliveryTime":2,"customerCardNumber":"18578680"}
[20-Aug-2026 20:09:49 UTC] [CXP HTTP] POST https://qaservices.wschilexpress.com/rating/api/v1.0/rates/business → 200 body={"originCountyCode":"PROV","destinationCountyCode":"LARE","package":{"weight":0.9,"height":"4","width":"15","length":"45"},"productType":3,"contentType":1,"declaredWorth":49990,"deliveryTime":2,"customerCardNumber":"18578680"}
[20-Aug-2026 20:09:51 UTC] [Chilexpress][obtener_regiones] Archivo de regiones existe: C:\Users\HP\Desktop\wirdscrepss\wordpress\wp-content\plugins\chilexpress-oficial/includes/data/regiones/regiones.json
[20-Aug-2026 20:09:51 UTC] [Chilexpress][obtener_regiones] Datos decodificados con exito, fecha del archivo: 2026-08-20 17:53:39
[20-Aug-2026 20:09:51 UTC] [Chilexpress][obtener_regiones] El archivo local de regiones es reciente, no es necesario actualizar
[20-Aug-2026 20:09:52 UTC] [Chilexpress][obtener_regiones] Archivo de regiones existe: C:\Users\HP\Desktop\wirdscrepss\wordpress\wp-content\plugins\chilexpress-oficial/includes/data/regiones/regiones.json
[20-Aug-2026 20:09:52 UTC] [Chilexpress][obtener_regiones] Datos decodificados con exito, fecha del archivo: 2026-08-20 17:53:39
[20-Aug-2026 20:09:52 UTC] [Chilexpress][obtener_regiones] El archivo local de regiones es reciente, no es necesario actualizar
[20-Aug-2026 20:09:53 UTC] [Chilexpress][obtener_regiones] Archivo de regiones existe: C:\Users\HP\Desktop\wirdscrepss\wordpress\wp-content\plugins\chilexpress-oficial/includes/data/regiones/regiones.json
[20-Aug-2026 20:09:53 UTC] [Chilexpress][obtener_regiones] Datos decodificados con exito, fecha del archivo: 2026-08-20 17:53:39
[20-Aug-2026 20:09:53 UTC] [Chilexpress][obtener_regiones] El archivo local de regiones es reciente, no es necesario actualizar
[20-Aug-2026 20:09:54 UTC] [Chilexpress][obtener_comunas] para la region: R1
[20-Aug-2026 20:09:54 UTC] [Chilexpress][obtener_comunas] Busco comunas en el archivo local: C:\Users\HP\Desktop\wirdscrepss\wordpress\wp-content\plugins\chilexpress-oficial/includes/data/comunas/R1.json
[20-Aug-2026 20:09:54 UTC] [Chilexpress][obtener_comunas] El archivo local existe !
[20-Aug-2026 20:09:54 UTC] [Chilexpress][obtener_comunas] Datos decodificados con exito, fecha del archivo: 2026-08-20 20:06:19
[20-Aug-2026 20:09:54 UTC] [Chilexpress][obtener_comunas] El archivo local es reciente, no es necesario actualizar
[20-Aug-2026 20:09:54 UTC] PHP Deprecated:  La función !wc_enqueue_js está <strong>descontinuado</strong> desde la versión 10.4.0! Reemplázalo con wp_add_inline_script. in C:\Users\HP\Desktop\wirdscrepss\wordpress\wp-includes\functions.php on line 6170
[20-Aug-2026 20:09:54 UTC] [Chilexpress][obtener_comunas] para la region: RM
[20-Aug-2026 20:09:54 UTC] [Chilexpress][obtener_comunas] Busco comunas en el archivo local: C:\Users\HP\Desktop\wirdscrepss\wordpress\wp-content\plugins\chilexpress-oficial/includes/data/comunas/RM.json
[20-Aug-2026 20:09:54 UTC] [Chilexpress][obtener_comunas] El archivo local existe !
[20-Aug-2026 20:09:54 UTC] [Chilexpress][obtener_comunas] Datos decodificados con exito, fecha del archivo: 2026-08-20 17:53:27
[20-Aug-2026 20:09:54 UTC] [Chilexpress][obtener_comunas] El archivo local es reciente, no es necesario actualizar
[20-Aug-2026 20:09:54 UTC] [Chilexpress][obtener_comunas] para la region: RM
[20-Aug-2026 20:09:54 UTC] [Chilexpress][obtener_comunas] Busco comunas en el archivo local: C:\Users\HP\Desktop\wirdscrepss\wordpress\wp-content\plugins\chilexpress-oficial/includes/data/comunas/RM.json
[20-Aug-2026 20:09:54 UTC] [Chilexpress][obtener_comunas] El archivo local existe !
[20-Aug-2026 20:09:54 UTC] [Chilexpress][obtener_comunas] Datos decodificados con exito, fecha del archivo: 2026-08-20 17:53:27
[20-Aug-2026 20:09:54 UTC] [Chilexpress][obtener_comunas] El archivo local es reciente, no es necesario actualizar
[20-Aug-2026 20:09:54 UTC] [CXP HTTP] POST https://qaservices.wschilexpress.com/rating/api/v1.0/rates/business → 200 body={"originCountyCode":"PROV","destinationCountyCode":"LARE","package":{"weight":0.9,"height":"4","width":"15","length":"45"},"productType":3,"contentType":1,"declaredWorth":49990,"deliveryTime":2,"customerCardNumber":"18578680"}
[20-Aug-2026 20:09:55 UTC] [CXP HTTP] POST https://qaservices.wschilexpress.com/rating/api/v1.0/rates/business → 200 body={"originCountyCode":"PROV","destinationCountyCode":"LARE","package":{"weight":0.9,"height":"4","width":"15","length":"45"},"productType":3,"contentType":1,"declaredWorth":49990,"deliveryTime":2,"customerCardNumber":"18578680"}
[20-Aug-2026 20:09:57 UTC] [Chilexpress][obtener_regiones] Archivo de regiones existe: C:\Users\HP\Desktop\wirdscrepss\wordpress\wp-content\plugins\chilexpress-oficial/includes/data/regiones/regiones.json
[20-Aug-2026 20:09:57 UTC] [Chilexpress][obtener_regiones] Datos decodificados con exito, fecha del archivo: 2026-08-20 17:53:39
[20-Aug-2026 20:09:57 UTC] [Chilexpress][obtener_regiones] El archivo local de regiones es reciente, no es necesario actualizar
[20-Aug-2026 20:09:58 UTC] [Chilexpress][obtener_regiones] Archivo de regiones existe: C:\Users\HP\Desktop\wirdscrepss\wordpress\wp-content\plugins\chilexpress-oficial/includes/data/regiones/regiones.json
[20-Aug-2026 20:09:58 UTC] [Chilexpress][obtener_regiones] Datos decodificados con exito, fecha del archivo: 2026-08-20 17:53:39
[20-Aug-2026 20:09:58 UTC] [Chilexpress][obtener_regiones] El archivo local de regiones es reciente, no es necesario actualizar
[20-Aug-2026 20:10:00 UTC] [Chilexpress][obtener_regiones] Archivo de regiones existe: C:\Users\HP\Desktop\wirdscrepss\wordpress\wp-content\plugins\chilexpress-oficial/includes/data/regiones/regiones.json
[20-Aug-2026 20:10:00 UTC] [Chilexpress][obtener_regiones] Datos decodificados con exito, fecha del archivo: 2026-08-20 17:53:39
[20-Aug-2026 20:10:00 UTC] [Chilexpress][obtener_regiones] El archivo local de regiones es reciente, no es necesario actualizar
[20-Aug-2026 20:10:01 UTC] [Chilexpress][obtener_regiones] Archivo de regiones existe: C:\Users\HP\Desktop\wirdscrepss\wordpress\wp-content\plugins\chilexpress-oficial/includes/data/regiones/regiones.json
[20-Aug-2026 20:10:01 UTC] [Chilexpress][obtener_regiones] Datos decodificados con exito, fecha del archivo: 2026-08-20 17:53:39
[20-Aug-2026 20:10:01 UTC] [Chilexpress][obtener_regiones] El archivo local de regiones es reciente, no es necesario actualizar
[20-Aug-2026 20:10:03 UTC] [Chilexpress][obtener_regiones] Archivo de regiones existe: C:\Users\HP\Desktop\wirdscrepss\wordpress\wp-content\plugins\chilexpress-oficial/includes/data/regiones/regiones.json
[20-Aug-2026 20:10:03 UTC] [Chilexpress][obtener_regiones] Datos decodificados con exito, fecha del archivo: 2026-08-20 17:53:39
[20-Aug-2026 20:10:03 UTC] [Chilexpress][obtener_regiones] El archivo local de regiones es reciente, no es necesario actualizar
[20-Aug-2026 20:10:05 UTC] [Chilexpress][obtener_regiones] Archivo de regiones existe: C:\Users\HP\Desktop\wirdscrepss\wordpress\wp-content\plugins\chilexpress-oficial/includes/data/regiones/regiones.json
[20-Aug-2026 20:10:05 UTC] [Chilexpress][obtener_regiones] Datos decodificados con exito, fecha del archivo: 2026-08-20 17:53:39
[20-Aug-2026 20:10:05 UTC] [Chilexpress][obtener_regiones] El archivo local de regiones es reciente, no es necesario actualizar
[20-Aug-2026 20:10:05 UTC] [Chilexpress][obtener_comunas] para la region: RM
[20-Aug-2026 20:10:05 UTC] [Chilexpress][obtener_comunas] Busco comunas en el archivo local: C:\Users\HP\Desktop\wirdscrepss\wordpress\wp-content\plugins\chilexpress-oficial/includes/data/comunas/RM.json
[20-Aug-2026 20:10:05 UTC] [Chilexpress][obtener_comunas] El archivo local existe !
[20-Aug-2026 20:10:05 UTC] [Chilexpress][obtener_comunas] Datos decodificados con exito, fecha del archivo: 2026-08-20 17:53:27
[20-Aug-2026 20:10:05 UTC] [Chilexpress][obtener_comunas] El archivo local es reciente, no es necesario actualizar
[20-Aug-2026 20:10:06 UTC] [Chilexpress][obtener_regiones] Archivo de regiones existe: C:\Users\HP\Desktop\wirdscrepss\wordpress\wp-content\plugins\chilexpress-oficial/includes/data/regiones/regiones.json
[20-Aug-2026 20:10:06 UTC] [Chilexpress][obtener_regiones] Datos decodificados con exito, fecha del archivo: 2026-08-20 17:53:39
[20-Aug-2026 20:10:06 UTC] [Chilexpress][obtener_regiones] El archivo local de regiones es reciente, no es necesario actualizar
[20-Aug-2026 20:10:06 UTC] [Chilexpress][obtener_comunas] para la region: RM
[20-Aug-2026 20:10:06 UTC] [Chilexpress][obtener_comunas] Busco comunas en el archivo local: C:\Users\HP\Desktop\wirdscrepss\wordpress\wp-content\plugins\chilexpress-oficial/includes/data/comunas/RM.json
[20-Aug-2026 20:10:06 UTC] [Chilexpress][obtener_comunas] El archivo local existe !
[20-Aug-2026 20:10:06 UTC] [Chilexpress][obtener_comunas] Datos decodificados con exito, fecha del archivo: 2026-08-20 17:53:27
[20-Aug-2026 20:10:06 UTC] [Chilexpress][obtener_comunas] El archivo local es reciente, no es necesario actualizar
[20-Aug-2026 20:10:13 UTC] [Chilexpress][obtener_regiones] Archivo de regiones existe: C:\Users\HP\Desktop\wirdscrepss\wordpress\wp-content\plugins\chilexpress-oficial/includes/data/regiones/regiones.json
[20-Aug-2026 20:10:13 UTC] [Chilexpress][obtener_regiones] Datos decodificados con exito, fecha del archivo: 2026-08-20 17:53:39
[20-Aug-2026 20:10:13 UTC] [Chilexpress][obtener_regiones] El archivo local de regiones es reciente, no es necesario actualizar
[20-Aug-2026 20:10:14 UTC] [Chilexpress][obtener_regiones] Archivo de regiones existe: C:\Users\HP\Desktop\wirdscrepss\wordpress\wp-content\plugins\chilexpress-oficial/includes/data/regiones/regiones.json
[20-Aug-2026 20:10:14 UTC] [Chilexpress][obtener_regiones] Datos decodificados con exito, fecha del archivo: 2026-08-20 17:53:39
[20-Aug-2026 20:10:14 UTC] [Chilexpress][obtener_regiones] El archivo local de regiones es reciente, no es necesario actualizar
[20-Aug-2026 20:10:16 UTC] [Chilexpress][obtener_regiones] Archivo de regiones existe: C:\Users\HP\Desktop\wirdscrepss\wordpress\wp-content\plugins\chilexpress-oficial/includes/data/regiones/regiones.json
[20-Aug-2026 20:10:16 UTC] [Chilexpress][obtener_regiones] Datos decodificados con exito, fecha del archivo: 2026-08-20 17:53:39
[20-Aug-2026 20:10:16 UTC] [Chilexpress][obtener_regiones] El archivo local de regiones es reciente, no es necesario actualizar
[20-Aug-2026 20:10:17 UTC] [Chilexpress][obtener_regiones] Archivo de regiones existe: C:\Users\HP\Desktop\wirdscrepss\wordpress\wp-content\plugins\chilexpress-oficial/includes/data/regiones/regiones.json
[20-Aug-2026 20:10:17 UTC] [Chilexpress][obtener_regiones] Datos decodificados con exito, fecha del archivo: 2026-08-20 17:53:39
[20-Aug-2026 20:10:17 UTC] [Chilexpress][obtener_regiones] El archivo local de regiones es reciente, no es necesario actualizar
[20-Aug-2026 20:10:18 UTC] [Chilexpress][obtener_comunas] para la region: R1
[20-Aug-2026 20:10:18 UTC] [Chilexpress][obtener_comunas] Busco comunas en el archivo local: C:\Users\HP\Desktop\wirdscrepss\wordpress\wp-content\plugins\chilexpress-oficial/includes/data/comunas/R1.json
[20-Aug-2026 20:10:18 UTC] [Chilexpress][obtener_comunas] El archivo local existe !
[20-Aug-2026 20:10:18 UTC] [Chilexpress][obtener_comunas] Datos decodificados con exito, fecha del archivo: 2026-08-20 20:06:19
[20-Aug-2026 20:10:18 UTC] [Chilexpress][obtener_comunas] El archivo local es reciente, no es necesario actualizar
[20-Aug-2026 20:10:18 UTC] PHP Deprecated:  La función !wc_enqueue_js está <strong>descontinuado</strong> desde la versión 10.4.0! Reemplázalo con wp_add_inline_script. in C:\Users\HP\Desktop\wirdscrepss\wordpress\wp-includes\functions.php on line 6170
[20-Aug-2026 20:10:18 UTC] [Chilexpress][obtener_comunas] para la region: RM
[20-Aug-2026 20:10:18 UTC] [Chilexpress][obtener_comunas] Busco comunas en el archivo local: C:\Users\HP\Desktop\wirdscrepss\wordpress\wp-content\plugins\chilexpress-oficial/includes/data/comunas/RM.json
[20-Aug-2026 20:10:18 UTC] [Chilexpress][obtener_comunas] El archivo local existe !
[20-Aug-2026 20:10:18 UTC] [Chilexpress][obtener_comunas] Datos decodificados con exito, fecha del archivo: 2026-08-20 17:53:27
[20-Aug-2026 20:10:18 UTC] [Chilexpress][obtener_comunas] El archivo local es reciente, no es necesario actualizar
[20-Aug-2026 20:10:18 UTC] [Chilexpress][obtener_comunas] para la region: RM
[20-Aug-2026 20:10:18 UTC] [Chilexpress][obtener_comunas] Busco comunas en el archivo local: C:\Users\HP\Desktop\wirdscrepss\wordpress\wp-content\plugins\chilexpress-oficial/includes/data/comunas/RM.json
[20-Aug-2026 20:10:18 UTC] [Chilexpress][obtener_comunas] El archivo local existe !
[20-Aug-2026 20:10:18 UTC] [Chilexpress][obtener_comunas] Datos decodificados con exito, fecha del archivo: 2026-08-20 17:53:27
[20-Aug-2026 20:10:18 UTC] [Chilexpress][obtener_comunas] El archivo local es reciente, no es necesario actualizar
[20-Aug-2026 20:10:20 UTC] [Chilexpress][obtener_regiones] Archivo de regiones existe: C:\Users\HP\Desktop\wirdscrepss\wordpress\wp-content\plugins\chilexpress-oficial/includes/data/regiones/regiones.json
[20-Aug-2026 20:10:20 UTC] [Chilexpress][obtener_regiones] Datos decodificados con exito, fecha del archivo: 2026-08-20 17:53:39
[20-Aug-2026 20:10:20 UTC] [Chilexpress][obtener_regiones] El archivo local de regiones es reciente, no es necesario actualizar
[20-Aug-2026 20:10:20 UTC] [Chilexpress][obtener_comunas] para la region: RM
[20-Aug-2026 20:10:20 UTC] [Chilexpress][obtener_comunas] Busco comunas en el archivo local: C:\Users\HP\Desktop\wirdscrepss\wordpress\wp-content\plugins\chilexpress-oficial/includes/data/comunas/RM.json
[20-Aug-2026 20:10:20 UTC] [Chilexpress][obtener_comunas] El archivo local existe !
[20-Aug-2026 20:10:20 UTC] [Chilexpress][obtener_comunas] Datos decodificados con exito, fecha del archivo: 2026-08-20 17:53:27
[20-Aug-2026 20:10:20 UTC] [Chilexpress][obtener_comunas] El archivo local es reciente, no es necesario actualizar
[20-Aug-2026 20:10:21 UTC] [Chilexpress][obtener_regiones] Archivo de regiones existe: C:\Users\HP\Desktop\wirdscrepss\wordpress\wp-content\plugins\chilexpress-oficial/includes/data/regiones/regiones.json
[20-Aug-2026 20:10:21 UTC] [Chilexpress][obtener_regiones] Datos decodificados con exito, fecha del archivo: 2026-08-20 17:53:39
[20-Aug-2026 20:10:21 UTC] [Chilexpress][obtener_regiones] El archivo local de regiones es reciente, no es necesario actualizar
[20-Aug-2026 20:10:21 UTC] [Chilexpress][obtener_comunas] para la region: RM
[20-Aug-2026 20:10:21 UTC] [Chilexpress][obtener_comunas] Busco comunas en el archivo local: C:\Users\HP\Desktop\wirdscrepss\wordpress\wp-content\plugins\chilexpress-oficial/includes/data/comunas/RM.json
[20-Aug-2026 20:10:21 UTC] [Chilexpress][obtener_comunas] El archivo local existe !
[20-Aug-2026 20:10:21 UTC] [Chilexpress][obtener_comunas] Datos decodificados con exito, fecha del archivo: 2026-08-20 17:53:27
[20-Aug-2026 20:10:21 UTC] [Chilexpress][obtener_comunas] El archivo local es reciente, no es necesario actualizar
[20-Aug-2026 20:10:22 UTC] [Chilexpress][obtener_regiones] Archivo de regiones existe: C:\Users\HP\Desktop\wirdscrepss\wordpress\wp-content\plugins\chilexpress-oficial/includes/data/regiones/regiones.json
[20-Aug-2026 20:10:22 UTC] [Chilexpress][obtener_regiones] Datos decodificados con exito, fecha del archivo: 2026-08-20 17:53:39
[20-Aug-2026 20:10:22 UTC] [Chilexpress][obtener_regiones] El archivo local de regiones es reciente, no es necesario actualizar
[20-Aug-2026 20:10:22 UTC] [Chilexpress][obtener_comunas] para la region: RM
[20-Aug-2026 20:10:22 UTC] [Chilexpress][obtener_comunas] Busco comunas en el archivo local: C:\Users\HP\Desktop\wirdscrepss\wordpress\wp-content\plugins\chilexpress-oficial/includes/data/comunas/RM.json
[20-Aug-2026 20:10:22 UTC] [Chilexpress][obtener_comunas] El archivo local existe !
[20-Aug-2026 20:10:22 UTC] [Chilexpress][obtener_comunas] Datos decodificados con exito, fecha del archivo: 2026-08-20 17:53:27
[20-Aug-2026 20:10:22 UTC] [Chilexpress][obtener_comunas] El archivo local es reciente, no es necesario actualizar
[20-Aug-2026 20:10:24 UTC] [Chilexpress][obtener_regiones] Archivo de regiones existe: C:\Users\HP\Desktop\wirdscrepss\wordpress\wp-content\plugins\chilexpress-oficial/includes/data/regiones/regiones.json
[20-Aug-2026 20:10:24 UTC] [Chilexpress][obtener_regiones] Datos decodificados con exito, fecha del archivo: 2026-08-20 17:53:39
[20-Aug-2026 20:10:24 UTC] [Chilexpress][obtener_regiones] El archivo local de regiones es reciente, no es necesario actualizar
[20-Aug-2026 20:10:24 UTC] [Chilexpress][obtener_comunas] para la region: RM
[20-Aug-2026 20:10:24 UTC] [Chilexpress][obtener_comunas] Busco comunas en el archivo local: C:\Users\HP\Desktop\wirdscrepss\wordpress\wp-content\plugins\chilexpress-oficial/includes/data/comunas/RM.json
[20-Aug-2026 20:10:24 UTC] [Chilexpress][obtener_comunas] El archivo local existe !
[20-Aug-2026 20:10:24 UTC] [Chilexpress][obtener_comunas] Datos decodificados con exito, fecha del archivo: 2026-08-20 17:53:27
[20-Aug-2026 20:10:24 UTC] [Chilexpress][obtener_comunas] El archivo local es reciente, no es necesario actualizar
[20-Aug-2026 20:10:25 UTC] [Chilexpress][obtener_regiones] Archivo de regiones existe: C:\Users\HP\Desktop\wirdscrepss\wordpress\wp-content\plugins\chilexpress-oficial/includes/data/regiones/regiones.json
[20-Aug-2026 20:10:25 UTC] [Chilexpress][obtener_regiones] Datos decodificados con exito, fecha del archivo: 2026-08-20 17:53:39
[20-Aug-2026 20:10:25 UTC] [Chilexpress][obtener_regiones] El archivo local de regiones es reciente, no es necesario actualizar
[20-Aug-2026 20:10:25 UTC] [Chilexpress][obtener_comunas] para la region: R1
[20-Aug-2026 20:10:25 UTC] [Chilexpress][obtener_comunas] Busco comunas en el archivo local: C:\Users\HP\Desktop\wirdscrepss\wordpress\wp-content\plugins\chilexpress-oficial/includes/data/comunas/R1.json
[20-Aug-2026 20:10:25 UTC] [Chilexpress][obtener_comunas] El archivo local existe !
[20-Aug-2026 20:10:25 UTC] [Chilexpress][obtener_comunas] Datos decodificados con exito, fecha del archivo: 2026-08-20 20:06:19
[20-Aug-2026 20:10:25 UTC] [Chilexpress][obtener_comunas] El archivo local es reciente, no es necesario actualizar
[20-Aug-2026 20:10:25 UTC] PHP Deprecated:  La función !wc_enqueue_js está <strong>descontinuado</strong> desde la versión 10.4.0! Reemplázalo con wp_add_inline_script. in C:\Users\HP\Desktop\wirdscrepss\wordpress\wp-includes\functions.php on line 6170
[20-Aug-2026 20:10:25 UTC] [Chilexpress][obtener_comunas] para la region: RM
[20-Aug-2026 20:10:25 UTC] [Chilexpress][obtener_comunas] Busco comunas en el archivo local: C:\Users\HP\Desktop\wirdscrepss\wordpress\wp-content\plugins\chilexpress-oficial/includes/data/comunas/RM.json
[20-Aug-2026 20:10:25 UTC] [Chilexpress][obtener_comunas] El archivo local existe !
[20-Aug-2026 20:10:25 UTC] [Chilexpress][obtener_comunas] Datos decodificados con exito, fecha del archivo: 2026-08-20 17:53:27
[20-Aug-2026 20:10:25 UTC] [Chilexpress][obtener_comunas] El archivo local es reciente, no es necesario actualizar
[20-Aug-2026 20:10:25 UTC] [Chilexpress][obtener_comunas] para la region: RM
[20-Aug-2026 20:10:25 UTC] [Chilexpress][obtener_comunas] Busco comunas en el archivo local: C:\Users\HP\Desktop\wirdscrepss\wordpress\wp-content\plugins\chilexpress-oficial/includes/data/comunas/RM.json
[20-Aug-2026 20:10:25 UTC] [Chilexpress][obtener_comunas] El archivo local existe !
[20-Aug-2026 20:10:25 UTC] [Chilexpress][obtener_comunas] Datos decodificados con exito, fecha del archivo: 2026-08-20 17:53:27
[20-Aug-2026 20:10:25 UTC] [Chilexpress][obtener_comunas] El archivo local es reciente, no es necesario actualizar
[20-Aug-2026 20:10:27 UTC] [Chilexpress][obtener_regiones] Archivo de regiones existe: C:\Users\HP\Desktop\wirdscrepss\wordpress\wp-content\plugins\chilexpress-oficial/includes/data/regiones/regiones.json
[20-Aug-2026 20:10:27 UTC] [Chilexpress][obtener_regiones] Datos decodificados con exito, fecha del archivo: 2026-08-20 17:53:39
[20-Aug-2026 20:10:27 UTC] [Chilexpress][obtener_regiones] El archivo local de regiones es reciente, no es necesario actualizar
[20-Aug-2026 20:10:27 UTC] [Chilexpress][obtener_comunas] para la region: RM
[20-Aug-2026 20:10:27 UTC] [Chilexpress][obtener_comunas] Busco comunas en el archivo local: C:\Users\HP\Desktop\wirdscrepss\wordpress\wp-content\plugins\chilexpress-oficial/includes/data/comunas/RM.json
[20-Aug-2026 20:10:27 UTC] [Chilexpress][obtener_comunas] El archivo local existe !
[20-Aug-2026 20:10:27 UTC] [Chilexpress][obtener_comunas] Datos decodificados con exito, fecha del archivo: 2026-08-20 17:53:27
[20-Aug-2026 20:10:27 UTC] [Chilexpress][obtener_comunas] El archivo local es reciente, no es necesario actualizar
[20-Aug-2026 20:10:28 UTC] [Chilexpress][obtener_regiones] Archivo de regiones existe: C:\Users\HP\Desktop\wirdscrepss\wordpress\wp-content\plugins\chilexpress-oficial/includes/data/regiones/regiones.json
[20-Aug-2026 20:10:28 UTC] [Chilexpress][obtener_regiones] Datos decodificados con exito, fecha del archivo: 2026-08-20 17:53:39
[20-Aug-2026 20:10:28 UTC] [Chilexpress][obtener_regiones] El archivo local de regiones es reciente, no es necesario actualizar
[20-Aug-2026 20:10:28 UTC] [Chilexpress][obtener_comunas] para la region: RM
[20-Aug-2026 20:10:28 UTC] [Chilexpress][obtener_comunas] Busco comunas en el archivo local: C:\Users\HP\Desktop\wirdscrepss\wordpress\wp-content\plugins\chilexpress-oficial/includes/data/comunas/RM.json
[20-Aug-2026 20:10:28 UTC] [Chilexpress][obtener_comunas] El archivo local existe !
[20-Aug-2026 20:10:28 UTC] [Chilexpress][obtener_comunas] Datos decodificados con exito, fecha del archivo: 2026-08-20 17:53:27
[20-Aug-2026 20:10:28 UTC] [Chilexpress][obtener_comunas] El archivo local es reciente, no es necesario actualizar
[20-Aug-2026 20:10:30 UTC] [Chilexpress][obtener_regiones] Archivo de regiones existe: C:\Users\HP\Desktop\wirdscrepss\wordpress\wp-content\plugins\chilexpress-oficial/includes/data/regiones/regiones.json
[20-Aug-2026 20:10:30 UTC] [Chilexpress][obtener_regiones] Datos decodificados con exito, fecha del archivo: 2026-08-20 17:53:39
[20-Aug-2026 20:10:30 UTC] [Chilexpress][obtener_regiones] El archivo local de regiones es reciente, no es necesario actualizar
[20-Aug-2026 20:10:30 UTC] [Chilexpress][obtener_comunas] para la region: R1
[20-Aug-2026 20:10:30 UTC] [Chilexpress][obtener_comunas] Busco comunas en el archivo local: C:\Users\HP\Desktop\wirdscrepss\wordpress\wp-content\plugins\chilexpress-oficial/includes/data/comunas/R1.json
[20-Aug-2026 20:10:30 UTC] [Chilexpress][obtener_comunas] El archivo local existe !
[20-Aug-2026 20:10:30 UTC] [Chilexpress][obtener_comunas] Datos decodificados con exito, fecha del archivo: 2026-08-20 20:06:19
[20-Aug-2026 20:10:30 UTC] [Chilexpress][obtener_comunas] El archivo local es reciente, no es necesario actualizar
[20-Aug-2026 20:10:30 UTC] The wc_enqueue_js function is deprecated since version 10.4.0. Replace with wp_add_inline_script.
[20-Aug-2026 20:10:30 UTC] [Chilexpress][obtener_comunas] para la region: RM
[20-Aug-2026 20:10:30 UTC] [Chilexpress][obtener_comunas] Busco comunas en el archivo local: C:\Users\HP\Desktop\wirdscrepss\wordpress\wp-content\plugins\chilexpress-oficial/includes/data/comunas/RM.json
[20-Aug-2026 20:10:30 UTC] [Chilexpress][obtener_comunas] El archivo local existe !
[20-Aug-2026 20:10:30 UTC] [Chilexpress][obtener_comunas] Datos decodificados con exito, fecha del archivo: 2026-08-20 17:53:27
[20-Aug-2026 20:10:30 UTC] [Chilexpress][obtener_comunas] El archivo local es reciente, no es necesario actualizar
[20-Aug-2026 20:10:30 UTC] [Chilexpress][obtener_comunas] para la region: RM
[20-Aug-2026 20:10:30 UTC] [Chilexpress][obtener_comunas] Busco comunas en el archivo local: C:\Users\HP\Desktop\wirdscrepss\wordpress\wp-content\plugins\chilexpress-oficial/includes/data/comunas/RM.json
[20-Aug-2026 20:10:30 UTC] [Chilexpress][obtener_comunas] El archivo local existe !
[20-Aug-2026 20:10:30 UTC] [Chilexpress][obtener_comunas] Datos decodificados con exito, fecha del archivo: 2026-08-20 17:53:27
[20-Aug-2026 20:10:30 UTC] [Chilexpress][obtener_comunas] El archivo local es reciente, no es necesario actualizar
[20-Aug-2026 20:11:14 UTC] [Chilexpress][obtener_regiones] Archivo de regiones existe: C:\Users\HP\Desktop\wirdscrepss\wordpress\wp-content\plugins\chilexpress-oficial/includes/data/regiones/regiones.json
[20-Aug-2026 20:11:14 UTC] [Chilexpress][obtener_regiones] Datos decodificados con exito, fecha del archivo: 2026-08-20 17:53:39
[20-Aug-2026 20:11:14 UTC] [Chilexpress][obtener_regiones] El archivo local de regiones es reciente, no es necesario actualizar
[20-Aug-2026 20:11:16 UTC] [Chilexpress][obtener_regiones] Archivo de regiones existe: C:\Users\HP\Desktop\wirdscrepss\wordpress\wp-content\plugins\chilexpress-oficial/includes/data/regiones/regiones.json
[20-Aug-2026 20:11:16 UTC] [Chilexpress][obtener_regiones] Datos decodificados con exito, fecha del archivo: 2026-08-20 17:53:39
[20-Aug-2026 20:11:16 UTC] [Chilexpress][obtener_regiones] El archivo local de regiones es reciente, no es necesario actualizar
[20-Aug-2026 20:11:17 UTC] [Chilexpress][obtener_regiones] Archivo de regiones existe: C:\Users\HP\Desktop\wirdscrepss\wordpress\wp-content\plugins\chilexpress-oficial/includes/data/regiones/regiones.json
[20-Aug-2026 20:11:17 UTC] [Chilexpress][obtener_regiones] Datos decodificados con exito, fecha del archivo: 2026-08-20 17:53:39
[20-Aug-2026 20:11:17 UTC] [Chilexpress][obtener_regiones] El archivo local de regiones es reciente, no es necesario actualizar
[20-Aug-2026 20:11:18 UTC] [Chilexpress][obtener_regiones] Archivo de regiones existe: C:\Users\HP\Desktop\wirdscrepss\wordpress\wp-content\plugins\chilexpress-oficial/includes/data/regiones/regiones.json
[20-Aug-2026 20:11:18 UTC] [Chilexpress][obtener_regiones] Datos decodificados con exito, fecha del archivo: 2026-08-20 17:53:39
[20-Aug-2026 20:11:18 UTC] [Chilexpress][obtener_regiones] El archivo local de regiones es reciente, no es necesario actualizar
[20-Aug-2026 20:12:13 UTC] [Chilexpress][obtener_regiones] Archivo de regiones existe: C:\Users\HP\Desktop\wirdscrepss\wordpress\wp-content\plugins\chilexpress-oficial/includes/data/regiones/regiones.json
[20-Aug-2026 20:12:13 UTC] [Chilexpress][obtener_regiones] Datos decodificados con exito, fecha del archivo: 2026-08-20 17:53:39
[20-Aug-2026 20:12:13 UTC] [Chilexpress][obtener_regiones] El archivo local de regiones es reciente, no es necesario actualizar
[20-Aug-2026 20:12:15 UTC] [Chilexpress][obtener_regiones] Archivo de regiones existe: C:\Users\HP\Desktop\wirdscrepss\wordpress\wp-content\plugins\chilexpress-oficial/includes/data/regiones/regiones.json
[20-Aug-2026 20:12:15 UTC] [Chilexpress][obtener_regiones] Datos decodificados con exito, fecha del archivo: 2026-08-20 17:53:39
[20-Aug-2026 20:12:15 UTC] [Chilexpress][obtener_regiones] El archivo local de regiones es reciente, no es necesario actualizar
[20-Aug-2026 20:13:14 UTC] [Chilexpress][obtener_regiones] Archivo de regiones existe: C:\Users\HP\Desktop\wirdscrepss\wordpress\wp-content\plugins\chilexpress-oficial/includes/data/regiones/regiones.json
[20-Aug-2026 20:13:14 UTC] [Chilexpress][obtener_regiones] Datos decodificados con exito, fecha del archivo: 2026-08-20 17:53:39
[20-Aug-2026 20:13:14 UTC] [Chilexpress][obtener_regiones] El archivo local de regiones es reciente, no es necesario actualizar
[20-Aug-2026 20:13:16 UTC] [Chilexpress][obtener_regiones] Archivo de regiones existe: C:\Users\HP\Desktop\wirdscrepss\wordpress\wp-content\plugins\chilexpress-oficial/includes/data/regiones/regiones.json
[20-Aug-2026 20:13:16 UTC] [Chilexpress][obtener_regiones] Datos decodificados con exito, fecha del archivo: 2026-08-20 17:53:39
[20-Aug-2026 20:13:16 UTC] [Chilexpress][obtener_regiones] El archivo local de regiones es reciente, no es necesario actualizar
[20-Aug-2026 20:13:18 UTC] [Chilexpress][obtener_regiones] Archivo de regiones existe: C:\Users\HP\Desktop\wirdscrepss\wordpress\wp-content\plugins\chilexpress-oficial/includes/data/regiones/regiones.json
[20-Aug-2026 20:13:18 UTC] [Chilexpress][obtener_regiones] Datos decodificados con exito, fecha del archivo: 2026-08-20 17:53:39
[20-Aug-2026 20:13:18 UTC] [Chilexpress][obtener_regiones] El archivo local de regiones es reciente, no es necesario actualizar
[20-Aug-2026 20:13:19 UTC] [Chilexpress][obtener_regiones] Archivo de regiones existe: C:\Users\HP\Desktop\wirdscrepss\wordpress\wp-content\plugins\chilexpress-oficial/includes/data/regiones/regiones.json
[20-Aug-2026 20:13:19 UTC] [Chilexpress][obtener_regiones] Datos decodificados con exito, fecha del archivo: 2026-08-20 17:53:39
[20-Aug-2026 20:13:19 UTC] [Chilexpress][obtener_regiones] El archivo local de regiones es reciente, no es necesario actualizar
[20-Aug-2026 20:13:51 UTC] [Chilexpress][obtener_regiones] Archivo de regiones existe: C:\Users\HP\Desktop\wirdscrepss\wordpress\wp-content\plugins\chilexpress-oficial/includes/data/regiones/regiones.json
[20-Aug-2026 20:13:51 UTC] [Chilexpress][obtener_regiones] Datos decodificados con exito, fecha del archivo: 2026-08-20 17:53:39
[20-Aug-2026 20:13:51 UTC] [Chilexpress][obtener_regiones] El archivo local de regiones es reciente, no es necesario actualizar
[20-Aug-2026 20:13:51 UTC] [Chilexpress][obtener_comunas] para la region: R1
[20-Aug-2026 20:13:51 UTC] [Chilexpress][obtener_comunas] Busco comunas en el archivo local: C:\Users\HP\Desktop\wirdscrepss\wordpress\wp-content\plugins\chilexpress-oficial/includes/data/comunas/R1.json
[20-Aug-2026 20:13:51 UTC] [Chilexpress][obtener_comunas] El archivo local existe !
[20-Aug-2026 20:13:51 UTC] [Chilexpress][obtener_comunas] Datos decodificados con exito, fecha del archivo: 2026-08-20 20:06:19
[20-Aug-2026 20:13:51 UTC] [Chilexpress][obtener_comunas] El archivo local es reciente, no es necesario actualizar
[20-Aug-2026 20:13:51 UTC] PHP Deprecated:  La función !wc_enqueue_js está <strong>descontinuado</strong> desde la versión 10.4.0! Reemplázalo con wp_add_inline_script. in C:\Users\HP\Desktop\wirdscrepss\wordpress\wp-includes\functions.php on line 6170
[20-Aug-2026 20:13:51 UTC] [Chilexpress][obtener_comunas] para la region: RM
[20-Aug-2026 20:13:51 UTC] [Chilexpress][obtener_comunas] Busco comunas en el archivo local: C:\Users\HP\Desktop\wirdscrepss\wordpress\wp-content\plugins\chilexpress-oficial/includes/data/comunas/RM.json
[20-Aug-2026 20:13:51 UTC] [Chilexpress][obtener_comunas] El archivo local existe !
[20-Aug-2026 20:13:51 UTC] [Chilexpress][obtener_comunas] Datos decodificados con exito, fecha del archivo: 2026-08-20 17:53:27
[20-Aug-2026 20:13:51 UTC] [Chilexpress][obtener_comunas] El archivo local es reciente, no es necesario actualizar
[20-Aug-2026 20:13:51 UTC] [Chilexpress][obtener_comunas] para la region: RM
[20-Aug-2026 20:13:51 UTC] [Chilexpress][obtener_comunas] Busco comunas en el archivo local: C:\Users\HP\Desktop\wirdscrepss\wordpress\wp-content\plugins\chilexpress-oficial/includes/data/comunas/RM.json
[20-Aug-2026 20:13:51 UTC] [Chilexpress][obtener_comunas] El archivo local existe !
[20-Aug-2026 20:13:51 UTC] [Chilexpress][obtener_comunas] Datos decodificados con exito, fecha del archivo: 2026-08-20 17:53:27
[20-Aug-2026 20:13:51 UTC] [Chilexpress][obtener_comunas] El archivo local es reciente, no es necesario actualizar
[20-Aug-2026 20:14:17 UTC] [Chilexpress][obtener_regiones] Archivo de regiones existe: C:\Users\HP\Desktop\wirdscrepss\wordpress\wp-content\plugins\chilexpress-oficial/includes/data/regiones/regiones.json
[20-Aug-2026 20:14:17 UTC] [Chilexpress][obtener_regiones] Datos decodificados con exito, fecha del archivo: 2026-08-20 17:53:39
[20-Aug-2026 20:14:17 UTC] [Chilexpress][obtener_regiones] El archivo local de regiones es reciente, no es necesario actualizar
[20-Aug-2026 20:14:19 UTC] [Chilexpress][obtener_regiones] Archivo de regiones existe: C:\Users\HP\Desktop\wirdscrepss\wordpress\wp-content\plugins\chilexpress-oficial/includes/data/regiones/regiones.json
[20-Aug-2026 20:14:19 UTC] [Chilexpress][obtener_regiones] Datos decodificados con exito, fecha del archivo: 2026-08-20 17:53:39
[20-Aug-2026 20:14:19 UTC] [Chilexpress][obtener_regiones] El archivo local de regiones es reciente, no es necesario actualizar
[20-Aug-2026 20:14:20 UTC] [Chilexpress][obtener_regiones] Archivo de regiones existe: C:\Users\HP\Desktop\wirdscrepss\wordpress\wp-content\plugins\chilexpress-oficial/includes/data/regiones/regiones.json
[20-Aug-2026 20:14:20 UTC] [Chilexpress][obtener_regiones] Datos decodificados con exito, fecha del archivo: 2026-08-20 17:53:39
[20-Aug-2026 20:14:20 UTC] [Chilexpress][obtener_regiones] El archivo local de regiones es reciente, no es necesario actualizar
[20-Aug-2026 20:14:21 UTC] [Chilexpress][obtener_regiones] Archivo de regiones existe: C:\Users\HP\Desktop\wirdscrepss\wordpress\wp-content\plugins\chilexpress-oficial/includes/data/regiones/regiones.json
[20-Aug-2026 20:14:21 UTC] [Chilexpress][obtener_regiones] Datos decodificados con exito, fecha del archivo: 2026-08-20 17:53:39
[20-Aug-2026 20:14:21 UTC] [Chilexpress][obtener_regiones] El archivo local de regiones es reciente, no es necesario actualizar
[20-Aug-2026 20:14:22 UTC] [Chilexpress][obtener_regiones] Archivo de regiones existe: C:\Users\HP\Desktop\wirdscrepss\wordpress\wp-content\plugins\chilexpress-oficial/includes/data/regiones/regiones.json
[20-Aug-2026 20:14:22 UTC] [Chilexpress][obtener_regiones] Datos decodificados con exito, fecha del archivo: 2026-08-20 17:53:39
[20-Aug-2026 20:14:22 UTC] [Chilexpress][obtener_regiones] El archivo local de regiones es reciente, no es necesario actualizar
[20-Aug-2026 20:14:22 UTC] [Chilexpress][obtener_comunas] para la region: R1
[20-Aug-2026 20:14:22 UTC] [Chilexpress][obtener_comunas] Busco comunas en el archivo local: C:\Users\HP\Desktop\wirdscrepss\wordpress\wp-content\plugins\chilexpress-oficial/includes/data/comunas/R1.json
[20-Aug-2026 20:14:22 UTC] [Chilexpress][obtener_comunas] El archivo local existe !
[20-Aug-2026 20:14:22 UTC] [Chilexpress][obtener_comunas] Datos decodificados con exito, fecha del archivo: 2026-08-20 20:06:19
[20-Aug-2026 20:14:22 UTC] [Chilexpress][obtener_comunas] El archivo local es reciente, no es necesario actualizar
[20-Aug-2026 20:14:22 UTC] PHP Deprecated:  La función !wc_enqueue_js está <strong>descontinuado</strong> desde la versión 10.4.0! Reemplázalo con wp_add_inline_script. in C:\Users\HP\Desktop\wirdscrepss\wordpress\wp-includes\functions.php on line 6170
[20-Aug-2026 20:14:22 UTC] [Chilexpress][obtener_comunas] para la region: RM
[20-Aug-2026 20:14:22 UTC] [Chilexpress][obtener_comunas] Busco comunas en el archivo local: C:\Users\HP\Desktop\wirdscrepss\wordpress\wp-content\plugins\chilexpress-oficial/includes/data/comunas/RM.json
[20-Aug-2026 20:14:22 UTC] [Chilexpress][obtener_comunas] El archivo local existe !
[20-Aug-2026 20:14:22 UTC] [Chilexpress][obtener_comunas] Datos decodificados con exito, fecha del archivo: 2026-08-20 17:53:27
[20-Aug-2026 20:14:22 UTC] [Chilexpress][obtener_comunas] El archivo local es reciente, no es necesario actualizar
[20-Aug-2026 20:14:22 UTC] [Chilexpress][obtener_comunas] para la region: RM
[20-Aug-2026 20:14:22 UTC] [Chilexpress][obtener_comunas] Busco comunas en el archivo local: C:\Users\HP\Desktop\wirdscrepss\wordpress\wp-content\plugins\chilexpress-oficial/includes/data/comunas/RM.json
[20-Aug-2026 20:14:22 UTC] [Chilexpress][obtener_comunas] El archivo local existe !
[20-Aug-2026 20:14:22 UTC] [Chilexpress][obtener_comunas] Datos decodificados con exito, fecha del archivo: 2026-08-20 17:53:27
[20-Aug-2026 20:14:22 UTC] [Chilexpress][obtener_comunas] El archivo local es reciente, no es necesario actualizar
[20-Aug-2026 20:15:17 UTC] [Chilexpress][obtener_regiones] Archivo de regiones existe: C:\Users\HP\Desktop\wirdscrepss\wordpress\wp-content\plugins\chilexpress-oficial/includes/data/regiones/regiones.json
[20-Aug-2026 20:15:17 UTC] [Chilexpress][obtener_regiones] Datos decodificados con exito, fecha del archivo: 2026-08-20 17:53:39
[20-Aug-2026 20:15:17 UTC] [Chilexpress][obtener_regiones] El archivo local de regiones es reciente, no es necesario actualizar
[20-Aug-2026 20:15:19 UTC] [Chilexpress][obtener_regiones] Archivo de regiones existe: C:\Users\HP\Desktop\wirdscrepss\wordpress\wp-content\plugins\chilexpress-oficial/includes/data/regiones/regiones.json
[20-Aug-2026 20:15:19 UTC] [Chilexpress][obtener_regiones] Datos decodificados con exito, fecha del archivo: 2026-08-20 17:53:39
[20-Aug-2026 20:15:19 UTC] [Chilexpress][obtener_regiones] El archivo local de regiones es reciente, no es necesario actualizar
[20-Aug-2026 20:15:20 UTC] [Chilexpress][obtener_regiones] Archivo de regiones existe: C:\Users\HP\Desktop\wirdscrepss\wordpress\wp-content\plugins\chilexpress-oficial/includes/data/regiones/regiones.json
[20-Aug-2026 20:15:20 UTC] [Chilexpress][obtener_regiones] Datos decodificados con exito, fecha del archivo: 2026-08-20 17:53:39
[20-Aug-2026 20:15:20 UTC] [Chilexpress][obtener_regiones] El archivo local de regiones es reciente, no es necesario actualizar
[20-Aug-2026 20:15:21 UTC] [Chilexpress][obtener_regiones] Archivo de regiones existe: C:\Users\HP\Desktop\wirdscrepss\wordpress\wp-content\plugins\chilexpress-oficial/includes/data/regiones/regiones.json
[20-Aug-2026 20:15:21 UTC] [Chilexpress][obtener_regiones] Datos decodificados con exito, fecha del archivo: 2026-08-20 17:53:39
[20-Aug-2026 20:15:21 UTC] [Chilexpress][obtener_regiones] El archivo local de regiones es reciente, no es necesario actualizar
[20-Aug-2026 20:15:58 UTC] [Chilexpress][obtener_regiones] Archivo de regiones existe: C:\Users\HP\Desktop\wirdscrepss\wordpress\wp-content\plugins\chilexpress-oficial/includes/data/regiones/regiones.json
[20-Aug-2026 20:15:58 UTC] [Chilexpress][obtener_regiones] Datos decodificados con exito, fecha del archivo: 2026-08-20 17:53:39
[20-Aug-2026 20:15:58 UTC] [Chilexpress][obtener_regiones] El archivo local de regiones es reciente, no es necesario actualizar
[20-Aug-2026 20:16:00 UTC] [Chilexpress][obtener_regiones] Archivo de regiones existe: C:\Users\HP\Desktop\wirdscrepss\wordpress\wp-content\plugins\chilexpress-oficial/includes/data/regiones/regiones.json
[20-Aug-2026 20:16:00 UTC] [Chilexpress][obtener_regiones] Datos decodificados con exito, fecha del archivo: 2026-08-20 17:53:39
[20-Aug-2026 20:16:00 UTC] [Chilexpress][obtener_regiones] El archivo local de regiones es reciente, no es necesario actualizar
[20-Aug-2026 20:16:01 UTC] [Chilexpress][obtener_regiones] Archivo de regiones existe: C:\Users\HP\Desktop\wirdscrepss\wordpress\wp-content\plugins\chilexpress-oficial/includes/data/regiones/regiones.json
[20-Aug-2026 20:16:01 UTC] [Chilexpress][obtener_regiones] Datos decodificados con exito, fecha del archivo: 2026-08-20 17:53:39
[20-Aug-2026 20:16:01 UTC] [Chilexpress][obtener_regiones] El archivo local de regiones es reciente, no es necesario actualizar
[20-Aug-2026 20:16:02 UTC] [Chilexpress][obtener_regiones] Archivo de regiones existe: C:\Users\HP\Desktop\wirdscrepss\wordpress\wp-content\plugins\chilexpress-oficial/includes/data/regiones/regiones.json
[20-Aug-2026 20:16:02 UTC] [Chilexpress][obtener_regiones] Datos decodificados con exito, fecha del archivo: 2026-08-20 17:53:39
[20-Aug-2026 20:16:02 UTC] [Chilexpress][obtener_regiones] El archivo local de regiones es reciente, no es necesario actualizar
[20-Aug-2026 20:16:04 UTC] [Chilexpress][obtener_regiones] Archivo de regiones existe: C:\Users\HP\Desktop\wirdscrepss\wordpress\wp-content\plugins\chilexpress-oficial/includes/data/regiones/regiones.json
[20-Aug-2026 20:16:04 UTC] [Chilexpress][obtener_regiones] Datos decodificados con exito, fecha del archivo: 2026-08-20 17:53:39
[20-Aug-2026 20:16:04 UTC] [Chilexpress][obtener_regiones] El archivo local de regiones es reciente, no es necesario actualizar
[20-Aug-2026 20:16:04 UTC] [Chilexpress][obtener_comunas] para la region: R1
[20-Aug-2026 20:16:04 UTC] [Chilexpress][obtener_comunas] Busco comunas en el archivo local: C:\Users\HP\Desktop\wirdscrepss\wordpress\wp-content\plugins\chilexpress-oficial/includes/data/comunas/R1.json
[20-Aug-2026 20:16:04 UTC] [Chilexpress][obtener_comunas] El archivo local existe !
[20-Aug-2026 20:16:04 UTC] [Chilexpress][obtener_comunas] Datos decodificados con exito, fecha del archivo: 2026-08-20 20:06:19
[20-Aug-2026 20:16:04 UTC] [Chilexpress][obtener_comunas] El archivo local es reciente, no es necesario actualizar
[20-Aug-2026 20:16:04 UTC] PHP Deprecated:  La función !wc_enqueue_js está <strong>descontinuado</strong> desde la versión 10.4.0! Reemplázalo con wp_add_inline_script. in C:\Users\HP\Desktop\wirdscrepss\wordpress\wp-includes\functions.php on line 6170
[20-Aug-2026 20:16:04 UTC] [Chilexpress][obtener_comunas] para la region: RM
[20-Aug-2026 20:16:04 UTC] [Chilexpress][obtener_comunas] Busco comunas en el archivo local: C:\Users\HP\Desktop\wirdscrepss\wordpress\wp-content\plugins\chilexpress-oficial/includes/data/comunas/RM.json
[20-Aug-2026 20:16:04 UTC] [Chilexpress][obtener_comunas] El archivo local existe !
[20-Aug-2026 20:16:04 UTC] [Chilexpress][obtener_comunas] Datos decodificados con exito, fecha del archivo: 2026-08-20 17:53:27
[20-Aug-2026 20:16:04 UTC] [Chilexpress][obtener_comunas] El archivo local es reciente, no es necesario actualizar
[20-Aug-2026 20:16:04 UTC] [Chilexpress][obtener_comunas] para la region: RM
[20-Aug-2026 20:16:04 UTC] [Chilexpress][obtener_comunas] Busco comunas en el archivo local: C:\Users\HP\Desktop\wirdscrepss\wordpress\wp-content\plugins\chilexpress-oficial/includes/data/comunas/RM.json
[20-Aug-2026 20:16:04 UTC] [Chilexpress][obtener_comunas] El archivo local existe !
[20-Aug-2026 20:16:04 UTC] [Chilexpress][obtener_comunas] Datos decodificados con exito, fecha del archivo: 2026-08-20 17:53:27
[20-Aug-2026 20:16:04 UTC] [Chilexpress][obtener_comunas] El archivo local es reciente, no es necesario actualizar
[20-Aug-2026 20:16:05 UTC] [Chilexpress][obtener_regiones] Archivo de regiones existe: C:\Users\HP\Desktop\wirdscrepss\wordpress\wp-content\plugins\chilexpress-oficial/includes/data/regiones/regiones.json
[20-Aug-2026 20:16:05 UTC] [Chilexpress][obtener_regiones] Datos decodificados con exito, fecha del archivo: 2026-08-20 17:53:39
[20-Aug-2026 20:16:05 UTC] [Chilexpress][obtener_regiones] El archivo local de regiones es reciente, no es necesario actualizar
[20-Aug-2026 20:16:07 UTC] [Chilexpress][obtener_regiones] Archivo de regiones existe: C:\Users\HP\Desktop\wirdscrepss\wordpress\wp-content\plugins\chilexpress-oficial/includes/data/regiones/regiones.json
[20-Aug-2026 20:16:07 UTC] [Chilexpress][obtener_regiones] Datos decodificados con exito, fecha del archivo: 2026-08-20 17:53:39
[20-Aug-2026 20:16:07 UTC] [Chilexpress][obtener_regiones] El archivo local de regiones es reciente, no es necesario actualizar
[20-Aug-2026 20:16:07 UTC] [Chilexpress][obtener_comunas] para la region: R1
[20-Aug-2026 20:16:07 UTC] [Chilexpress][obtener_comunas] Busco comunas en el archivo local: C:\Users\HP\Desktop\wirdscrepss\wordpress\wp-content\plugins\chilexpress-oficial/includes/data/comunas/R1.json
[20-Aug-2026 20:16:07 UTC] [Chilexpress][obtener_comunas] El archivo local existe !
[20-Aug-2026 20:16:07 UTC] [Chilexpress][obtener_comunas] Datos decodificados con exito, fecha del archivo: 2026-08-20 20:06:19
[20-Aug-2026 20:16:07 UTC] [Chilexpress][obtener_comunas] El archivo local es reciente, no es necesario actualizar
[20-Aug-2026 20:16:07 UTC] PHP Deprecated:  La función !wc_enqueue_js está <strong>descontinuado</strong> desde la versión 10.4.0! Reemplázalo con wp_add_inline_script. in C:\Users\HP\Desktop\wirdscrepss\wordpress\wp-includes\functions.php on line 6170
[20-Aug-2026 20:16:07 UTC] [Chilexpress][obtener_comunas] para la region: RM
[20-Aug-2026 20:16:07 UTC] [Chilexpress][obtener_comunas] Busco comunas en el archivo local: C:\Users\HP\Desktop\wirdscrepss\wordpress\wp-content\plugins\chilexpress-oficial/includes/data/comunas/RM.json
[20-Aug-2026 20:16:07 UTC] [Chilexpress][obtener_comunas] El archivo local existe !
[20-Aug-2026 20:16:07 UTC] [Chilexpress][obtener_comunas] Datos decodificados con exito, fecha del archivo: 2026-08-20 17:53:27
[20-Aug-2026 20:16:07 UTC] [Chilexpress][obtener_comunas] El archivo local es reciente, no es necesario actualizar
[20-Aug-2026 20:16:07 UTC] [Chilexpress][obtener_comunas] para la region: RM
[20-Aug-2026 20:16:07 UTC] [Chilexpress][obtener_comunas] Busco comunas en el archivo local: C:\Users\HP\Desktop\wirdscrepss\wordpress\wp-content\plugins\chilexpress-oficial/includes/data/comunas/RM.json
[20-Aug-2026 20:16:07 UTC] [Chilexpress][obtener_comunas] El archivo local existe !
[20-Aug-2026 20:16:07 UTC] [Chilexpress][obtener_comunas] Datos decodificados con exito, fecha del archivo: 2026-08-20 17:53:27
[20-Aug-2026 20:16:07 UTC] [Chilexpress][obtener_comunas] El archivo local es reciente, no es necesario actualizar
[20-Aug-2026 20:16:26 UTC] [Chilexpress][obtener_regiones] Archivo de regiones existe: C:\Users\HP\Desktop\wirdscrepss\wordpress\wp-content\plugins\chilexpress-oficial/includes/data/regiones/regiones.json
[20-Aug-2026 20:16:26 UTC] [Chilexpress][obtener_regiones] Datos decodificados con exito, fecha del archivo: 2026-08-20 17:53:39
[20-Aug-2026 20:16:26 UTC] [Chilexpress][obtener_regiones] El archivo local de regiones es reciente, no es necesario actualizar
[20-Aug-2026 20:17:17 UTC] [Chilexpress][obtener_regiones] Archivo de regiones existe: C:\Users\HP\Desktop\wirdscrepss\wordpress\wp-content\plugins\chilexpress-oficial/includes/data/regiones/regiones.json
[20-Aug-2026 20:17:17 UTC] [Chilexpress][obtener_regiones] Datos decodificados con exito, fecha del archivo: 2026-08-20 17:53:39
[20-Aug-2026 20:17:17 UTC] [Chilexpress][obtener_regiones] El archivo local de regiones es reciente, no es necesario actualizar
[20-Aug-2026 20:17:19 UTC] [Chilexpress][obtener_regiones] Archivo de regiones existe: C:\Users\HP\Desktop\wirdscrepss\wordpress\wp-content\plugins\chilexpress-oficial/includes/data/regiones/regiones.json
[20-Aug-2026 20:17:19 UTC] [Chilexpress][obtener_regiones] Datos decodificados con exito, fecha del archivo: 2026-08-20 17:53:39
[20-Aug-2026 20:17:19 UTC] [Chilexpress][obtener_regiones] El archivo local de regiones es reciente, no es necesario actualizar
[20-Aug-2026 20:17:20 UTC] [Chilexpress][obtener_regiones] Archivo de regiones existe: C:\Users\HP\Desktop\wirdscrepss\wordpress\wp-content\plugins\chilexpress-oficial/includes/data/regiones/regiones.json
[20-Aug-2026 20:17:20 UTC] [Chilexpress][obtener_regiones] Datos decodificados con exito, fecha del archivo: 2026-08-20 17:53:39
[20-Aug-2026 20:17:20 UTC] [Chilexpress][obtener_regiones] El archivo local de regiones es reciente, no es necesario actualizar
[20-Aug-2026 20:17:26 UTC] [Chilexpress][obtener_regiones] Archivo de regiones existe: C:\Users\HP\Desktop\wirdscrepss\wordpress\wp-content\plugins\chilexpress-oficial/includes/data/regiones/regiones.json
[20-Aug-2026 20:17:26 UTC] [Chilexpress][obtener_regiones] Datos decodificados con exito, fecha del archivo: 2026-08-20 17:53:39
[20-Aug-2026 20:17:26 UTC] [Chilexpress][obtener_regiones] El archivo local de regiones es reciente, no es necesario actualizar
[20-Aug-2026 20:18:17 UTC] [Chilexpress][obtener_regiones] Archivo de regiones existe: C:\Users\HP\Desktop\wirdscrepss\wordpress\wp-content\plugins\chilexpress-oficial/includes/data/regiones/regiones.json
[20-Aug-2026 20:18:17 UTC] [Chilexpress][obtener_regiones] Datos decodificados con exito, fecha del archivo: 2026-08-20 17:53:39
[20-Aug-2026 20:18:17 UTC] [Chilexpress][obtener_regiones] El archivo local de regiones es reciente, no es necesario actualizar
[20-Aug-2026 20:18:20 UTC] [Chilexpress][obtener_regiones] Archivo de regiones existe: C:\Users\HP\Desktop\wirdscrepss\wordpress\wp-content\plugins\chilexpress-oficial/includes/data/regiones/regiones.json
[20-Aug-2026 20:18:20 UTC] [Chilexpress][obtener_regiones] Datos decodificados con exito, fecha del archivo: 2026-08-20 17:53:39
[20-Aug-2026 20:18:20 UTC] [Chilexpress][obtener_regiones] El archivo local de regiones es reciente, no es necesario actualizar
[20-Aug-2026 20:18:21 UTC] [Chilexpress][obtener_regiones] Archivo de regiones existe: C:\Users\HP\Desktop\wirdscrepss\wordpress\wp-content\plugins\chilexpress-oficial/includes/data/regiones/regiones.json
[20-Aug-2026 20:18:21 UTC] [Chilexpress][obtener_regiones] Datos decodificados con exito, fecha del archivo: 2026-08-20 17:53:39
[20-Aug-2026 20:18:21 UTC] [Chilexpress][obtener_regiones] El archivo local de regiones es reciente, no es necesario actualizar
[20-Aug-2026 20:18:26 UTC] [Chilexpress][obtener_regiones] Archivo de regiones existe: C:\Users\HP\Desktop\wirdscrepss\wordpress\wp-content\plugins\chilexpress-oficial/includes/data/regiones/regiones.json
[20-Aug-2026 20:18:26 UTC] [Chilexpress][obtener_regiones] Datos decodificados con exito, fecha del archivo: 2026-08-20 17:53:39
[20-Aug-2026 20:18:26 UTC] [Chilexpress][obtener_regiones] El archivo local de regiones es reciente, no es necesario actualizar
[20-Aug-2026 20:19:12 UTC] [Chilexpress][obtener_regiones] Archivo de regiones existe: C:\Users\HP\Desktop\wirdscrepss\wordpress\wp-content\plugins\chilexpress-oficial/includes/data/regiones/regiones.json
[20-Aug-2026 20:19:12 UTC] [Chilexpress][obtener_regiones] Datos decodificados con exito, fecha del archivo: 2026-08-20 17:53:39
[20-Aug-2026 20:19:12 UTC] [Chilexpress][obtener_regiones] El archivo local de regiones es reciente, no es necesario actualizar
[20-Aug-2026 20:19:14 UTC] [Chilexpress][obtener_regiones] Archivo de regiones existe: C:\Users\HP\Desktop\wirdscrepss\wordpress\wp-content\plugins\chilexpress-oficial/includes/data/regiones/regiones.json
[20-Aug-2026 20:19:14 UTC] [Chilexpress][obtener_regiones] Datos decodificados con exito, fecha del archivo: 2026-08-20 17:53:39
[20-Aug-2026 20:19:14 UTC] [Chilexpress][obtener_regiones] El archivo local de regiones es reciente, no es necesario actualizar
[20-Aug-2026 20:19:15 UTC] [Chilexpress][obtener_regiones] Archivo de regiones existe: C:\Users\HP\Desktop\wirdscrepss\wordpress\wp-content\plugins\chilexpress-oficial/includes/data/regiones/regiones.json
[20-Aug-2026 20:19:15 UTC] [Chilexpress][obtener_regiones] Datos decodificados con exito, fecha del archivo: 2026-08-20 17:53:39
[20-Aug-2026 20:19:15 UTC] [Chilexpress][obtener_regiones] El archivo local de regiones es reciente, no es necesario actualizar
[20-Aug-2026 20:19:15 UTC] [Chilexpress][obtener_comunas] para la region: RM
[20-Aug-2026 20:19:15 UTC] [Chilexpress][obtener_comunas] Busco comunas en el archivo local: C:\Users\HP\Desktop\wirdscrepss\wordpress\wp-content\plugins\chilexpress-oficial/includes/data/comunas/RM.json
[20-Aug-2026 20:19:15 UTC] [Chilexpress][obtener_comunas] El archivo local existe !
[20-Aug-2026 20:19:15 UTC] [Chilexpress][obtener_comunas] Datos decodificados con exito, fecha del archivo: 2026-08-20 17:53:27
[20-Aug-2026 20:19:15 UTC] [Chilexpress][obtener_comunas] El archivo local es reciente, no es necesario actualizar
[20-Aug-2026 20:19:15 UTC] [Chilexpress][obtener_regiones] Archivo de regiones existe: C:\Users\HP\Desktop\wirdscrepss\wordpress\wp-content\plugins\chilexpress-oficial/includes/data/regiones/regiones.json
[20-Aug-2026 20:19:15 UTC] [Chilexpress][obtener_regiones] Datos decodificados con exito, fecha del archivo: 2026-08-20 17:53:39
[20-Aug-2026 20:19:15 UTC] [Chilexpress][obtener_regiones] El archivo local de regiones es reciente, no es necesario actualizar
[20-Aug-2026 20:19:16 UTC] [Chilexpress][obtener_comunas] para la region: RM
[20-Aug-2026 20:19:16 UTC] [Chilexpress][obtener_comunas] Busco comunas en el archivo local: C:\Users\HP\Desktop\wirdscrepss\wordpress\wp-content\plugins\chilexpress-oficial/includes/data/comunas/RM.json
[20-Aug-2026 20:19:16 UTC] [Chilexpress][obtener_comunas] El archivo local existe !
[20-Aug-2026 20:19:16 UTC] [Chilexpress][obtener_comunas] Datos decodificados con exito, fecha del archivo: 2026-08-20 17:53:27
[20-Aug-2026 20:19:16 UTC] [Chilexpress][obtener_comunas] El archivo local es reciente, no es necesario actualizar
[20-Aug-2026 20:19:16 UTC] [Chilexpress][obtener_regiones] Archivo de regiones existe: C:\Users\HP\Desktop\wirdscrepss\wordpress\wp-content\plugins\chilexpress-oficial/includes/data/regiones/regiones.json
[20-Aug-2026 20:19:16 UTC] [Chilexpress][obtener_regiones] Datos decodificados con exito, fecha del archivo: 2026-08-20 17:53:39
[20-Aug-2026 20:19:16 UTC] [Chilexpress][obtener_regiones] El archivo local de regiones es reciente, no es necesario actualizar
[20-Aug-2026 20:19:17 UTC] [Chilexpress][obtener_regiones] Archivo de regiones existe: C:\Users\HP\Desktop\wirdscrepss\wordpress\wp-content\plugins\chilexpress-oficial/includes/data/regiones/regiones.json
[20-Aug-2026 20:19:17 UTC] [Chilexpress][obtener_regiones] Datos decodificados con exito, fecha del archivo: 2026-08-20 17:53:39
[20-Aug-2026 20:19:17 UTC] [Chilexpress][obtener_regiones] El archivo local de regiones es reciente, no es necesario actualizar
[20-Aug-2026 20:19:17 UTC] [Chilexpress][obtener_regiones] Archivo de regiones existe: C:\Users\HP\Desktop\wirdscrepss\wordpress\wp-content\plugins\chilexpress-oficial/includes/data/regiones/regiones.json
[20-Aug-2026 20:19:17 UTC] [Chilexpress][obtener_regiones] Datos decodificados con exito, fecha del archivo: 2026-08-20 17:53:39
[20-Aug-2026 20:19:17 UTC] [Chilexpress][obtener_regiones] El archivo local de regiones es reciente, no es necesario actualizar
[20-Aug-2026 20:19:18 UTC] [Chilexpress][obtener_regiones] Archivo de regiones existe: C:\Users\HP\Desktop\wirdscrepss\wordpress\wp-content\plugins\chilexpress-oficial/includes/data/regiones/regiones.json
[20-Aug-2026 20:19:18 UTC] [Chilexpress][obtener_regiones] Datos decodificados con exito, fecha del archivo: 2026-08-20 17:53:39
[20-Aug-2026 20:19:18 UTC] [Chilexpress][obtener_regiones] El archivo local de regiones es reciente, no es necesario actualizar
[20-Aug-2026 20:19:18 UTC] [Chilexpress][obtener_comunas] para la region: RM
[20-Aug-2026 20:19:18 UTC] [Chilexpress][obtener_comunas] Busco comunas en el archivo local: C:\Users\HP\Desktop\wirdscrepss\wordpress\wp-content\plugins\chilexpress-oficial/includes/data/comunas/RM.json
[20-Aug-2026 20:19:18 UTC] [Chilexpress][obtener_comunas] El archivo local existe !
[20-Aug-2026 20:19:18 UTC] [Chilexpress][obtener_comunas] Datos decodificados con exito, fecha del archivo: 2026-08-20 17:53:27
[20-Aug-2026 20:19:18 UTC] [Chilexpress][obtener_comunas] El archivo local es reciente, no es necesario actualizar
[20-Aug-2026 20:19:19 UTC] [Chilexpress][obtener_regiones] Archivo de regiones existe: C:\Users\HP\Desktop\wirdscrepss\wordpress\wp-content\plugins\chilexpress-oficial/includes/data/regiones/regiones.json
[20-Aug-2026 20:19:19 UTC] [Chilexpress][obtener_regiones] Datos decodificados con exito, fecha del archivo: 2026-08-20 17:53:39
[20-Aug-2026 20:19:19 UTC] [Chilexpress][obtener_regiones] El archivo local de regiones es reciente, no es necesario actualizar
[20-Aug-2026 20:19:19 UTC] [Chilexpress][obtener_comunas] para la region: RM
[20-Aug-2026 20:19:19 UTC] [Chilexpress][obtener_comunas] Busco comunas en el archivo local: C:\Users\HP\Desktop\wirdscrepss\wordpress\wp-content\plugins\chilexpress-oficial/includes/data/comunas/RM.json
[20-Aug-2026 20:19:19 UTC] [Chilexpress][obtener_comunas] El archivo local existe !
[20-Aug-2026 20:19:19 UTC] [Chilexpress][obtener_comunas] Datos decodificados con exito, fecha del archivo: 2026-08-20 17:53:27
[20-Aug-2026 20:19:19 UTC] [Chilexpress][obtener_comunas] El archivo local es reciente, no es necesario actualizar
[20-Aug-2026 20:19:23 UTC] [Chilexpress][obtener_regiones] Archivo de regiones existe: C:\Users\HP\Desktop\wirdscrepss\wordpress\wp-content\plugins\chilexpress-oficial/includes/data/regiones/regiones.json
[20-Aug-2026 20:19:23 UTC] [Chilexpress][obtener_regiones] Datos decodificados con exito, fecha del archivo: 2026-08-20 17:53:39
[20-Aug-2026 20:19:23 UTC] [Chilexpress][obtener_regiones] El archivo local de regiones es reciente, no es necesario actualizar
[20-Aug-2026 20:19:25 UTC] [Chilexpress][obtener_regiones] Archivo de regiones existe: C:\Users\HP\Desktop\wirdscrepss\wordpress\wp-content\plugins\chilexpress-oficial/includes/data/regiones/regiones.json
[20-Aug-2026 20:19:25 UTC] [Chilexpress][obtener_regiones] Datos decodificados con exito, fecha del archivo: 2026-08-20 17:53:39
[20-Aug-2026 20:19:25 UTC] [Chilexpress][obtener_regiones] El archivo local de regiones es reciente, no es necesario actualizar
[20-Aug-2026 20:19:25 UTC] [Chilexpress][obtener_comunas] para la region: RM
[20-Aug-2026 20:19:25 UTC] [Chilexpress][obtener_comunas] Busco comunas en el archivo local: C:\Users\HP\Desktop\wirdscrepss\wordpress\wp-content\plugins\chilexpress-oficial/includes/data/comunas/RM.json
[20-Aug-2026 20:19:25 UTC] [Chilexpress][obtener_comunas] El archivo local existe !
[20-Aug-2026 20:19:25 UTC] [Chilexpress][obtener_comunas] Datos decodificados con exito, fecha del archivo: 2026-08-20 17:53:27
[20-Aug-2026 20:19:25 UTC] [Chilexpress][obtener_comunas] El archivo local es reciente, no es necesario actualizar
[20-Aug-2026 20:19:26 UTC] [Chilexpress][obtener_regiones] Archivo de regiones existe: C:\Users\HP\Desktop\wirdscrepss\wordpress\wp-content\plugins\chilexpress-oficial/includes/data/regiones/regiones.json
[20-Aug-2026 20:19:26 UTC] [Chilexpress][obtener_regiones] Datos decodificados con exito, fecha del archivo: 2026-08-20 17:53:39
[20-Aug-2026 20:19:26 UTC] [Chilexpress][obtener_regiones] El archivo local de regiones es reciente, no es necesario actualizar
[20-Aug-2026 20:19:26 UTC] [Chilexpress][obtener_comunas] para la region: RM
[20-Aug-2026 20:19:26 UTC] [Chilexpress][obtener_comunas] Busco comunas en el archivo local: C:\Users\HP\Desktop\wirdscrepss\wordpress\wp-content\plugins\chilexpress-oficial/includes/data/comunas/RM.json
[20-Aug-2026 20:19:26 UTC] [Chilexpress][obtener_comunas] El archivo local existe !
[20-Aug-2026 20:19:26 UTC] [Chilexpress][obtener_comunas] Datos decodificados con exito, fecha del archivo: 2026-08-20 17:53:27
[20-Aug-2026 20:19:26 UTC] [Chilexpress][obtener_comunas] El archivo local es reciente, no es necesario actualizar
[20-Aug-2026 20:19:27 UTC] [Chilexpress][obtener_regiones] Archivo de regiones existe: C:\Users\HP\Desktop\wirdscrepss\wordpress\wp-content\plugins\chilexpress-oficial/includes/data/regiones/regiones.json
[20-Aug-2026 20:19:27 UTC] [Chilexpress][obtener_regiones] Datos decodificados con exito, fecha del archivo: 2026-08-20 17:53:39
[20-Aug-2026 20:19:27 UTC] [Chilexpress][obtener_regiones] El archivo local de regiones es reciente, no es necesario actualizar
[20-Aug-2026 20:19:30 UTC] [Chilexpress][obtener_regiones] Archivo de regiones existe: C:\Users\HP\Desktop\wirdscrepss\wordpress\wp-content\plugins\chilexpress-oficial/includes/data/regiones/regiones.json
[20-Aug-2026 20:19:30 UTC] [Chilexpress][obtener_regiones] Datos decodificados con exito, fecha del archivo: 2026-08-20 17:53:39
[20-Aug-2026 20:19:30 UTC] [Chilexpress][obtener_regiones] El archivo local de regiones es reciente, no es necesario actualizar
[20-Aug-2026 20:19:30 UTC] [Chilexpress][obtener_comunas] para la region: R1
[20-Aug-2026 20:19:30 UTC] [Chilexpress][obtener_comunas] Busco comunas en el archivo local: C:\Users\HP\Desktop\wirdscrepss\wordpress\wp-content\plugins\chilexpress-oficial/includes/data/comunas/R1.json
[20-Aug-2026 20:19:30 UTC] [Chilexpress][obtener_comunas] El archivo local existe !
[20-Aug-2026 20:19:30 UTC] [Chilexpress][obtener_comunas] Datos decodificados con exito, fecha del archivo: 2026-08-20 20:06:19
[20-Aug-2026 20:19:30 UTC] [Chilexpress][obtener_comunas] El archivo local es reciente, no es necesario actualizar
[20-Aug-2026 20:19:30 UTC] The wc_enqueue_js function is deprecated since version 10.4.0. Replace with wp_add_inline_script.
[20-Aug-2026 20:19:30 UTC] [Chilexpress][obtener_comunas] para la region: RM
[20-Aug-2026 20:19:30 UTC] [Chilexpress][obtener_comunas] Busco comunas en el archivo local: C:\Users\HP\Desktop\wirdscrepss\wordpress\wp-content\plugins\chilexpress-oficial/includes/data/comunas/RM.json
[20-Aug-2026 20:19:30 UTC] [Chilexpress][obtener_comunas] El archivo local existe !
[20-Aug-2026 20:19:30 UTC] [Chilexpress][obtener_comunas] Datos decodificados con exito, fecha del archivo: 2026-08-20 17:53:27
[20-Aug-2026 20:19:30 UTC] [Chilexpress][obtener_comunas] El archivo local es reciente, no es necesario actualizar
[20-Aug-2026 20:19:30 UTC] [Chilexpress][obtener_comunas] para la region: RM
[20-Aug-2026 20:19:30 UTC] [Chilexpress][obtener_comunas] Busco comunas en el archivo local: C:\Users\HP\Desktop\wirdscrepss\wordpress\wp-content\plugins\chilexpress-oficial/includes/data/comunas/RM.json
[20-Aug-2026 20:19:30 UTC] [Chilexpress][obtener_comunas] El archivo local existe !
[20-Aug-2026 20:19:30 UTC] [Chilexpress][obtener_comunas] Datos decodificados con exito, fecha del archivo: 2026-08-20 17:53:27
[20-Aug-2026 20:19:30 UTC] [Chilexpress][obtener_comunas] El archivo local es reciente, no es necesario actualizar
[20-Aug-2026 20:19:31 UTC] [CXP HTTP] POST https://qaservices.wschilexpress.com/rating/api/v1.0/rates/business → 200 body={"originCountyCode":"PROV","destinationCountyCode":"LARE","package":{"weight":12.9,"height":"30","width":"65","length":"70"},"productType":3,"contentType":1,"declaredWorth":239980,"deliveryTime":2,"customerCardNumber":"18578680"}
[20-Aug-2026 20:19:32 UTC] [CXP HTTP] POST https://qaservices.wschilexpress.com/rating/api/v1.0/rates/business → 200 body={"originCountyCode":"PROV","destinationCountyCode":"LARE","package":{"weight":12.9,"height":"30","width":"65","length":"70"},"productType":3,"contentType":1,"declaredWorth":239980,"deliveryTime":2,"customerCardNumber":"18578680"}
[20-Aug-2026 20:19:39 UTC] [Chilexpress][obtener_regiones] Archivo de regiones existe: C:\Users\HP\Desktop\wirdscrepss\wordpress\wp-content\plugins\chilexpress-oficial/includes/data/regiones/regiones.json
[20-Aug-2026 20:19:39 UTC] [Chilexpress][obtener_regiones] Datos decodificados con exito, fecha del archivo: 2026-08-20 17:53:39
[20-Aug-2026 20:19:39 UTC] [Chilexpress][obtener_regiones] El archivo local de regiones es reciente, no es necesario actualizar
[20-Aug-2026 20:19:39 UTC] [Chilexpress][obtener_comunas] para la region: R1
[20-Aug-2026 20:19:39 UTC] [Chilexpress][obtener_comunas] Busco comunas en el archivo local: C:\Users\HP\Desktop\wirdscrepss\wordpress\wp-content\plugins\chilexpress-oficial/includes/data/comunas/R1.json
[20-Aug-2026 20:19:39 UTC] [Chilexpress][obtener_comunas] El archivo local existe !
[20-Aug-2026 20:19:39 UTC] [Chilexpress][obtener_comunas] Datos decodificados con exito, fecha del archivo: 2026-08-20 20:06:19
[20-Aug-2026 20:19:39 UTC] [Chilexpress][obtener_comunas] El archivo local es reciente, no es necesario actualizar
[20-Aug-2026 20:19:39 UTC] PHP Deprecated:  La función !wc_enqueue_js está <strong>descontinuado</strong> desde la versión 10.4.0! Reemplázalo con wp_add_inline_script. in C:\Users\HP\Desktop\wirdscrepss\wordpress\wp-includes\functions.php on line 6170
[20-Aug-2026 20:19:39 UTC] [Chilexpress][obtener_comunas] para la region: RM
[20-Aug-2026 20:19:39 UTC] [Chilexpress][obtener_comunas] Busco comunas en el archivo local: C:\Users\HP\Desktop\wirdscrepss\wordpress\wp-content\plugins\chilexpress-oficial/includes/data/comunas/RM.json
[20-Aug-2026 20:19:39 UTC] [Chilexpress][obtener_comunas] El archivo local existe !
[20-Aug-2026 20:19:39 UTC] [Chilexpress][obtener_comunas] Datos decodificados con exito, fecha del archivo: 2026-08-20 17:53:27
[20-Aug-2026 20:19:39 UTC] [Chilexpress][obtener_comunas] El archivo local es reciente, no es necesario actualizar
[20-Aug-2026 20:19:39 UTC] [Chilexpress][obtener_comunas] para la region: RM
[20-Aug-2026 20:19:39 UTC] [Chilexpress][obtener_comunas] Busco comunas en el archivo local: C:\Users\HP\Desktop\wirdscrepss\wordpress\wp-content\plugins\chilexpress-oficial/includes/data/comunas/RM.json
[20-Aug-2026 20:19:39 UTC] [Chilexpress][obtener_comunas] El archivo local existe !
[20-Aug-2026 20:19:39 UTC] [Chilexpress][obtener_comunas] Datos decodificados con exito, fecha del archivo: 2026-08-20 17:53:27
[20-Aug-2026 20:19:39 UTC] [Chilexpress][obtener_comunas] El archivo local es reciente, no es necesario actualizar
[20-Aug-2026 20:19:40 UTC] [Chilexpress][obtener_regiones] Archivo de regiones existe: C:\Users\HP\Desktop\wirdscrepss\wordpress\wp-content\plugins\chilexpress-oficial/includes/data/regiones/regiones.json
[20-Aug-2026 20:19:40 UTC] [Chilexpress][obtener_regiones] Datos decodificados con exito, fecha del archivo: 2026-08-20 17:53:39
[20-Aug-2026 20:19:40 UTC] [Chilexpress][obtener_regiones] El archivo local de regiones es reciente, no es necesario actualizar
[20-Aug-2026 20:19:40 UTC] [Chilexpress][obtener_comunas] para la region: R1
[20-Aug-2026 20:19:40 UTC] [Chilexpress][obtener_comunas] Busco comunas en el archivo local: C:\Users\HP\Desktop\wirdscrepss\wordpress\wp-content\plugins\chilexpress-oficial/includes/data/comunas/R1.json
[20-Aug-2026 20:19:40 UTC] [Chilexpress][obtener_comunas] El archivo local existe !
[20-Aug-2026 20:19:40 UTC] [Chilexpress][obtener_comunas] Datos decodificados con exito, fecha del archivo: 2026-08-20 20:06:19
[20-Aug-2026 20:19:40 UTC] [Chilexpress][obtener_comunas] El archivo local es reciente, no es necesario actualizar
[20-Aug-2026 20:19:40 UTC] PHP Deprecated:  La función !wc_enqueue_js está <strong>descontinuado</strong> desde la versión 10.4.0! Reemplázalo con wp_add_inline_script. in C:\Users\HP\Desktop\wirdscrepss\wordpress\wp-includes\functions.php on line 6170
[20-Aug-2026 20:19:40 UTC] [Chilexpress][obtener_comunas] para la region: RM
[20-Aug-2026 20:19:40 UTC] [Chilexpress][obtener_comunas] Busco comunas en el archivo local: C:\Users\HP\Desktop\wirdscrepss\wordpress\wp-content\plugins\chilexpress-oficial/includes/data/comunas/RM.json
[20-Aug-2026 20:19:40 UTC] [Chilexpress][obtener_comunas] El archivo local existe !
[20-Aug-2026 20:19:40 UTC] [Chilexpress][obtener_comunas] Datos decodificados con exito, fecha del archivo: 2026-08-20 17:53:27
[20-Aug-2026 20:19:40 UTC] [Chilexpress][obtener_comunas] El archivo local es reciente, no es necesario actualizar
[20-Aug-2026 20:19:40 UTC] [Chilexpress][obtener_comunas] para la region: RM
[20-Aug-2026 20:19:40 UTC] [Chilexpress][obtener_comunas] Busco comunas en el archivo local: C:\Users\HP\Desktop\wirdscrepss\wordpress\wp-content\plugins\chilexpress-oficial/includes/data/comunas/RM.json
[20-Aug-2026 20:19:40 UTC] [Chilexpress][obtener_comunas] El archivo local existe !
[20-Aug-2026 20:19:40 UTC] [Chilexpress][obtener_comunas] Datos decodificados con exito, fecha del archivo: 2026-08-20 17:53:27
[20-Aug-2026 20:19:40 UTC] [Chilexpress][obtener_comunas] El archivo local es reciente, no es necesario actualizar
[20-Aug-2026 20:19:41 UTC] [Chilexpress][obtener_regiones] Archivo de regiones existe: C:\Users\HP\Desktop\wirdscrepss\wordpress\wp-content\plugins\chilexpress-oficial/includes/data/regiones/regiones.json
[20-Aug-2026 20:19:41 UTC] [Chilexpress][obtener_regiones] Datos decodificados con exito, fecha del archivo: 2026-08-20 17:53:39
[20-Aug-2026 20:19:41 UTC] [Chilexpress][obtener_regiones] El archivo local de regiones es reciente, no es necesario actualizar
[20-Aug-2026 20:19:41 UTC] [Chilexpress][obtener_comunas] para la region: R1
[20-Aug-2026 20:19:41 UTC] [Chilexpress][obtener_comunas] Busco comunas en el archivo local: C:\Users\HP\Desktop\wirdscrepss\wordpress\wp-content\plugins\chilexpress-oficial/includes/data/comunas/R1.json
[20-Aug-2026 20:19:41 UTC] [Chilexpress][obtener_comunas] El archivo local existe !
[20-Aug-2026 20:19:41 UTC] [Chilexpress][obtener_comunas] Datos decodificados con exito, fecha del archivo: 2026-08-20 20:06:19
[20-Aug-2026 20:19:41 UTC] [Chilexpress][obtener_comunas] El archivo local es reciente, no es necesario actualizar
[20-Aug-2026 20:19:41 UTC] PHP Deprecated:  La función !wc_enqueue_js está <strong>descontinuado</strong> desde la versión 10.4.0! Reemplázalo con wp_add_inline_script. in C:\Users\HP\Desktop\wirdscrepss\wordpress\wp-includes\functions.php on line 6170
[20-Aug-2026 20:19:41 UTC] [Chilexpress][obtener_comunas] para la region: RM
[20-Aug-2026 20:19:41 UTC] [Chilexpress][obtener_comunas] Busco comunas en el archivo local: C:\Users\HP\Desktop\wirdscrepss\wordpress\wp-content\plugins\chilexpress-oficial/includes/data/comunas/RM.json
[20-Aug-2026 20:19:41 UTC] [Chilexpress][obtener_comunas] El archivo local existe !
[20-Aug-2026 20:19:41 UTC] [Chilexpress][obtener_comunas] Datos decodificados con exito, fecha del archivo: 2026-08-20 17:53:27
[20-Aug-2026 20:19:41 UTC] [Chilexpress][obtener_comunas] El archivo local es reciente, no es necesario actualizar
[20-Aug-2026 20:19:41 UTC] [Chilexpress][obtener_comunas] para la region: RM
[20-Aug-2026 20:19:41 UTC] [Chilexpress][obtener_comunas] Busco comunas en el archivo local: C:\Users\HP\Desktop\wirdscrepss\wordpress\wp-content\plugins\chilexpress-oficial/includes/data/comunas/RM.json
[20-Aug-2026 20:19:41 UTC] [Chilexpress][obtener_comunas] El archivo local existe !
[20-Aug-2026 20:19:41 UTC] [Chilexpress][obtener_comunas] Datos decodificados con exito, fecha del archivo: 2026-08-20 17:53:27
[20-Aug-2026 20:19:41 UTC] [Chilexpress][obtener_comunas] El archivo local es reciente, no es necesario actualizar
[20-Aug-2026 20:19:42 UTC] [Chilexpress][obtener_regiones] Archivo de regiones existe: C:\Users\HP\Desktop\wirdscrepss\wordpress\wp-content\plugins\chilexpress-oficial/includes/data/regiones/regiones.json
[20-Aug-2026 20:19:42 UTC] [Chilexpress][obtener_regiones] Datos decodificados con exito, fecha del archivo: 2026-08-20 17:53:39
[20-Aug-2026 20:19:42 UTC] [Chilexpress][obtener_regiones] El archivo local de regiones es reciente, no es necesario actualizar
[20-Aug-2026 20:19:42 UTC] [Chilexpress][obtener_comunas] para la region: R1
[20-Aug-2026 20:19:42 UTC] [Chilexpress][obtener_comunas] Busco comunas en el archivo local: C:\Users\HP\Desktop\wirdscrepss\wordpress\wp-content\plugins\chilexpress-oficial/includes/data/comunas/R1.json
[20-Aug-2026 20:19:42 UTC] [Chilexpress][obtener_comunas] El archivo local existe !
[20-Aug-2026 20:19:42 UTC] [Chilexpress][obtener_comunas] Datos decodificados con exito, fecha del archivo: 2026-08-20 20:06:19
[20-Aug-2026 20:19:42 UTC] [Chilexpress][obtener_comunas] El archivo local es reciente, no es necesario actualizar
[20-Aug-2026 20:19:42 UTC] PHP Deprecated:  La función !wc_enqueue_js está <strong>descontinuado</strong> desde la versión 10.4.0! Reemplázalo con wp_add_inline_script. in C:\Users\HP\Desktop\wirdscrepss\wordpress\wp-includes\functions.php on line 6170
[20-Aug-2026 20:19:42 UTC] [Chilexpress][obtener_comunas] para la region: RM
[20-Aug-2026 20:19:42 UTC] [Chilexpress][obtener_comunas] Busco comunas en el archivo local: C:\Users\HP\Desktop\wirdscrepss\wordpress\wp-content\plugins\chilexpress-oficial/includes/data/comunas/RM.json
[20-Aug-2026 20:19:42 UTC] [Chilexpress][obtener_comunas] El archivo local existe !
[20-Aug-2026 20:19:42 UTC] [Chilexpress][obtener_comunas] Datos decodificados con exito, fecha del archivo: 2026-08-20 17:53:27
[20-Aug-2026 20:19:42 UTC] [Chilexpress][obtener_comunas] El archivo local es reciente, no es necesario actualizar
[20-Aug-2026 20:19:42 UTC] [Chilexpress][obtener_comunas] para la region: RM
[20-Aug-2026 20:19:42 UTC] [Chilexpress][obtener_comunas] Busco comunas en el archivo local: C:\Users\HP\Desktop\wirdscrepss\wordpress\wp-content\plugins\chilexpress-oficial/includes/data/comunas/RM.json
[20-Aug-2026 20:19:42 UTC] [Chilexpress][obtener_comunas] El archivo local existe !
[20-Aug-2026 20:19:42 UTC] [Chilexpress][obtener_comunas] Datos decodificados con exito, fecha del archivo: 2026-08-20 17:53:27
[20-Aug-2026 20:19:42 UTC] [Chilexpress][obtener_comunas] El archivo local es reciente, no es necesario actualizar
[20-Aug-2026 20:19:44 UTC] [Chilexpress][obtener_regiones] Archivo de regiones existe: C:\Users\HP\Desktop\wirdscrepss\wordpress\wp-content\plugins\chilexpress-oficial/includes/data/regiones/regiones.json
[20-Aug-2026 20:19:44 UTC] [Chilexpress][obtener_regiones] Datos decodificados con exito, fecha del archivo: 2026-08-20 17:53:39
[20-Aug-2026 20:19:44 UTC] [Chilexpress][obtener_regiones] El archivo local de regiones es reciente, no es necesario actualizar
[20-Aug-2026 20:19:44 UTC] [Chilexpress][obtener_comunas] para la region: RM
[20-Aug-2026 20:19:44 UTC] [Chilexpress][obtener_comunas] Busco comunas en el archivo local: C:\Users\HP\Desktop\wirdscrepss\wordpress\wp-content\plugins\chilexpress-oficial/includes/data/comunas/RM.json
[20-Aug-2026 20:19:44 UTC] [Chilexpress][obtener_comunas] El archivo local existe !
[20-Aug-2026 20:19:44 UTC] [Chilexpress][obtener_comunas] Datos decodificados con exito, fecha del archivo: 2026-08-20 17:53:27
[20-Aug-2026 20:19:44 UTC] [Chilexpress][obtener_comunas] El archivo local es reciente, no es necesario actualizar
[20-Aug-2026 20:19:45 UTC] [Chilexpress][obtener_regiones] Archivo de regiones existe: C:\Users\HP\Desktop\wirdscrepss\wordpress\wp-content\plugins\chilexpress-oficial/includes/data/regiones/regiones.json
[20-Aug-2026 20:19:45 UTC] [Chilexpress][obtener_regiones] Datos decodificados con exito, fecha del archivo: 2026-08-20 17:53:39
[20-Aug-2026 20:19:45 UTC] [Chilexpress][obtener_regiones] El archivo local de regiones es reciente, no es necesario actualizar
[20-Aug-2026 20:19:45 UTC] [Chilexpress][obtener_comunas] para la region: RM
[20-Aug-2026 20:19:45 UTC] [Chilexpress][obtener_comunas] Busco comunas en el archivo local: C:\Users\HP\Desktop\wirdscrepss\wordpress\wp-content\plugins\chilexpress-oficial/includes/data/comunas/RM.json
[20-Aug-2026 20:19:45 UTC] [Chilexpress][obtener_comunas] El archivo local existe !
[20-Aug-2026 20:19:45 UTC] [Chilexpress][obtener_comunas] Datos decodificados con exito, fecha del archivo: 2026-08-20 17:53:27
[20-Aug-2026 20:19:45 UTC] [Chilexpress][obtener_comunas] El archivo local es reciente, no es necesario actualizar
[20-Aug-2026 20:19:46 UTC] [Chilexpress][obtener_regiones] Archivo de regiones existe: C:\Users\HP\Desktop\wirdscrepss\wordpress\wp-content\plugins\chilexpress-oficial/includes/data/regiones/regiones.json
[20-Aug-2026 20:19:46 UTC] [Chilexpress][obtener_regiones] Datos decodificados con exito, fecha del archivo: 2026-08-20 17:53:39
[20-Aug-2026 20:19:46 UTC] [Chilexpress][obtener_regiones] El archivo local de regiones es reciente, no es necesario actualizar
[20-Aug-2026 20:19:46 UTC] [Chilexpress][obtener_comunas] para la region: RM
[20-Aug-2026 20:19:46 UTC] [Chilexpress][obtener_comunas] Busco comunas en el archivo local: C:\Users\HP\Desktop\wirdscrepss\wordpress\wp-content\plugins\chilexpress-oficial/includes/data/comunas/RM.json
[20-Aug-2026 20:19:46 UTC] [Chilexpress][obtener_comunas] El archivo local existe !
[20-Aug-2026 20:19:46 UTC] [Chilexpress][obtener_comunas] Datos decodificados con exito, fecha del archivo: 2026-08-20 17:53:27
[20-Aug-2026 20:19:46 UTC] [Chilexpress][obtener_comunas] El archivo local es reciente, no es necesario actualizar
[20-Aug-2026 20:19:47 UTC] [Chilexpress][obtener_regiones] Archivo de regiones existe: C:\Users\HP\Desktop\wirdscrepss\wordpress\wp-content\plugins\chilexpress-oficial/includes/data/regiones/regiones.json
[20-Aug-2026 20:19:47 UTC] [Chilexpress][obtener_regiones] Datos decodificados con exito, fecha del archivo: 2026-08-20 17:53:39
[20-Aug-2026 20:19:47 UTC] [Chilexpress][obtener_regiones] El archivo local de regiones es reciente, no es necesario actualizar
[20-Aug-2026 20:19:48 UTC] [Chilexpress][obtener_comunas] para la region: RM
[20-Aug-2026 20:19:48 UTC] [Chilexpress][obtener_comunas] Busco comunas en el archivo local: C:\Users\HP\Desktop\wirdscrepss\wordpress\wp-content\plugins\chilexpress-oficial/includes/data/comunas/RM.json
[20-Aug-2026 20:19:48 UTC] [Chilexpress][obtener_comunas] El archivo local existe !
[20-Aug-2026 20:19:48 UTC] [Chilexpress][obtener_comunas] Datos decodificados con exito, fecha del archivo: 2026-08-20 17:53:27
[20-Aug-2026 20:19:48 UTC] [Chilexpress][obtener_comunas] El archivo local es reciente, no es necesario actualizar
[20-Aug-2026 20:19:52 UTC] [Chilexpress][obtener_regiones] Archivo de regiones existe: C:\Users\HP\Desktop\wirdscrepss\wordpress\wp-content\plugins\chilexpress-oficial/includes/data/regiones/regiones.json
[20-Aug-2026 20:19:52 UTC] [Chilexpress][obtener_regiones] Datos decodificados con exito, fecha del archivo: 2026-08-20 17:53:39
[20-Aug-2026 20:19:52 UTC] [Chilexpress][obtener_regiones] El archivo local de regiones es reciente, no es necesario actualizar
[20-Aug-2026 20:19:52 UTC] [Chilexpress][obtener_comunas] para la region: R1
[20-Aug-2026 20:19:52 UTC] [Chilexpress][obtener_comunas] Busco comunas en el archivo local: C:\Users\HP\Desktop\wirdscrepss\wordpress\wp-content\plugins\chilexpress-oficial/includes/data/comunas/R1.json
[20-Aug-2026 20:19:52 UTC] [Chilexpress][obtener_comunas] El archivo local existe !
[20-Aug-2026 20:19:52 UTC] [Chilexpress][obtener_comunas] Datos decodificados con exito, fecha del archivo: 2026-08-20 20:06:19
[20-Aug-2026 20:19:52 UTC] [Chilexpress][obtener_comunas] El archivo local es reciente, no es necesario actualizar
[20-Aug-2026 20:19:52 UTC] PHP Deprecated:  La función !wc_enqueue_js está <strong>descontinuado</strong> desde la versión 10.4.0! Reemplázalo con wp_add_inline_script. in C:\Users\HP\Desktop\wirdscrepss\wordpress\wp-includes\functions.php on line 6170
[20-Aug-2026 20:19:52 UTC] [Chilexpress][obtener_comunas] para la region: RM
[20-Aug-2026 20:19:52 UTC] [Chilexpress][obtener_comunas] Busco comunas en el archivo local: C:\Users\HP\Desktop\wirdscrepss\wordpress\wp-content\plugins\chilexpress-oficial/includes/data/comunas/RM.json
[20-Aug-2026 20:19:52 UTC] [Chilexpress][obtener_comunas] El archivo local existe !
[20-Aug-2026 20:19:52 UTC] [Chilexpress][obtener_comunas] Datos decodificados con exito, fecha del archivo: 2026-08-20 17:53:27
[20-Aug-2026 20:19:52 UTC] [Chilexpress][obtener_comunas] El archivo local es reciente, no es necesario actualizar
[20-Aug-2026 20:19:52 UTC] [Chilexpress][obtener_comunas] para la region: RM
[20-Aug-2026 20:19:52 UTC] [Chilexpress][obtener_comunas] Busco comunas en el archivo local: C:\Users\HP\Desktop\wirdscrepss\wordpress\wp-content\plugins\chilexpress-oficial/includes/data/comunas/RM.json
[20-Aug-2026 20:19:52 UTC] [Chilexpress][obtener_comunas] El archivo local existe !
[20-Aug-2026 20:19:52 UTC] [Chilexpress][obtener_comunas] Datos decodificados con exito, fecha del archivo: 2026-08-20 17:53:27
[20-Aug-2026 20:19:52 UTC] [Chilexpress][obtener_comunas] El archivo local es reciente, no es necesario actualizar
[20-Aug-2026 20:19:53 UTC] [Chilexpress][obtener_regiones] Archivo de regiones existe: C:\Users\HP\Desktop\wirdscrepss\wordpress\wp-content\plugins\chilexpress-oficial/includes/data/regiones/regiones.json
[20-Aug-2026 20:19:53 UTC] [Chilexpress][obtener_regiones] Datos decodificados con exito, fecha del archivo: 2026-08-20 17:53:39
[20-Aug-2026 20:19:53 UTC] [Chilexpress][obtener_regiones] El archivo local de regiones es reciente, no es necesario actualizar
[20-Aug-2026 20:19:54 UTC] [Chilexpress][obtener_comunas] para la region: RM
[20-Aug-2026 20:19:54 UTC] [Chilexpress][obtener_comunas] Busco comunas en el archivo local: C:\Users\HP\Desktop\wirdscrepss\wordpress\wp-content\plugins\chilexpress-oficial/includes/data/comunas/RM.json
[20-Aug-2026 20:19:54 UTC] [Chilexpress][obtener_comunas] El archivo local existe !
[20-Aug-2026 20:19:54 UTC] [Chilexpress][obtener_comunas] Datos decodificados con exito, fecha del archivo: 2026-08-20 17:53:27
[20-Aug-2026 20:19:54 UTC] [Chilexpress][obtener_comunas] El archivo local es reciente, no es necesario actualizar
[20-Aug-2026 20:19:54 UTC] [Chilexpress][obtener_regiones] Archivo de regiones existe: C:\Users\HP\Desktop\wirdscrepss\wordpress\wp-content\plugins\chilexpress-oficial/includes/data/regiones/regiones.json
[20-Aug-2026 20:19:54 UTC] [Chilexpress][obtener_regiones] Datos decodificados con exito, fecha del archivo: 2026-08-20 17:53:39
[20-Aug-2026 20:19:54 UTC] [Chilexpress][obtener_regiones] El archivo local de regiones es reciente, no es necesario actualizar
[20-Aug-2026 20:19:55 UTC] [Chilexpress][obtener_comunas] para la region: RM
[20-Aug-2026 20:19:55 UTC] [Chilexpress][obtener_comunas] Busco comunas en el archivo local: C:\Users\HP\Desktop\wirdscrepss\wordpress\wp-content\plugins\chilexpress-oficial/includes/data/comunas/RM.json
[20-Aug-2026 20:19:55 UTC] [Chilexpress][obtener_comunas] El archivo local existe !
[20-Aug-2026 20:19:55 UTC] [Chilexpress][obtener_comunas] Datos decodificados con exito, fecha del archivo: 2026-08-20 17:53:27
[20-Aug-2026 20:19:55 UTC] [Chilexpress][obtener_comunas] El archivo local es reciente, no es necesario actualizar
[20-Aug-2026 20:19:56 UTC] [Chilexpress][obtener_regiones] Archivo de regiones existe: C:\Users\HP\Desktop\wirdscrepss\wordpress\wp-content\plugins\chilexpress-oficial/includes/data/regiones/regiones.json
[20-Aug-2026 20:19:56 UTC] [Chilexpress][obtener_regiones] Datos decodificados con exito, fecha del archivo: 2026-08-20 17:53:39
[20-Aug-2026 20:19:56 UTC] [Chilexpress][obtener_regiones] El archivo local de regiones es reciente, no es necesario actualizar
[20-Aug-2026 20:19:56 UTC] [Chilexpress][obtener_comunas] para la region: R1
[20-Aug-2026 20:19:56 UTC] [Chilexpress][obtener_comunas] Busco comunas en el archivo local: C:\Users\HP\Desktop\wirdscrepss\wordpress\wp-content\plugins\chilexpress-oficial/includes/data/comunas/R1.json
[20-Aug-2026 20:19:56 UTC] [Chilexpress][obtener_comunas] El archivo local existe !
[20-Aug-2026 20:19:56 UTC] [Chilexpress][obtener_comunas] Datos decodificados con exito, fecha del archivo: 2026-08-20 20:06:19
[20-Aug-2026 20:19:56 UTC] [Chilexpress][obtener_comunas] El archivo local es reciente, no es necesario actualizar
[20-Aug-2026 20:19:56 UTC] The wc_enqueue_js function is deprecated since version 10.4.0. Replace with wp_add_inline_script.
[20-Aug-2026 20:19:56 UTC] [Chilexpress][obtener_comunas] para la region: RM
[20-Aug-2026 20:19:56 UTC] [Chilexpress][obtener_comunas] Busco comunas en el archivo local: C:\Users\HP\Desktop\wirdscrepss\wordpress\wp-content\plugins\chilexpress-oficial/includes/data/comunas/RM.json
[20-Aug-2026 20:19:56 UTC] [Chilexpress][obtener_comunas] El archivo local existe !
[20-Aug-2026 20:19:56 UTC] [Chilexpress][obtener_comunas] Datos decodificados con exito, fecha del archivo: 2026-08-20 17:53:27
[20-Aug-2026 20:19:56 UTC] [Chilexpress][obtener_comunas] El archivo local es reciente, no es necesario actualizar
[20-Aug-2026 20:19:56 UTC] [Chilexpress][obtener_comunas] para la region: RM
[20-Aug-2026 20:19:56 UTC] [Chilexpress][obtener_comunas] Busco comunas en el archivo local: C:\Users\HP\Desktop\wirdscrepss\wordpress\wp-content\plugins\chilexpress-oficial/includes/data/comunas/RM.json
[20-Aug-2026 20:19:56 UTC] [Chilexpress][obtener_comunas] El archivo local existe !
[20-Aug-2026 20:19:56 UTC] [Chilexpress][obtener_comunas] Datos decodificados con exito, fecha del archivo: 2026-08-20 17:53:27
[20-Aug-2026 20:19:56 UTC] [Chilexpress][obtener_comunas] El archivo local es reciente, no es necesario actualizar
[20-Aug-2026 20:19:57 UTC] [Chilexpress][obtener_regiones] Archivo de regiones existe: C:\Users\HP\Desktop\wirdscrepss\wordpress\wp-content\plugins\chilexpress-oficial/includes/data/regiones/regiones.json
[20-Aug-2026 20:19:57 UTC] [Chilexpress][obtener_regiones] Datos decodificados con exito, fecha del archivo: 2026-08-20 17:53:39
[20-Aug-2026 20:19:57 UTC] [Chilexpress][obtener_regiones] El archivo local de regiones es reciente, no es necesario actualizar
[20-Aug-2026 20:19:57 UTC] [Chilexpress][obtener_comunas] para la region: RM
[20-Aug-2026 20:19:57 UTC] [Chilexpress][obtener_comunas] Busco comunas en el archivo local: C:\Users\HP\Desktop\wirdscrepss\wordpress\wp-content\plugins\chilexpress-oficial/includes/data/comunas/RM.json
[20-Aug-2026 20:19:57 UTC] [Chilexpress][obtener_comunas] El archivo local existe !
[20-Aug-2026 20:19:57 UTC] [Chilexpress][obtener_comunas] Datos decodificados con exito, fecha del archivo: 2026-08-20 17:53:27
[20-Aug-2026 20:19:57 UTC] [Chilexpress][obtener_comunas] El archivo local es reciente, no es necesario actualizar
[20-Aug-2026 20:19:58 UTC] [Chilexpress][obtener_regiones] Archivo de regiones existe: C:\Users\HP\Desktop\wirdscrepss\wordpress\wp-content\plugins\chilexpress-oficial/includes/data/regiones/regiones.json
[20-Aug-2026 20:19:58 UTC] [Chilexpress][obtener_regiones] Datos decodificados con exito, fecha del archivo: 2026-08-20 17:53:39
[20-Aug-2026 20:19:58 UTC] [Chilexpress][obtener_regiones] El archivo local de regiones es reciente, no es necesario actualizar
[20-Aug-2026 20:19:58 UTC] [Chilexpress][obtener_comunas] para la region: RM
[20-Aug-2026 20:19:58 UTC] [Chilexpress][obtener_comunas] Busco comunas en el archivo local: C:\Users\HP\Desktop\wirdscrepss\wordpress\wp-content\plugins\chilexpress-oficial/includes/data/comunas/RM.json
[20-Aug-2026 20:19:58 UTC] [Chilexpress][obtener_comunas] El archivo local existe !
[20-Aug-2026 20:19:58 UTC] [Chilexpress][obtener_comunas] Datos decodificados con exito, fecha del archivo: 2026-08-20 17:53:27
[20-Aug-2026 20:19:58 UTC] [Chilexpress][obtener_comunas] El archivo local es reciente, no es necesario actualizar
[20-Aug-2026 20:20:00 UTC] [Chilexpress][obtener_regiones] Archivo de regiones existe: C:\Users\HP\Desktop\wirdscrepss\wordpress\wp-content\plugins\chilexpress-oficial/includes/data/regiones/regiones.json
[20-Aug-2026 20:20:00 UTC] [Chilexpress][obtener_regiones] Datos decodificados con exito, fecha del archivo: 2026-08-20 17:53:39
[20-Aug-2026 20:20:00 UTC] [Chilexpress][obtener_regiones] El archivo local de regiones es reciente, no es necesario actualizar
[20-Aug-2026 20:20:00 UTC] [Chilexpress][obtener_comunas] para la region: R1
[20-Aug-2026 20:20:00 UTC] [Chilexpress][obtener_comunas] Busco comunas en el archivo local: C:\Users\HP\Desktop\wirdscrepss\wordpress\wp-content\plugins\chilexpress-oficial/includes/data/comunas/R1.json
[20-Aug-2026 20:20:00 UTC] [Chilexpress][obtener_comunas] El archivo local existe !
[20-Aug-2026 20:20:00 UTC] [Chilexpress][obtener_comunas] Datos decodificados con exito, fecha del archivo: 2026-08-20 20:06:19
[20-Aug-2026 20:20:00 UTC] [Chilexpress][obtener_comunas] El archivo local es reciente, no es necesario actualizar
[20-Aug-2026 20:20:00 UTC] The wc_enqueue_js function is deprecated since version 10.4.0. Replace with wp_add_inline_script.
[20-Aug-2026 20:20:00 UTC] [Chilexpress][obtener_comunas] para la region: RM
[20-Aug-2026 20:20:00 UTC] [Chilexpress][obtener_comunas] Busco comunas en el archivo local: C:\Users\HP\Desktop\wirdscrepss\wordpress\wp-content\plugins\chilexpress-oficial/includes/data/comunas/RM.json
[20-Aug-2026 20:20:00 UTC] [Chilexpress][obtener_comunas] El archivo local existe !
[20-Aug-2026 20:20:00 UTC] [Chilexpress][obtener_comunas] Datos decodificados con exito, fecha del archivo: 2026-08-20 17:53:27
[20-Aug-2026 20:20:00 UTC] [Chilexpress][obtener_comunas] El archivo local es reciente, no es necesario actualizar
[20-Aug-2026 20:20:00 UTC] [Chilexpress][obtener_comunas] para la region: RM
[20-Aug-2026 20:20:00 UTC] [Chilexpress][obtener_comunas] Busco comunas en el archivo local: C:\Users\HP\Desktop\wirdscrepss\wordpress\wp-content\plugins\chilexpress-oficial/includes/data/comunas/RM.json
[20-Aug-2026 20:20:00 UTC] [Chilexpress][obtener_comunas] El archivo local existe !
[20-Aug-2026 20:20:00 UTC] [Chilexpress][obtener_comunas] Datos decodificados con exito, fecha del archivo: 2026-08-20 17:53:27
[20-Aug-2026 20:20:00 UTC] [Chilexpress][obtener_comunas] El archivo local es reciente, no es necesario actualizar
[20-Aug-2026 20:20:01 UTC] [Chilexpress][obtener_regiones] Archivo de regiones existe: C:\Users\HP\Desktop\wirdscrepss\wordpress\wp-content\plugins\chilexpress-oficial/includes/data/regiones/regiones.json
[20-Aug-2026 20:20:01 UTC] [Chilexpress][obtener_regiones] Datos decodificados con exito, fecha del archivo: 2026-08-20 17:53:39
[20-Aug-2026 20:20:01 UTC] [Chilexpress][obtener_regiones] El archivo local de regiones es reciente, no es necesario actualizar
[20-Aug-2026 20:20:01 UTC] [Chilexpress][obtener_comunas] para la region: R1
[20-Aug-2026 20:20:01 UTC] [Chilexpress][obtener_comunas] Busco comunas en el archivo local: C:\Users\HP\Desktop\wirdscrepss\wordpress\wp-content\plugins\chilexpress-oficial/includes/data/comunas/R1.json
[20-Aug-2026 20:20:01 UTC] [Chilexpress][obtener_comunas] El archivo local existe !
[20-Aug-2026 20:20:01 UTC] [Chilexpress][obtener_comunas] Datos decodificados con exito, fecha del archivo: 2026-08-20 20:06:19
[20-Aug-2026 20:20:01 UTC] [Chilexpress][obtener_comunas] El archivo local es reciente, no es necesario actualizar
[20-Aug-2026 20:20:01 UTC] The wc_enqueue_js function is deprecated since version 10.4.0. Replace with wp_add_inline_script.
[20-Aug-2026 20:20:01 UTC] [Chilexpress][obtener_comunas] para la region: RM
[20-Aug-2026 20:20:01 UTC] [Chilexpress][obtener_comunas] Busco comunas en el archivo local: C:\Users\HP\Desktop\wirdscrepss\wordpress\wp-content\plugins\chilexpress-oficial/includes/data/comunas/RM.json
[20-Aug-2026 20:20:01 UTC] [Chilexpress][obtener_comunas] El archivo local existe !
[20-Aug-2026 20:20:01 UTC] [Chilexpress][obtener_comunas] Datos decodificados con exito, fecha del archivo: 2026-08-20 17:53:27
[20-Aug-2026 20:20:01 UTC] [Chilexpress][obtener_comunas] El archivo local es reciente, no es necesario actualizar
[20-Aug-2026 20:20:01 UTC] [Chilexpress][obtener_comunas] para la region: RM
[20-Aug-2026 20:20:01 UTC] [Chilexpress][obtener_comunas] Busco comunas en el archivo local: C:\Users\HP\Desktop\wirdscrepss\wordpress\wp-content\plugins\chilexpress-oficial/includes/data/comunas/RM.json
[20-Aug-2026 20:20:01 UTC] [Chilexpress][obtener_comunas] El archivo local existe !
[20-Aug-2026 20:20:01 UTC] [Chilexpress][obtener_comunas] Datos decodificados con exito, fecha del archivo: 2026-08-20 17:53:27
[20-Aug-2026 20:20:01 UTC] [Chilexpress][obtener_comunas] El archivo local es reciente, no es necesario actualizar
[20-Aug-2026 20:20:02 UTC] [Chilexpress][obtener_regiones] Archivo de regiones existe: C:\Users\HP\Desktop\wirdscrepss\wordpress\wp-content\plugins\chilexpress-oficial/includes/data/regiones/regiones.json
[20-Aug-2026 20:20:02 UTC] [Chilexpress][obtener_regiones] Datos decodificados con exito, fecha del archivo: 2026-08-20 17:53:39
[20-Aug-2026 20:20:02 UTC] [Chilexpress][obtener_regiones] El archivo local de regiones es reciente, no es necesario actualizar
[20-Aug-2026 20:20:02 UTC] [Chilexpress][obtener_comunas] para la region: R1
[20-Aug-2026 20:20:02 UTC] [Chilexpress][obtener_comunas] Busco comunas en el archivo local: C:\Users\HP\Desktop\wirdscrepss\wordpress\wp-content\plugins\chilexpress-oficial/includes/data/comunas/R1.json
[20-Aug-2026 20:20:02 UTC] [Chilexpress][obtener_comunas] El archivo local existe !
[20-Aug-2026 20:20:02 UTC] [Chilexpress][obtener_comunas] Datos decodificados con exito, fecha del archivo: 2026-08-20 20:06:19
[20-Aug-2026 20:20:02 UTC] [Chilexpress][obtener_comunas] El archivo local es reciente, no es necesario actualizar
[20-Aug-2026 20:20:02 UTC] The wc_enqueue_js function is deprecated since version 10.4.0. Replace with wp_add_inline_script.
[20-Aug-2026 20:20:02 UTC] [Chilexpress][obtener_comunas] para la region: RM
[20-Aug-2026 20:20:02 UTC] [Chilexpress][obtener_comunas] Busco comunas en el archivo local: C:\Users\HP\Desktop\wirdscrepss\wordpress\wp-content\plugins\chilexpress-oficial/includes/data/comunas/RM.json
[20-Aug-2026 20:20:02 UTC] [Chilexpress][obtener_comunas] El archivo local existe !
[20-Aug-2026 20:20:02 UTC] [Chilexpress][obtener_comunas] Datos decodificados con exito, fecha del archivo: 2026-08-20 17:53:27
[20-Aug-2026 20:20:02 UTC] [Chilexpress][obtener_comunas] El archivo local es reciente, no es necesario actualizar
[20-Aug-2026 20:20:02 UTC] [Chilexpress][obtener_comunas] para la region: RM
[20-Aug-2026 20:20:02 UTC] [Chilexpress][obtener_comunas] Busco comunas en el archivo local: C:\Users\HP\Desktop\wirdscrepss\wordpress\wp-content\plugins\chilexpress-oficial/includes/data/comunas/RM.json
[20-Aug-2026 20:20:02 UTC] [Chilexpress][obtener_comunas] El archivo local existe !
[20-Aug-2026 20:20:02 UTC] [Chilexpress][obtener_comunas] Datos decodificados con exito, fecha del archivo: 2026-08-20 17:53:27
[20-Aug-2026 20:20:02 UTC] [Chilexpress][obtener_comunas] El archivo local es reciente, no es necesario actualizar
[20-Aug-2026 20:20:03 UTC] [CXP HTTP] POST https://qaservices.wschilexpress.com/rating/api/v1.0/rates/business → 200 body={"originCountyCode":"PROV","destinationCountyCode":"ALHU","package":{"weight":12.9,"height":"30","width":"65","length":"70"},"productType":3,"contentType":1,"declaredWorth":239980,"deliveryTime":2,"customerCardNumber":"18578680"}
[20-Aug-2026 20:20:04 UTC] [CXP HTTP] POST https://qaservices.wschilexpress.com/rating/api/v1.0/rates/business → 200 body={"originCountyCode":"PROV","destinationCountyCode":"ALHU","package":{"weight":12.9,"height":"30","width":"65","length":"70"},"productType":3,"contentType":1,"declaredWorth":239980,"deliveryTime":2,"customerCardNumber":"18578680"}
[20-Aug-2026 20:20:05 UTC] [Chilexpress][obtener_regiones] Archivo de regiones existe: C:\Users\HP\Desktop\wirdscrepss\wordpress\wp-content\plugins\chilexpress-oficial/includes/data/regiones/regiones.json
[20-Aug-2026 20:20:05 UTC] [Chilexpress][obtener_regiones] Datos decodificados con exito, fecha del archivo: 2026-08-20 17:53:39
[20-Aug-2026 20:20:05 UTC] [Chilexpress][obtener_regiones] El archivo local de regiones es reciente, no es necesario actualizar
[20-Aug-2026 20:20:05 UTC] [Chilexpress][obtener_comunas] para la region: R1
[20-Aug-2026 20:20:05 UTC] [Chilexpress][obtener_comunas] Busco comunas en el archivo local: C:\Users\HP\Desktop\wirdscrepss\wordpress\wp-content\plugins\chilexpress-oficial/includes/data/comunas/R1.json
[20-Aug-2026 20:20:05 UTC] [Chilexpress][obtener_comunas] El archivo local existe !
[20-Aug-2026 20:20:05 UTC] [Chilexpress][obtener_comunas] Datos decodificados con exito, fecha del archivo: 2026-08-20 20:06:19
[20-Aug-2026 20:20:05 UTC] [Chilexpress][obtener_comunas] El archivo local es reciente, no es necesario actualizar
[20-Aug-2026 20:20:05 UTC] The wc_enqueue_js function is deprecated since version 10.4.0. Replace with wp_add_inline_script.
[20-Aug-2026 20:20:05 UTC] [Chilexpress][obtener_comunas] para la region: RM
[20-Aug-2026 20:20:05 UTC] [Chilexpress][obtener_comunas] Busco comunas en el archivo local: C:\Users\HP\Desktop\wirdscrepss\wordpress\wp-content\plugins\chilexpress-oficial/includes/data/comunas/RM.json
[20-Aug-2026 20:20:05 UTC] [Chilexpress][obtener_comunas] El archivo local existe !
[20-Aug-2026 20:20:05 UTC] [Chilexpress][obtener_comunas] Datos decodificados con exito, fecha del archivo: 2026-08-20 17:53:27
[20-Aug-2026 20:20:05 UTC] [Chilexpress][obtener_comunas] El archivo local es reciente, no es necesario actualizar
[20-Aug-2026 20:20:05 UTC] [Chilexpress][obtener_comunas] para la region: RM
[20-Aug-2026 20:20:05 UTC] [Chilexpress][obtener_comunas] Busco comunas en el archivo local: C:\Users\HP\Desktop\wirdscrepss\wordpress\wp-content\plugins\chilexpress-oficial/includes/data/comunas/RM.json
[20-Aug-2026 20:20:05 UTC] [Chilexpress][obtener_comunas] El archivo local existe !
[20-Aug-2026 20:20:05 UTC] [Chilexpress][obtener_comunas] Datos decodificados con exito, fecha del archivo: 2026-08-20 17:53:27
[20-Aug-2026 20:20:05 UTC] [Chilexpress][obtener_comunas] El archivo local es reciente, no es necesario actualizar
[20-Aug-2026 20:20:06 UTC] [Chilexpress][obtener_regiones] Archivo de regiones existe: C:\Users\HP\Desktop\wirdscrepss\wordpress\wp-content\plugins\chilexpress-oficial/includes/data/regiones/regiones.json
[20-Aug-2026 20:20:06 UTC] [Chilexpress][obtener_regiones] Datos decodificados con exito, fecha del archivo: 2026-08-20 17:53:39
[20-Aug-2026 20:20:06 UTC] [Chilexpress][obtener_regiones] El archivo local de regiones es reciente, no es necesario actualizar
[20-Aug-2026 20:20:07 UTC] [Chilexpress][obtener_regiones] Archivo de regiones existe: C:\Users\HP\Desktop\wirdscrepss\wordpress\wp-content\plugins\chilexpress-oficial/includes/data/regiones/regiones.json
[20-Aug-2026 20:20:07 UTC] [Chilexpress][obtener_regiones] Datos decodificados con exito, fecha del archivo: 2026-08-20 17:53:39
[20-Aug-2026 20:20:07 UTC] [Chilexpress][obtener_regiones] El archivo local de regiones es reciente, no es necesario actualizar
[20-Aug-2026 20:20:07 UTC] [Chilexpress][obtener_comunas] para la region: R1
[20-Aug-2026 20:20:07 UTC] [Chilexpress][obtener_comunas] Busco comunas en el archivo local: C:\Users\HP\Desktop\wirdscrepss\wordpress\wp-content\plugins\chilexpress-oficial/includes/data/comunas/R1.json
[20-Aug-2026 20:20:07 UTC] [Chilexpress][obtener_comunas] El archivo local existe !
[20-Aug-2026 20:20:07 UTC] [Chilexpress][obtener_comunas] Datos decodificados con exito, fecha del archivo: 2026-08-20 20:06:19
[20-Aug-2026 20:20:07 UTC] [Chilexpress][obtener_comunas] El archivo local es reciente, no es necesario actualizar
[20-Aug-2026 20:20:07 UTC] The wc_enqueue_js function is deprecated since version 10.4.0. Replace with wp_add_inline_script.
[20-Aug-2026 20:20:07 UTC] [Chilexpress][obtener_comunas] para la region: RM
[20-Aug-2026 20:20:07 UTC] [Chilexpress][obtener_comunas] Busco comunas en el archivo local: C:\Users\HP\Desktop\wirdscrepss\wordpress\wp-content\plugins\chilexpress-oficial/includes/data/comunas/RM.json
[20-Aug-2026 20:20:07 UTC] [Chilexpress][obtener_comunas] El archivo local existe !
[20-Aug-2026 20:20:07 UTC] [Chilexpress][obtener_comunas] Datos decodificados con exito, fecha del archivo: 2026-08-20 17:53:27
[20-Aug-2026 20:20:07 UTC] [Chilexpress][obtener_comunas] El archivo local es reciente, no es necesario actualizar
[20-Aug-2026 20:20:07 UTC] [Chilexpress][obtener_comunas] para la region: RM
[20-Aug-2026 20:20:07 UTC] [Chilexpress][obtener_comunas] Busco comunas en el archivo local: C:\Users\HP\Desktop\wirdscrepss\wordpress\wp-content\plugins\chilexpress-oficial/includes/data/comunas/RM.json
[20-Aug-2026 20:20:07 UTC] [Chilexpress][obtener_comunas] El archivo local existe !
[20-Aug-2026 20:20:07 UTC] [Chilexpress][obtener_comunas] Datos decodificados con exito, fecha del archivo: 2026-08-20 17:53:27
[20-Aug-2026 20:20:07 UTC] [Chilexpress][obtener_comunas] El archivo local es reciente, no es necesario actualizar
[20-Aug-2026 20:20:20 UTC] [Chilexpress][obtener_regiones] Archivo de regiones existe: C:\Users\HP\Desktop\wirdscrepss\wordpress\wp-content\plugins\chilexpress-oficial/includes/data/regiones/regiones.json
[20-Aug-2026 20:20:20 UTC] [Chilexpress][obtener_regiones] Datos decodificados con exito, fecha del archivo: 2026-08-20 17:53:39
[20-Aug-2026 20:20:20 UTC] [Chilexpress][obtener_regiones] El archivo local de regiones es reciente, no es necesario actualizar
[20-Aug-2026 20:20:20 UTC] [Chilexpress][obtener_comunas] para la region: RM
[20-Aug-2026 20:20:20 UTC] [Chilexpress][obtener_comunas] Busco comunas en el archivo local: C:\Users\HP\Desktop\wirdscrepss\wordpress\wp-content\plugins\chilexpress-oficial/includes/data/comunas/RM.json
[20-Aug-2026 20:20:20 UTC] [Chilexpress][obtener_comunas] El archivo local existe !
[20-Aug-2026 20:20:20 UTC] [Chilexpress][obtener_comunas] Datos decodificados con exito, fecha del archivo: 2026-08-20 17:53:27
[20-Aug-2026 20:20:20 UTC] [Chilexpress][obtener_comunas] El archivo local es reciente, no es necesario actualizar
[20-Aug-2026 20:20:20 UTC] The wc_enqueue_js function is deprecated since version 10.4.0. Replace with wp_add_inline_script.
[20-Aug-2026 20:20:20 UTC] [Chilexpress][obtener_comunas] para la region: RM
[20-Aug-2026 20:20:20 UTC] [Chilexpress][obtener_comunas] Busco comunas en el archivo local: C:\Users\HP\Desktop\wirdscrepss\wordpress\wp-content\plugins\chilexpress-oficial/includes/data/comunas/RM.json
[20-Aug-2026 20:20:20 UTC] [Chilexpress][obtener_comunas] El archivo local existe !
[20-Aug-2026 20:20:20 UTC] [Chilexpress][obtener_comunas] Datos decodificados con exito, fecha del archivo: 2026-08-20 17:53:27
[20-Aug-2026 20:20:20 UTC] [Chilexpress][obtener_comunas] El archivo local es reciente, no es necesario actualizar
[20-Aug-2026 20:20:20 UTC] [Chilexpress][obtener_comunas] para la region: RM
[20-Aug-2026 20:20:20 UTC] [Chilexpress][obtener_comunas] Busco comunas en el archivo local: C:\Users\HP\Desktop\wirdscrepss\wordpress\wp-content\plugins\chilexpress-oficial/includes/data/comunas/RM.json
[20-Aug-2026 20:20:20 UTC] [Chilexpress][obtener_comunas] El archivo local existe !
[20-Aug-2026 20:20:20 UTC] [Chilexpress][obtener_comunas] Datos decodificados con exito, fecha del archivo: 2026-08-20 17:53:27
[20-Aug-2026 20:20:20 UTC] [Chilexpress][obtener_comunas] El archivo local es reciente, no es necesario actualizar
[20-Aug-2026 20:20:26 UTC] [Chilexpress][obtener_regiones] Archivo de regiones existe: C:\Users\HP\Desktop\wirdscrepss\wordpress\wp-content\plugins\chilexpress-oficial/includes/data/regiones/regiones.json
[20-Aug-2026 20:20:26 UTC] [Chilexpress][obtener_regiones] Datos decodificados con exito, fecha del archivo: 2026-08-20 17:53:39
[20-Aug-2026 20:20:26 UTC] [Chilexpress][obtener_regiones] El archivo local de regiones es reciente, no es necesario actualizar
[20-Aug-2026 20:20:28 UTC] [Chilexpress][obtener_regiones] Archivo de regiones existe: C:\Users\HP\Desktop\wirdscrepss\wordpress\wp-content\plugins\chilexpress-oficial/includes/data/regiones/regiones.json
[20-Aug-2026 20:20:28 UTC] [Chilexpress][obtener_regiones] Datos decodificados con exito, fecha del archivo: 2026-08-20 17:53:39
[20-Aug-2026 20:20:28 UTC] [Chilexpress][obtener_regiones] El archivo local de regiones es reciente, no es necesario actualizar
[20-Aug-2026 20:20:28 UTC] [Chilexpress][obtener_comunas] para la region: RM
[20-Aug-2026 20:20:28 UTC] [Chilexpress][obtener_comunas] Busco comunas en el archivo local: C:\Users\HP\Desktop\wirdscrepss\wordpress\wp-content\plugins\chilexpress-oficial/includes/data/comunas/RM.json
[20-Aug-2026 20:20:28 UTC] [Chilexpress][obtener_comunas] El archivo local existe !
[20-Aug-2026 20:20:28 UTC] [Chilexpress][obtener_comunas] Datos decodificados con exito, fecha del archivo: 2026-08-20 17:53:27
[20-Aug-2026 20:20:28 UTC] [Chilexpress][obtener_comunas] El archivo local es reciente, no es necesario actualizar
[20-Aug-2026 20:20:30 UTC] [Chilexpress][obtener_regiones] Archivo de regiones existe: C:\Users\HP\Desktop\wirdscrepss\wordpress\wp-content\plugins\chilexpress-oficial/includes/data/regiones/regiones.json
[20-Aug-2026 20:20:30 UTC] [Chilexpress][obtener_regiones] Datos decodificados con exito, fecha del archivo: 2026-08-20 17:53:39
[20-Aug-2026 20:20:30 UTC] [Chilexpress][obtener_regiones] El archivo local de regiones es reciente, no es necesario actualizar
[20-Aug-2026 20:20:30 UTC] [Chilexpress][obtener_comunas] para la region: RM
[20-Aug-2026 20:20:30 UTC] [Chilexpress][obtener_comunas] Busco comunas en el archivo local: C:\Users\HP\Desktop\wirdscrepss\wordpress\wp-content\plugins\chilexpress-oficial/includes/data/comunas/RM.json
[20-Aug-2026 20:20:30 UTC] [Chilexpress][obtener_comunas] El archivo local existe !
[20-Aug-2026 20:20:30 UTC] [Chilexpress][obtener_comunas] Datos decodificados con exito, fecha del archivo: 2026-08-20 17:53:27
[20-Aug-2026 20:20:30 UTC] [Chilexpress][obtener_comunas] El archivo local es reciente, no es necesario actualizar
[20-Aug-2026 20:20:32 UTC] [Chilexpress][obtener_regiones] Archivo de regiones existe: C:\Users\HP\Desktop\wirdscrepss\wordpress\wp-content\plugins\chilexpress-oficial/includes/data/regiones/regiones.json
[20-Aug-2026 20:20:32 UTC] [Chilexpress][obtener_regiones] Datos decodificados con exito, fecha del archivo: 2026-08-20 17:53:39
[20-Aug-2026 20:20:32 UTC] [Chilexpress][obtener_regiones] El archivo local de regiones es reciente, no es necesario actualizar
[20-Aug-2026 20:20:38 UTC] [Chilexpress][obtener_regiones] Archivo de regiones existe: C:\Users\HP\Desktop\wirdscrepss\wordpress\wp-content\plugins\chilexpress-oficial/includes/data/regiones/regiones.json
[20-Aug-2026 20:20:38 UTC] [Chilexpress][obtener_regiones] Datos decodificados con exito, fecha del archivo: 2026-08-20 17:53:39
[20-Aug-2026 20:20:38 UTC] [Chilexpress][obtener_regiones] El archivo local de regiones es reciente, no es necesario actualizar
[20-Aug-2026 20:20:40 UTC] [Chilexpress][obtener_regiones] Archivo de regiones existe: C:\Users\HP\Desktop\wirdscrepss\wordpress\wp-content\plugins\chilexpress-oficial/includes/data/regiones/regiones.json
[20-Aug-2026 20:20:40 UTC] [Chilexpress][obtener_regiones] Datos decodificados con exito, fecha del archivo: 2026-08-20 17:53:39
[20-Aug-2026 20:20:40 UTC] [Chilexpress][obtener_regiones] El archivo local de regiones es reciente, no es necesario actualizar
[20-Aug-2026 20:20:41 UTC] [Chilexpress][obtener_regiones] Archivo de regiones existe: C:\Users\HP\Desktop\wirdscrepss\wordpress\wp-content\plugins\chilexpress-oficial/includes/data/regiones/regiones.json
[20-Aug-2026 20:20:41 UTC] [Chilexpress][obtener_regiones] Datos decodificados con exito, fecha del archivo: 2026-08-20 17:53:39
[20-Aug-2026 20:20:41 UTC] [Chilexpress][obtener_regiones] El archivo local de regiones es reciente, no es necesario actualizar
[20-Aug-2026 20:20:43 UTC] [Chilexpress][obtener_regiones] Archivo de regiones existe: C:\Users\HP\Desktop\wirdscrepss\wordpress\wp-content\plugins\chilexpress-oficial/includes/data/regiones/regiones.json
[20-Aug-2026 20:20:43 UTC] [Chilexpress][obtener_regiones] Datos decodificados con exito, fecha del archivo: 2026-08-20 17:53:39
[20-Aug-2026 20:20:43 UTC] [Chilexpress][obtener_regiones] El archivo local de regiones es reciente, no es necesario actualizar
[20-Aug-2026 20:20:48 UTC] [Chilexpress][obtener_regiones] Archivo de regiones existe: C:\Users\HP\Desktop\wirdscrepss\wordpress\wp-content\plugins\chilexpress-oficial/includes/data/regiones/regiones.json
[20-Aug-2026 20:20:48 UTC] [Chilexpress][obtener_regiones] Datos decodificados con exito, fecha del archivo: 2026-08-20 17:53:39
[20-Aug-2026 20:20:48 UTC] [Chilexpress][obtener_regiones] El archivo local de regiones es reciente, no es necesario actualizar
[20-Aug-2026 20:20:48 UTC] WordPress database error <div style="clear:both">&nbsp;</div>
<div class="queries" style="clear:both;margin-bottom:2px;border:red dotted thin;">
<p>MySQL query:</p>
<p>SELECT MIN(date_created_gmt) as min_date_gmt, MAX(date_created_gmt) as max_date_gmt
				 FROM (
					( SELECT date_created_gmt FROM `wp_wc_orders` WHERE type = 'shop_order' AND status != 'trash' ORDER BY date_created_gmt DESC LIMIT 1 )
					UNION ALL
					( SELECT date_created_gmt FROM `wp_wc_orders` WHERE type = 'shop_order' AND status != 'trash' ORDER BY date_created_gmt ASC LIMIT 1 )
				 ) d</p>
<p>Queries made or created this session were:</p>
<ol>
<li>Executing: SELECT MIN ( `date_created_gmt` ) as `min_date_gmt` , MAX ( `date_created_gmt` ) as `max_date_gmt` FROM ( ( SELECT `date_created_gmt` FROM `wp_wc_orders` WHERE `type` = &#039;shop_order&#039; AND `status` != &#039;trash&#039; ORDER BY `date_created_gmt` DESC LIMIT 1 ) UNION ALL ( SELECT `date_created_gmt` FROM `wp_wc_orders` WHERE `type` = &#039;shop_order&#039; AND `status` != &#039;trash&#039; ORDER BY `date_created_gmt` ASC LIMIT 1 ) ) `d` | (no parameters)</li>
</ol>
</div>
<div style="clear:both;margin-bottom:2px;border:red dotted thin;" class="error_message" style="border-bottom:dotted blue thin;">
SQLSTATE[HY000]: General error: 1 near "UNION": syntax error
</div>
<p>Backtrace:</p>
<pre>#0 C:\Users\HP\Desktop\wirdscrepss\wordpress\wp-content\plugins\sqlite-database-integration\wp-includes\database\sqlite\class-wp-mysql-on-sqlite.php(7863): WP_MySQL_On_SQLite->new_driver_exception('SQLSTATE[HY000]...', 'HY000', Object(PDOException))
#1 C:\Users\HP\Desktop\wirdscrepss\wordpress\wp-content\plugins\sqlite-database-integration\wp-includes\database\sqlite\class-wp-mysql-on-sqlite.php(1197): WP_MySQL_On_SQLite->convert_sqlite_exception(Object(PDOException))
#2 C:\Users\HP\Desktop\wirdscrepss\wordpress\wp-content\plugins\sqlite-database-integration\wp-includes\sqlite\class-wp-sqlite-db.php(676): WP_MySQL_On_SQLite->query('SELECT MIN(date...', 5)
#3 C:\Users\HP\Desktop\wirdscrepss\wordpress\wp-content\plugins\sqlite-database-integration\wp-includes\sqlite\class-wp-sqlite-db.php(596): WP_SQLite_DB->_do_query('SELECT MIN(date...')
#4 C:\Users\HP\Desktop\wirdscrepss\wordpress\wp-includes\class-wpdb.php(3069): WP_SQLite_DB->query('SELECT MIN(date...')
#5 C:\Users\HP\Desktop\wirdscrepss\wordpress\wp-content\plugins\woocommerce\src\Internal\Admin\Orders\ListTable.php(880): wpdb->get_row('SELECT MIN(date...')
#6 C:\Users\HP\Desktop\wirdscrepss\wordpress\wp-content\plugins\woocommerce\src\Internal\Admin\Orders\ListTable.php(846): Automattic\WooCommerce\Internal\Admin\Orders\ListTable->get_months_filter_options()
#7 C:\Users\HP\Desktop\wirdscrepss\wordpress\wp-content\plugins\woocommerce\src\Internal\Admin\Orders\ListTable.php(785): Automattic\WooCommerce\Internal\Admin\Orders\ListTable->months_filter()
#8 C:\Users\HP\Desktop\wirdscrepss\wordpress\wp-admin\includes\class-wp-list-table.php(1681): Automattic\WooCommerce\Internal\Admin\Orders\ListTable->extra_tablenav('top')
#9 C:\Users\HP\Desktop\wirdscrepss\wordpress\wp-admin\includes\class-wp-list-table.php(1611): WP_List_Table->display_tablenav('top')
#10 C:\Users\HP\Desktop\wirdscrepss\wordpress\wp-content\plugins\woocommerce\src\Internal\Admin\Orders\ListTable.php(284): WP_List_Table->display()
#11 C:\Users\HP\Desktop\wirdscrepss\wordpress\wp-content\plugins\woocommerce\src\Internal\Admin\Orders\PageController.php(300): Automattic\WooCommerce\Internal\Admin\Orders\ListTable->display()
#12 C:\Users\HP\Desktop\wirdscrepss\wordpress\wp-includes\class-wp-hook.php(341): Automattic\WooCommerce\Internal\Admin\Orders\PageController->output('')
#13 C:\Users\HP\Desktop\wirdscrepss\wordpress\wp-includes\class-wp-hook.php(365): WP_Hook->apply_filters('', Array)
#14 C:\Users\HP\Desktop\wirdscrepss\wordpress\wp-includes\plugin.php(522): WP_Hook->do_action(Array)
#15 C:\Users\HP\Desktop\wirdscrepss\wordpress\wp-admin\admin.php(264): do_action('woocommerce_pag...')
#16 {main}</pre>
 for query SELECT MIN(date_created_gmt) as min_date_gmt, MAX(date_created_gmt) as max_date_gmt
				 FROM (
					( SELECT date_created_gmt FROM `wp_wc_orders` WHERE type = 'shop_order' AND status != 'trash' ORDER BY date_created_gmt DESC LIMIT 1 )
					UNION ALL
					( SELECT date_created_gmt FROM `wp_wc_orders` WHERE type = 'shop_order' AND status != 'trash' ORDER BY date_created_gmt ASC LIMIT 1 )
				 ) d made by do_action('woocommerce_page_wc-orders'), WP_Hook->do_action, WP_Hook->apply_filters, Automattic\WooCommerce\Internal\Admin\Orders\PageController->output, Automattic\WooCommerce\Internal\Admin\Orders\ListTable->display, WP_List_Table->display, WP_List_Table->display_tablenav, Automattic\WooCommerce\Internal\Admin\Orders\ListTable->extra_tablenav, Automattic\WooCommerce\Internal\Admin\Orders\ListTable->months_filter, Automattic\WooCommerce\Internal\Admin\Orders\ListTable->get_months_filter_options, WP_SQLite_DB->query, WP_SQLite_DB->print_error
[20-Aug-2026 20:20:50 UTC] [Chilexpress][obtener_regiones] Archivo de regiones existe: C:\Users\HP\Desktop\wirdscrepss\wordpress\wp-content\plugins\chilexpress-oficial/includes/data/regiones/regiones.json
[20-Aug-2026 20:20:50 UTC] [Chilexpress][obtener_regiones] Datos decodificados con exito, fecha del archivo: 2026-08-20 17:53:39
[20-Aug-2026 20:20:50 UTC] [Chilexpress][obtener_regiones] El archivo local de regiones es reciente, no es necesario actualizar
[20-Aug-2026 20:20:51 UTC] [Chilexpress][obtener_regiones] Archivo de regiones existe: C:\Users\HP\Desktop\wirdscrepss\wordpress\wp-content\plugins\chilexpress-oficial/includes/data/regiones/regiones.json
[20-Aug-2026 20:20:51 UTC] [Chilexpress][obtener_regiones] Datos decodificados con exito, fecha del archivo: 2026-08-20 17:53:39
[20-Aug-2026 20:20:51 UTC] [Chilexpress][obtener_regiones] El archivo local de regiones es reciente, no es necesario actualizar
[20-Aug-2026 20:20:52 UTC] [Chilexpress][obtener_regiones] Archivo de regiones existe: C:\Users\HP\Desktop\wirdscrepss\wordpress\wp-content\plugins\chilexpress-oficial/includes/data/regiones/regiones.json
[20-Aug-2026 20:20:52 UTC] [Chilexpress][obtener_regiones] Datos decodificados con exito, fecha del archivo: 2026-08-20 17:53:39
[20-Aug-2026 20:20:52 UTC] [Chilexpress][obtener_regiones] El archivo local de regiones es reciente, no es necesario actualizar
[20-Aug-2026 20:20:53 UTC] [Chilexpress][obtener_regiones] Archivo de regiones existe: C:\Users\HP\Desktop\wirdscrepss\wordpress\wp-content\plugins\chilexpress-oficial/includes/data/regiones/regiones.json
[20-Aug-2026 20:20:53 UTC] [Chilexpress][obtener_regiones] Datos decodificados con exito, fecha del archivo: 2026-08-20 17:53:39
[20-Aug-2026 20:20:53 UTC] [Chilexpress][obtener_regiones] El archivo local de regiones es reciente, no es necesario actualizar
[20-Aug-2026 20:20:54 UTC] [Chilexpress][obtener_regiones] Archivo de regiones existe: C:\Users\HP\Desktop\wirdscrepss\wordpress\wp-content\plugins\chilexpress-oficial/includes/data/regiones/regiones.json
[20-Aug-2026 20:20:54 UTC] [Chilexpress][obtener_regiones] Datos decodificados con exito, fecha del archivo: 2026-08-20 17:53:39
[20-Aug-2026 20:20:54 UTC] [Chilexpress][obtener_regiones] El archivo local de regiones es reciente, no es necesario actualizar
[20-Aug-2026 20:20:55 UTC] [Chilexpress][obtener_regiones] Archivo de regiones existe: C:\Users\HP\Desktop\wirdscrepss\wordpress\wp-content\plugins\chilexpress-oficial/includes/data/regiones/regiones.json
[20-Aug-2026 20:20:55 UTC] [Chilexpress][obtener_regiones] Datos decodificados con exito, fecha del archivo: 2026-08-20 17:53:39
[20-Aug-2026 20:20:55 UTC] [Chilexpress][obtener_regiones] El archivo local de regiones es reciente, no es necesario actualizar
[20-Aug-2026 20:20:56 UTC] [Chilexpress][obtener_regiones] Archivo de regiones existe: C:\Users\HP\Desktop\wirdscrepss\wordpress\wp-content\plugins\chilexpress-oficial/includes/data/regiones/regiones.json
[20-Aug-2026 20:20:56 UTC] [Chilexpress][obtener_regiones] Datos decodificados con exito, fecha del archivo: 2026-08-20 17:53:39
[20-Aug-2026 20:20:56 UTC] [Chilexpress][obtener_regiones] El archivo local de regiones es reciente, no es necesario actualizar
[20-Aug-2026 20:20:57 UTC] [Chilexpress][obtener_regiones] Archivo de regiones existe: C:\Users\HP\Desktop\wirdscrepss\wordpress\wp-content\plugins\chilexpress-oficial/includes/data/regiones/regiones.json
[20-Aug-2026 20:20:57 UTC] [Chilexpress][obtener_regiones] Datos decodificados con exito, fecha del archivo: 2026-08-20 17:53:39
[20-Aug-2026 20:20:57 UTC] [Chilexpress][obtener_regiones] El archivo local de regiones es reciente, no es necesario actualizar
[20-Aug-2026 20:21:00 UTC] [Chilexpress][obtener_regiones] Archivo de regiones existe: C:\Users\HP\Desktop\wirdscrepss\wordpress\wp-content\plugins\chilexpress-oficial/includes/data/regiones/regiones.json
[20-Aug-2026 20:21:00 UTC] [Chilexpress][obtener_regiones] Datos decodificados con exito, fecha del archivo: 2026-08-20 17:53:39
[20-Aug-2026 20:21:00 UTC] [Chilexpress][obtener_regiones] El archivo local de regiones es reciente, no es necesario actualizar
[20-Aug-2026 20:21:00 UTC] [Chilexpress][obtener_regiones] Archivo de regiones existe: C:\Users\HP\Desktop\wirdscrepss\wordpress\wp-content\plugins\chilexpress-oficial/includes/data/regiones/regiones.json
[20-Aug-2026 20:21:00 UTC] [Chilexpress][obtener_regiones] Datos decodificados con exito, fecha del archivo: 2026-08-20 17:53:39
[20-Aug-2026 20:21:00 UTC] [Chilexpress][obtener_regiones] El archivo local de regiones es reciente, no es necesario actualizar
[20-Aug-2026 20:21:02 UTC] [Chilexpress][obtener_regiones] Archivo de regiones existe: C:\Users\HP\Desktop\wirdscrepss\wordpress\wp-content\plugins\chilexpress-oficial/includes/data/regiones/regiones.json
[20-Aug-2026 20:21:02 UTC] [Chilexpress][obtener_regiones] Datos decodificados con exito, fecha del archivo: 2026-08-20 17:53:39
[20-Aug-2026 20:21:02 UTC] [Chilexpress][obtener_regiones] El archivo local de regiones es reciente, no es necesario actualizar
[20-Aug-2026 20:21:15 UTC] [Chilexpress][obtener_regiones] Archivo de regiones existe: C:\Users\HP\Desktop\wirdscrepss\wordpress\wp-content\plugins\chilexpress-oficial/includes/data/regiones/regiones.json
[20-Aug-2026 20:21:15 UTC] [Chilexpress][obtener_regiones] Datos decodificados con exito, fecha del archivo: 2026-08-20 17:53:39
[20-Aug-2026 20:21:15 UTC] [Chilexpress][obtener_regiones] El archivo local de regiones es reciente, no es necesario actualizar
[20-Aug-2026 20:21:17 UTC] [Chilexpress][obtener_regiones] Archivo de regiones existe: C:\Users\HP\Desktop\wirdscrepss\wordpress\wp-content\plugins\chilexpress-oficial/includes/data/regiones/regiones.json
[20-Aug-2026 20:21:17 UTC] [Chilexpress][obtener_regiones] Datos decodificados con exito, fecha del archivo: 2026-08-20 17:53:39
[20-Aug-2026 20:21:17 UTC] [Chilexpress][obtener_regiones] El archivo local de regiones es reciente, no es necesario actualizar
[20-Aug-2026 20:21:18 UTC] [Chilexpress][obtener_regiones] Archivo de regiones existe: C:\Users\HP\Desktop\wirdscrepss\wordpress\wp-content\plugins\chilexpress-oficial/includes/data/regiones/regiones.json
[20-Aug-2026 20:21:18 UTC] [Chilexpress][obtener_regiones] Datos decodificados con exito, fecha del archivo: 2026-08-20 17:53:39
[20-Aug-2026 20:21:18 UTC] [Chilexpress][obtener_regiones] El archivo local de regiones es reciente, no es necesario actualizar
[20-Aug-2026 20:21:19 UTC] [Chilexpress][obtener_regiones] Archivo de regiones existe: C:\Users\HP\Desktop\wirdscrepss\wordpress\wp-content\plugins\chilexpress-oficial/includes/data/regiones/regiones.json
[20-Aug-2026 20:21:19 UTC] [Chilexpress][obtener_regiones] Datos decodificados con exito, fecha del archivo: 2026-08-20 17:53:39
[20-Aug-2026 20:21:19 UTC] [Chilexpress][obtener_regiones] El archivo local de regiones es reciente, no es necesario actualizar
[20-Aug-2026 20:21:25 UTC] [Chilexpress][obtener_regiones] Archivo de regiones existe: C:\Users\HP\Desktop\wirdscrepss\wordpress\wp-content\plugins\chilexpress-oficial/includes/data/regiones/regiones.json
[20-Aug-2026 20:21:25 UTC] [Chilexpress][obtener_regiones] Datos decodificados con exito, fecha del archivo: 2026-08-20 17:53:39
[20-Aug-2026 20:21:25 UTC] [Chilexpress][obtener_regiones] El archivo local de regiones es reciente, no es necesario actualizar
[20-Aug-2026 20:21:27 UTC] [Chilexpress][obtener_regiones] Archivo de regiones existe: C:\Users\HP\Desktop\wirdscrepss\wordpress\wp-content\plugins\chilexpress-oficial/includes/data/regiones/regiones.json
[20-Aug-2026 20:21:27 UTC] [Chilexpress][obtener_regiones] Datos decodificados con exito, fecha del archivo: 2026-08-20 17:53:39
[20-Aug-2026 20:21:27 UTC] [Chilexpress][obtener_regiones] El archivo local de regiones es reciente, no es necesario actualizar
[20-Aug-2026 20:21:29 UTC] [Chilexpress][obtener_regiones] Archivo de regiones existe: C:\Users\HP\Desktop\wirdscrepss\wordpress\wp-content\plugins\chilexpress-oficial/includes/data/regiones/regiones.json
[20-Aug-2026 20:21:29 UTC] [Chilexpress][obtener_regiones] Datos decodificados con exito, fecha del archivo: 2026-08-20 17:53:39
[20-Aug-2026 20:21:29 UTC] [Chilexpress][obtener_regiones] El archivo local de regiones es reciente, no es necesario actualizar
[20-Aug-2026 20:22:30 UTC] [Chilexpress][obtener_regiones] Archivo de regiones existe: C:\Users\HP\Desktop\wirdscrepss\wordpress\wp-content\plugins\chilexpress-oficial/includes/data/regiones/regiones.json
[20-Aug-2026 20:22:30 UTC] [Chilexpress][obtener_regiones] Datos decodificados con exito, fecha del archivo: 2026-08-20 17:53:39
[20-Aug-2026 20:22:30 UTC] [Chilexpress][obtener_regiones] El archivo local de regiones es reciente, no es necesario actualizar
[20-Aug-2026 20:22:33 UTC] [Chilexpress][obtener_regiones] Archivo de regiones existe: C:\Users\HP\Desktop\wirdscrepss\wordpress\wp-content\plugins\chilexpress-oficial/includes/data/regiones/regiones.json
[20-Aug-2026 20:22:33 UTC] [Chilexpress][obtener_regiones] Datos decodificados con exito, fecha del archivo: 2026-08-20 17:53:39
[20-Aug-2026 20:22:33 UTC] [Chilexpress][obtener_regiones] El archivo local de regiones es reciente, no es necesario actualizar
[20-Aug-2026 20:22:40 UTC] [Chilexpress][obtener_regiones] Archivo de regiones existe: C:\Users\HP\Desktop\wirdscrepss\wordpress\wp-content\plugins\chilexpress-oficial/includes/data/regiones/regiones.json
[20-Aug-2026 20:22:40 UTC] [Chilexpress][obtener_regiones] Datos decodificados con exito, fecha del archivo: 2026-08-20 17:53:39
[20-Aug-2026 20:22:40 UTC] [Chilexpress][obtener_regiones] El archivo local de regiones es reciente, no es necesario actualizar
[20-Aug-2026 20:23:16 UTC] [Chilexpress][obtener_regiones] Archivo de regiones existe: C:\Users\HP\Desktop\wirdscrepss\wordpress\wp-content\plugins\chilexpress-oficial/includes/data/regiones/regiones.json
[20-Aug-2026 20:23:16 UTC] [Chilexpress][obtener_regiones] Datos decodificados con exito, fecha del archivo: 2026-08-20 17:53:39
[20-Aug-2026 20:23:16 UTC] [Chilexpress][obtener_regiones] El archivo local de regiones es reciente, no es necesario actualizar
[20-Aug-2026 20:23:18 UTC] [Chilexpress][obtener_regiones] Archivo de regiones existe: C:\Users\HP\Desktop\wirdscrepss\wordpress\wp-content\plugins\chilexpress-oficial/includes/data/regiones/regiones.json
[20-Aug-2026 20:23:18 UTC] [Chilexpress][obtener_regiones] Datos decodificados con exito, fecha del archivo: 2026-08-20 17:53:39
[20-Aug-2026 20:23:18 UTC] [Chilexpress][obtener_regiones] El archivo local de regiones es reciente, no es necesario actualizar
[20-Aug-2026 20:23:19 UTC] [Chilexpress][obtener_regiones] Archivo de regiones existe: C:\Users\HP\Desktop\wirdscrepss\wordpress\wp-content\plugins\chilexpress-oficial/includes/data/regiones/regiones.json
[20-Aug-2026 20:23:19 UTC] [Chilexpress][obtener_regiones] Datos decodificados con exito, fecha del archivo: 2026-08-20 17:53:39
[20-Aug-2026 20:23:19 UTC] [Chilexpress][obtener_regiones] El archivo local de regiones es reciente, no es necesario actualizar
[20-Aug-2026 20:23:25 UTC] [Chilexpress][obtener_regiones] Archivo de regiones existe: C:\Users\HP\Desktop\wirdscrepss\wordpress\wp-content\plugins\chilexpress-oficial/includes/data/regiones/regiones.json
[20-Aug-2026 20:23:25 UTC] [Chilexpress][obtener_regiones] Datos decodificados con exito, fecha del archivo: 2026-08-20 17:53:39
[20-Aug-2026 20:23:25 UTC] [Chilexpress][obtener_regiones] El archivo local de regiones es reciente, no es necesario actualizar
[20-Aug-2026 20:24:30 UTC] [Chilexpress][obtener_regiones] Archivo de regiones existe: C:\Users\HP\Desktop\wirdscrepss\wordpress\wp-content\plugins\chilexpress-oficial/includes/data/regiones/regiones.json
[20-Aug-2026 20:24:30 UTC] [Chilexpress][obtener_regiones] Datos decodificados con exito, fecha del archivo: 2026-08-20 17:53:39
[20-Aug-2026 20:24:30 UTC] [Chilexpress][obtener_regiones] El archivo local de regiones es reciente, no es necesario actualizar
[20-Aug-2026 20:24:32 UTC] [Chilexpress][obtener_regiones] Archivo de regiones existe: C:\Users\HP\Desktop\wirdscrepss\wordpress\wp-content\plugins\chilexpress-oficial/includes/data/regiones/regiones.json
[20-Aug-2026 20:24:32 UTC] [Chilexpress][obtener_regiones] Datos decodificados con exito, fecha del archivo: 2026-08-20 17:53:39
[20-Aug-2026 20:24:32 UTC] [Chilexpress][obtener_regiones] El archivo local de regiones es reciente, no es necesario actualizar
[20-Aug-2026 20:25:16 UTC] [Chilexpress][obtener_regiones] Archivo de regiones existe: C:\Users\HP\Desktop\wirdscrepss\wordpress\wp-content\plugins\chilexpress-oficial/includes/data/regiones/regiones.json
[20-Aug-2026 20:25:16 UTC] [Chilexpress][obtener_regiones] Datos decodificados con exito, fecha del archivo: 2026-08-20 17:53:39
[20-Aug-2026 20:25:16 UTC] [Chilexpress][obtener_regiones] El archivo local de regiones es reciente, no es necesario actualizar
[20-Aug-2026 20:25:18 UTC] [Chilexpress][obtener_regiones] Archivo de regiones existe: C:\Users\HP\Desktop\wirdscrepss\wordpress\wp-content\plugins\chilexpress-oficial/includes/data/regiones/regiones.json
[20-Aug-2026 20:25:18 UTC] [Chilexpress][obtener_regiones] Datos decodificados con exito, fecha del archivo: 2026-08-20 17:53:39
[20-Aug-2026 20:25:18 UTC] [Chilexpress][obtener_regiones] El archivo local de regiones es reciente, no es necesario actualizar
[20-Aug-2026 20:25:19 UTC] [Chilexpress][obtener_regiones] Archivo de regiones existe: C:\Users\HP\Desktop\wirdscrepss\wordpress\wp-content\plugins\chilexpress-oficial/includes/data/regiones/regiones.json
[20-Aug-2026 20:25:19 UTC] [Chilexpress][obtener_regiones] Datos decodificados con exito, fecha del archivo: 2026-08-20 17:53:39
[20-Aug-2026 20:25:19 UTC] [Chilexpress][obtener_regiones] El archivo local de regiones es reciente, no es necesario actualizar
[20-Aug-2026 20:25:25 UTC] [Chilexpress][obtener_regiones] Archivo de regiones existe: C:\Users\HP\Desktop\wirdscrepss\wordpress\wp-content\plugins\chilexpress-oficial/includes/data/regiones/regiones.json
[20-Aug-2026 20:25:25 UTC] [Chilexpress][obtener_regiones] Datos decodificados con exito, fecha del archivo: 2026-08-20 17:53:39
[20-Aug-2026 20:25:25 UTC] [Chilexpress][obtener_regiones] El archivo local de regiones es reciente, no es necesario actualizar
[20-Aug-2026 20:26:32 UTC] [Chilexpress][obtener_regiones] Archivo de regiones existe: C:\Users\HP\Desktop\wirdscrepss\wordpress\wp-content\plugins\chilexpress-oficial/includes/data/regiones/regiones.json
[20-Aug-2026 20:26:32 UTC] [Chilexpress][obtener_regiones] Datos decodificados con exito, fecha del archivo: 2026-08-20 17:53:39
[20-Aug-2026 20:26:32 UTC] [Chilexpress][obtener_regiones] El archivo local de regiones es reciente, no es necesario actualizar
[20-Aug-2026 20:26:34 UTC] [Chilexpress][obtener_regiones] Archivo de regiones existe: C:\Users\HP\Desktop\wirdscrepss\wordpress\wp-content\plugins\chilexpress-oficial/includes/data/regiones/regiones.json
[20-Aug-2026 20:26:34 UTC] [Chilexpress][obtener_regiones] Datos decodificados con exito, fecha del archivo: 2026-08-20 17:53:39
[20-Aug-2026 20:26:34 UTC] [Chilexpress][obtener_regiones] El archivo local de regiones es reciente, no es necesario actualizar
[20-Aug-2026 20:27:16 UTC] [Chilexpress][obtener_regiones] Archivo de regiones existe: C:\Users\HP\Desktop\wirdscrepss\wordpress\wp-content\plugins\chilexpress-oficial/includes/data/regiones/regiones.json
[20-Aug-2026 20:27:16 UTC] [Chilexpress][obtener_regiones] Datos decodificados con exito, fecha del archivo: 2026-08-20 17:53:39
[20-Aug-2026 20:27:16 UTC] [Chilexpress][obtener_regiones] El archivo local de regiones es reciente, no es necesario actualizar
[20-Aug-2026 20:27:18 UTC] [Chilexpress][obtener_regiones] Archivo de regiones existe: C:\Users\HP\Desktop\wirdscrepss\wordpress\wp-content\plugins\chilexpress-oficial/includes/data/regiones/regiones.json
[20-Aug-2026 20:27:18 UTC] [Chilexpress][obtener_regiones] Datos decodificados con exito, fecha del archivo: 2026-08-20 17:53:39
[20-Aug-2026 20:27:18 UTC] [Chilexpress][obtener_regiones] El archivo local de regiones es reciente, no es necesario actualizar
[20-Aug-2026 20:27:19 UTC] [Chilexpress][obtener_regiones] Archivo de regiones existe: C:\Users\HP\Desktop\wirdscrepss\wordpress\wp-content\plugins\chilexpress-oficial/includes/data/regiones/regiones.json
[20-Aug-2026 20:27:19 UTC] [Chilexpress][obtener_regiones] Datos decodificados con exito, fecha del archivo: 2026-08-20 17:53:39
[20-Aug-2026 20:27:19 UTC] [Chilexpress][obtener_regiones] El archivo local de regiones es reciente, no es necesario actualizar
[20-Aug-2026 20:27:25 UTC] [Chilexpress][obtener_regiones] Archivo de regiones existe: C:\Users\HP\Desktop\wirdscrepss\wordpress\wp-content\plugins\chilexpress-oficial/includes/data/regiones/regiones.json
[20-Aug-2026 20:27:25 UTC] [Chilexpress][obtener_regiones] Datos decodificados con exito, fecha del archivo: 2026-08-20 17:53:39
[20-Aug-2026 20:27:25 UTC] [Chilexpress][obtener_regiones] El archivo local de regiones es reciente, no es necesario actualizar
[20-Aug-2026 20:28:33 UTC] [Chilexpress][obtener_regiones] Archivo de regiones existe: C:\Users\HP\Desktop\wirdscrepss\wordpress\wp-content\plugins\chilexpress-oficial/includes/data/regiones/regiones.json
[20-Aug-2026 20:28:33 UTC] [Chilexpress][obtener_regiones] Datos decodificados con exito, fecha del archivo: 2026-08-20 17:53:39
[20-Aug-2026 20:28:33 UTC] [Chilexpress][obtener_regiones] El archivo local de regiones es reciente, no es necesario actualizar
[20-Aug-2026 20:28:35 UTC] [Chilexpress][obtener_regiones] Archivo de regiones existe: C:\Users\HP\Desktop\wirdscrepss\wordpress\wp-content\plugins\chilexpress-oficial/includes/data/regiones/regiones.json
[20-Aug-2026 20:28:35 UTC] [Chilexpress][obtener_regiones] Datos decodificados con exito, fecha del archivo: 2026-08-20 17:53:39
[20-Aug-2026 20:28:35 UTC] [Chilexpress][obtener_regiones] El archivo local de regiones es reciente, no es necesario actualizar
[20-Aug-2026 20:28:42 UTC] [Chilexpress][obtener_regiones] Archivo de regiones existe: C:\Users\HP\Desktop\wirdscrepss\wordpress\wp-content\plugins\chilexpress-oficial/includes/data/regiones/regiones.json
[20-Aug-2026 20:28:42 UTC] [Chilexpress][obtener_regiones] Datos decodificados con exito, fecha del archivo: 2026-08-20 17:53:39
[20-Aug-2026 20:28:42 UTC] [Chilexpress][obtener_regiones] El archivo local de regiones es reciente, no es necesario actualizar
[20-Aug-2026 20:28:43 UTC] [Chilexpress][obtener_regiones] Archivo de regiones existe: C:\Users\HP\Desktop\wirdscrepss\wordpress\wp-content\plugins\chilexpress-oficial/includes/data/regiones/regiones.json
[20-Aug-2026 20:28:43 UTC] [Chilexpress][obtener_regiones] Datos decodificados con exito, fecha del archivo: 2026-08-20 17:53:39
[20-Aug-2026 20:28:43 UTC] [Chilexpress][obtener_regiones] El archivo local de regiones es reciente, no es necesario actualizar
[20-Aug-2026 20:28:43 UTC] [Chilexpress][obtener_regiones] Archivo de regiones existe: C:\Users\HP\Desktop\wirdscrepss\wordpress\wp-content\plugins\chilexpress-oficial/includes/data/regiones/regiones.json
[20-Aug-2026 20:28:43 UTC] [Chilexpress][obtener_regiones] Datos decodificados con exito, fecha del archivo: 2026-08-20 17:53:39
[20-Aug-2026 20:28:43 UTC] [Chilexpress][obtener_regiones] El archivo local de regiones es reciente, no es necesario actualizar
[20-Aug-2026 20:30:33 UTC] PHP Parse error:  syntax error, unexpected single-quoted string "title", expecting ")" in C:\Users\HP\Desktop\wirdscrepss\wordpress\wp-content\mu-plugins\cxp-client-docs.php on line 23
[20-Aug-2026 20:30:42 UTC] [Chilexpress][obtener_regiones] Archivo de regiones existe: C:\Users\HP\Desktop\wirdscrepss\wordpress\wp-content\plugins\chilexpress-oficial/includes/data/regiones/regiones.json
[20-Aug-2026 20:30:42 UTC] [Chilexpress][obtener_regiones] Datos decodificados con exito, fecha del archivo: 2026-08-20 17:53:39
[20-Aug-2026 20:30:42 UTC] [Chilexpress][obtener_regiones] El archivo local de regiones es reciente, no es necesario actualizar
[20-Aug-2026 20:30:44 UTC] [Chilexpress][obtener_regiones] Archivo de regiones existe: C:\Users\HP\Desktop\wirdscrepss\wordpress\wp-content\plugins\chilexpress-oficial/includes/data/regiones/regiones.json
[20-Aug-2026 20:30:44 UTC] [Chilexpress][obtener_regiones] Datos decodificados con exito, fecha del archivo: 2026-08-20 17:53:39
[20-Aug-2026 20:30:44 UTC] [Chilexpress][obtener_regiones] El archivo local de regiones es reciente, no es necesario actualizar
[20-Aug-2026 20:30:44 UTC] [Chilexpress][obtener_regiones] Archivo de regiones existe: C:\Users\HP\Desktop\wirdscrepss\wordpress\wp-content\plugins\chilexpress-oficial/includes/data/regiones/regiones.json
[20-Aug-2026 20:30:44 UTC] [Chilexpress][obtener_regiones] Datos decodificados con exito, fecha del archivo: 2026-08-20 17:53:39
[20-Aug-2026 20:30:44 UTC] [Chilexpress][obtener_regiones] El archivo local de regiones es reciente, no es necesario actualizar
[20-Aug-2026 20:30:45 UTC] [Chilexpress][obtener_regiones] Archivo de regiones existe: C:\Users\HP\Desktop\wirdscrepss\wordpress\wp-content\plugins\chilexpress-oficial/includes/data/regiones/regiones.json
[20-Aug-2026 20:30:45 UTC] [Chilexpress][obtener_regiones] Datos decodificados con exito, fecha del archivo: 2026-08-20 17:53:39
[20-Aug-2026 20:30:45 UTC] [Chilexpress][obtener_regiones] El archivo local de regiones es reciente, no es necesario actualizar
[20-Aug-2026 20:32:34 UTC] [Chilexpress][obtener_regiones] Archivo de regiones existe: C:\Users\HP\Desktop\wirdscrepss\wordpress\wp-content\plugins\chilexpress-oficial/includes/data/regiones/regiones.json
[20-Aug-2026 20:32:34 UTC] [Chilexpress][obtener_regiones] Datos decodificados con exito, fecha del archivo: 2026-08-20 17:53:39
[20-Aug-2026 20:32:34 UTC] [Chilexpress][obtener_regiones] El archivo local de regiones es reciente, no es necesario actualizar
[20-Aug-2026 20:32:36 UTC] [Chilexpress][obtener_regiones] Archivo de regiones existe: C:\Users\HP\Desktop\wirdscrepss\wordpress\wp-content\plugins\chilexpress-oficial/includes/data/regiones/regiones.json
[20-Aug-2026 20:32:36 UTC] [Chilexpress][obtener_regiones] Datos decodificados con exito, fecha del archivo: 2026-08-20 17:53:39
[20-Aug-2026 20:32:36 UTC] [Chilexpress][obtener_regiones] El archivo local de regiones es reciente, no es necesario actualizar
[20-Aug-2026 20:32:42 UTC] [Chilexpress][obtener_regiones] Archivo de regiones existe: C:\Users\HP\Desktop\wirdscrepss\wordpress\wp-content\plugins\chilexpress-oficial/includes/data/regiones/regiones.json
[20-Aug-2026 20:32:42 UTC] [Chilexpress][obtener_regiones] Datos decodificados con exito, fecha del archivo: 2026-08-20 17:53:39
[20-Aug-2026 20:32:42 UTC] [Chilexpress][obtener_regiones] El archivo local de regiones es reciente, no es necesario actualizar
[20-Aug-2026 20:32:42 UTC] [Chilexpress][obtener_regiones] Archivo de regiones existe: C:\Users\HP\Desktop\wirdscrepss\wordpress\wp-content\plugins\chilexpress-oficial/includes/data/regiones/regiones.json
[20-Aug-2026 20:32:42 UTC] [Chilexpress][obtener_regiones] Datos decodificados con exito, fecha del archivo: 2026-08-20 17:53:39
[20-Aug-2026 20:32:42 UTC] [Chilexpress][obtener_regiones] El archivo local de regiones es reciente, no es necesario actualizar
[20-Aug-2026 20:32:43 UTC] [Chilexpress][obtener_regiones] Archivo de regiones existe: C:\Users\HP\Desktop\wirdscrepss\wordpress\wp-content\plugins\chilexpress-oficial/includes/data/regiones/regiones.json
[20-Aug-2026 20:32:43 UTC] [Chilexpress][obtener_regiones] Datos decodificados con exito, fecha del archivo: 2026-08-20 17:53:39
[20-Aug-2026 20:32:43 UTC] [Chilexpress][obtener_regiones] El archivo local de regiones es reciente, no es necesario actualizar
[20-Aug-2026 20:32:55 UTC] [Chilexpress][obtener_regiones] Archivo de regiones existe: C:\Users\HP\Desktop\wirdscrepss\wordpress\wp-content\plugins\chilexpress-oficial/includes/data/regiones/regiones.json
[20-Aug-2026 20:32:55 UTC] [Chilexpress][obtener_regiones] Datos decodificados con exito, fecha del archivo: 2026-08-20 17:53:39
[20-Aug-2026 20:32:55 UTC] [Chilexpress][obtener_regiones] El archivo local de regiones es reciente, no es necesario actualizar
[20-Aug-2026 20:34:35 UTC] [Chilexpress][obtener_regiones] Archivo de regiones existe: C:\Users\HP\Desktop\wirdscrepss\wordpress\wp-content\plugins\chilexpress-oficial/includes/data/regiones/regiones.json
[20-Aug-2026 20:34:35 UTC] [Chilexpress][obtener_regiones] Datos decodificados con exito, fecha del archivo: 2026-08-20 17:53:39
[20-Aug-2026 20:34:35 UTC] [Chilexpress][obtener_regiones] El archivo local de regiones es reciente, no es necesario actualizar
[20-Aug-2026 20:34:37 UTC] [Chilexpress][obtener_regiones] Archivo de regiones existe: C:\Users\HP\Desktop\wirdscrepss\wordpress\wp-content\plugins\chilexpress-oficial/includes/data/regiones/regiones.json
[20-Aug-2026 20:34:37 UTC] [Chilexpress][obtener_regiones] Datos decodificados con exito, fecha del archivo: 2026-08-20 17:53:39
[20-Aug-2026 20:34:37 UTC] [Chilexpress][obtener_regiones] El archivo local de regiones es reciente, no es necesario actualizar
[20-Aug-2026 20:34:42 UTC] [Chilexpress][obtener_regiones] Archivo de regiones existe: C:\Users\HP\Desktop\wirdscrepss\wordpress\wp-content\plugins\chilexpress-oficial/includes/data/regiones/regiones.json
[20-Aug-2026 20:34:42 UTC] [Chilexpress][obtener_regiones] Datos decodificados con exito, fecha del archivo: 2026-08-20 17:53:39
[20-Aug-2026 20:34:42 UTC] [Chilexpress][obtener_regiones] El archivo local de regiones es reciente, no es necesario actualizar
[20-Aug-2026 20:34:43 UTC] [Chilexpress][obtener_regiones] Archivo de regiones existe: C:\Users\HP\Desktop\wirdscrepss\wordpress\wp-content\plugins\chilexpress-oficial/includes/data/regiones/regiones.json
[20-Aug-2026 20:34:43 UTC] [Chilexpress][obtener_regiones] Datos decodificados con exito, fecha del archivo: 2026-08-20 17:53:39
[20-Aug-2026 20:34:43 UTC] [Chilexpress][obtener_regiones] El archivo local de regiones es reciente, no es necesario actualizar
[20-Aug-2026 20:34:44 UTC] [Chilexpress][obtener_regiones] Archivo de regiones existe: C:\Users\HP\Desktop\wirdscrepss\wordpress\wp-content\plugins\chilexpress-oficial/includes/data/regiones/regiones.json
[20-Aug-2026 20:34:44 UTC] [Chilexpress][obtener_regiones] Datos decodificados con exito, fecha del archivo: 2026-08-20 17:53:39
[20-Aug-2026 20:34:44 UTC] [Chilexpress][obtener_regiones] El archivo local de regiones es reciente, no es necesario actualizar
[20-Aug-2026 20:36:36 UTC] [Chilexpress][obtener_regiones] Archivo de regiones existe: C:\Users\HP\Desktop\wirdscrepss\wordpress\wp-content\plugins\chilexpress-oficial/includes/data/regiones/regiones.json
[20-Aug-2026 20:36:36 UTC] [Chilexpress][obtener_regiones] Datos decodificados con exito, fecha del archivo: 2026-08-20 17:53:39
[20-Aug-2026 20:36:36 UTC] [Chilexpress][obtener_regiones] El archivo local de regiones es reciente, no es necesario actualizar
[20-Aug-2026 20:36:38 UTC] [Chilexpress][obtener_regiones] Archivo de regiones existe: C:\Users\HP\Desktop\wirdscrepss\wordpress\wp-content\plugins\chilexpress-oficial/includes/data/regiones/regiones.json
[20-Aug-2026 20:36:38 UTC] [Chilexpress][obtener_regiones] Datos decodificados con exito, fecha del archivo: 2026-08-20 17:53:39
[20-Aug-2026 20:36:38 UTC] [Chilexpress][obtener_regiones] El archivo local de regiones es reciente, no es necesario actualizar
[20-Aug-2026 20:36:42 UTC] [Chilexpress][obtener_regiones] Archivo de regiones existe: C:\Users\HP\Desktop\wirdscrepss\wordpress\wp-content\plugins\chilexpress-oficial/includes/data/regiones/regiones.json
[20-Aug-2026 20:36:42 UTC] [Chilexpress][obtener_regiones] Datos decodificados con exito, fecha del archivo: 2026-08-20 17:53:39
[20-Aug-2026 20:36:42 UTC] [Chilexpress][obtener_regiones] El archivo local de regiones es reciente, no es necesario actualizar
[20-Aug-2026 20:36:43 UTC] [Chilexpress][obtener_regiones] Archivo de regiones existe: C:\Users\HP\Desktop\wirdscrepss\wordpress\wp-content\plugins\chilexpress-oficial/includes/data/regiones/regiones.json
[20-Aug-2026 20:36:43 UTC] [Chilexpress][obtener_regiones] Datos decodificados con exito, fecha del archivo: 2026-08-20 17:53:39
[20-Aug-2026 20:36:43 UTC] [Chilexpress][obtener_regiones] El archivo local de regiones es reciente, no es necesario actualizar
[20-Aug-2026 20:36:43 UTC] [Chilexpress][obtener_regiones] Archivo de regiones existe: C:\Users\HP\Desktop\wirdscrepss\wordpress\wp-content\plugins\chilexpress-oficial/includes/data/regiones/regiones.json
[20-Aug-2026 20:36:43 UTC] [Chilexpress][obtener_regiones] Datos decodificados con exito, fecha del archivo: 2026-08-20 17:53:39
[20-Aug-2026 20:36:43 UTC] [Chilexpress][obtener_regiones] El archivo local de regiones es reciente, no es necesario actualizar
[20-Aug-2026 20:38:37 UTC] [Chilexpress][obtener_regiones] Archivo de regiones existe: C:\Users\HP\Desktop\wirdscrepss\wordpress\wp-content\plugins\chilexpress-oficial/includes/data/regiones/regiones.json
[20-Aug-2026 20:38:37 UTC] [Chilexpress][obtener_regiones] Datos decodificados con exito, fecha del archivo: 2026-08-20 17:53:39
[20-Aug-2026 20:38:37 UTC] [Chilexpress][obtener_regiones] El archivo local de regiones es reciente, no es necesario actualizar
[20-Aug-2026 20:38:39 UTC] [Chilexpress][obtener_regiones] Archivo de regiones existe: C:\Users\HP\Desktop\wirdscrepss\wordpress\wp-content\plugins\chilexpress-oficial/includes/data/regiones/regiones.json
[20-Aug-2026 20:38:39 UTC] [Chilexpress][obtener_regiones] Datos decodificados con exito, fecha del archivo: 2026-08-20 17:53:39
[20-Aug-2026 20:38:39 UTC] [Chilexpress][obtener_regiones] El archivo local de regiones es reciente, no es necesario actualizar
[20-Aug-2026 20:38:42 UTC] [Chilexpress][obtener_regiones] Archivo de regiones existe: C:\Users\HP\Desktop\wirdscrepss\wordpress\wp-content\plugins\chilexpress-oficial/includes/data/regiones/regiones.json
[20-Aug-2026 20:38:42 UTC] [Chilexpress][obtener_regiones] Datos decodificados con exito, fecha del archivo: 2026-08-20 17:53:39
[20-Aug-2026 20:38:42 UTC] [Chilexpress][obtener_regiones] El archivo local de regiones es reciente, no es necesario actualizar
[20-Aug-2026 20:38:43 UTC] [Chilexpress][obtener_regiones] Archivo de regiones existe: C:\Users\HP\Desktop\wirdscrepss\wordpress\wp-content\plugins\chilexpress-oficial/includes/data/regiones/regiones.json
[20-Aug-2026 20:38:43 UTC] [Chilexpress][obtener_regiones] Datos decodificados con exito, fecha del archivo: 2026-08-20 17:53:39
[20-Aug-2026 20:38:43 UTC] [Chilexpress][obtener_regiones] El archivo local de regiones es reciente, no es necesario actualizar
[20-Aug-2026 20:38:43 UTC] [Chilexpress][obtener_regiones] Archivo de regiones existe: C:\Users\HP\Desktop\wirdscrepss\wordpress\wp-content\plugins\chilexpress-oficial/includes/data/regiones/regiones.json
[20-Aug-2026 20:38:43 UTC] [Chilexpress][obtener_regiones] Datos decodificados con exito, fecha del archivo: 2026-08-20 17:53:39
[20-Aug-2026 20:38:43 UTC] [Chilexpress][obtener_regiones] El archivo local de regiones es reciente, no es necesario actualizar
[20-Aug-2026 20:40:38 UTC] [Chilexpress][obtener_regiones] Archivo de regiones existe: C:\Users\HP\Desktop\wirdscrepss\wordpress\wp-content\plugins\chilexpress-oficial/includes/data/regiones/regiones.json
[20-Aug-2026 20:40:38 UTC] [Chilexpress][obtener_regiones] Datos decodificados con exito, fecha del archivo: 2026-08-20 17:53:39
[20-Aug-2026 20:40:38 UTC] [Chilexpress][obtener_regiones] El archivo local de regiones es reciente, no es necesario actualizar
[20-Aug-2026 20:40:40 UTC] [Chilexpress][obtener_regiones] Archivo de regiones existe: C:\Users\HP\Desktop\wirdscrepss\wordpress\wp-content\plugins\chilexpress-oficial/includes/data/regiones/regiones.json
[20-Aug-2026 20:40:40 UTC] [Chilexpress][obtener_regiones] Datos decodificados con exito, fecha del archivo: 2026-08-20 17:53:39
[20-Aug-2026 20:40:40 UTC] [Chilexpress][obtener_regiones] El archivo local de regiones es reciente, no es necesario actualizar
[20-Aug-2026 20:42:39 UTC] [Chilexpress][obtener_regiones] Archivo de regiones existe: C:\Users\HP\Desktop\wirdscrepss\wordpress\wp-content\plugins\chilexpress-oficial/includes/data/regiones/regiones.json
[20-Aug-2026 20:42:39 UTC] [Chilexpress][obtener_regiones] Datos decodificados con exito, fecha del archivo: 2026-08-20 17:53:39
[20-Aug-2026 20:42:39 UTC] [Chilexpress][obtener_regiones] El archivo local de regiones es reciente, no es necesario actualizar
[20-Aug-2026 20:42:41 UTC] [Chilexpress][obtener_regiones] Archivo de regiones existe: C:\Users\HP\Desktop\wirdscrepss\wordpress\wp-content\plugins\chilexpress-oficial/includes/data/regiones/regiones.json
[20-Aug-2026 20:42:41 UTC] [Chilexpress][obtener_regiones] Datos decodificados con exito, fecha del archivo: 2026-08-20 17:53:39
[20-Aug-2026 20:42:41 UTC] [Chilexpress][obtener_regiones] El archivo local de regiones es reciente, no es necesario actualizar
[20-Aug-2026 20:44:40 UTC] [Chilexpress][obtener_regiones] Archivo de regiones existe: C:\Users\HP\Desktop\wirdscrepss\wordpress\wp-content\plugins\chilexpress-oficial/includes/data/regiones/regiones.json
[20-Aug-2026 20:44:40 UTC] [Chilexpress][obtener_regiones] Datos decodificados con exito, fecha del archivo: 2026-08-20 17:53:39
[20-Aug-2026 20:44:40 UTC] [Chilexpress][obtener_regiones] El archivo local de regiones es reciente, no es necesario actualizar
[20-Aug-2026 20:44:42 UTC] [Chilexpress][obtener_regiones] Archivo de regiones existe: C:\Users\HP\Desktop\wirdscrepss\wordpress\wp-content\plugins\chilexpress-oficial/includes/data/regiones/regiones.json
[20-Aug-2026 20:44:42 UTC] [Chilexpress][obtener_regiones] Datos decodificados con exito, fecha del archivo: 2026-08-20 17:53:39
[20-Aug-2026 20:44:42 UTC] [Chilexpress][obtener_regiones] El archivo local de regiones es reciente, no es necesario actualizar
[20-Aug-2026 20:46:42 UTC] [Chilexpress][obtener_regiones] Archivo de regiones existe: C:\Users\HP\Desktop\wirdscrepss\wordpress\wp-content\plugins\chilexpress-oficial/includes/data/regiones/regiones.json
[20-Aug-2026 20:46:42 UTC] [Chilexpress][obtener_regiones] Datos decodificados con exito, fecha del archivo: 2026-08-20 17:53:39
[20-Aug-2026 20:46:42 UTC] [Chilexpress][obtener_regiones] El archivo local de regiones es reciente, no es necesario actualizar
[20-Aug-2026 20:46:44 UTC] [Chilexpress][obtener_regiones] Archivo de regiones existe: C:\Users\HP\Desktop\wirdscrepss\wordpress\wp-content\plugins\chilexpress-oficial/includes/data/regiones/regiones.json
[20-Aug-2026 20:46:44 UTC] [Chilexpress][obtener_regiones] Datos decodificados con exito, fecha del archivo: 2026-08-20 17:53:39
[20-Aug-2026 20:46:44 UTC] [Chilexpress][obtener_regiones] El archivo local de regiones es reciente, no es necesario actualizar
[20-Aug-2026 20:47:35 UTC] [Chilexpress][obtener_regiones] Archivo de regiones existe: C:\Users\HP\Desktop\wirdscrepss\wordpress\wp-content\plugins\chilexpress-oficial/includes/data/regiones/regiones.json
[20-Aug-2026 20:47:35 UTC] [Chilexpress][obtener_regiones] Datos decodificados con exito, fecha del archivo: 2026-08-20 17:53:39
[20-Aug-2026 20:47:35 UTC] [Chilexpress][obtener_regiones] El archivo local de regiones es reciente, no es necesario actualizar
[20-Aug-2026 20:47:37 UTC] [Chilexpress][obtener_regiones] Archivo de regiones existe: C:\Users\HP\Desktop\wirdscrepss\wordpress\wp-content\plugins\chilexpress-oficial/includes/data/regiones/regiones.json
[20-Aug-2026 20:47:37 UTC] [Chilexpress][obtener_regiones] Datos decodificados con exito, fecha del archivo: 2026-08-20 17:53:39
[20-Aug-2026 20:47:37 UTC] [Chilexpress][obtener_regiones] El archivo local de regiones es reciente, no es necesario actualizar
[20-Aug-2026 20:47:37 UTC] [Chilexpress][obtener_regiones] Archivo de regiones existe: C:\Users\HP\Desktop\wirdscrepss\wordpress\wp-content\plugins\chilexpress-oficial/includes/data/regiones/regiones.json
[20-Aug-2026 20:47:37 UTC] [Chilexpress][obtener_regiones] Datos decodificados con exito, fecha del archivo: 2026-08-20 17:53:39
[20-Aug-2026 20:47:37 UTC] [Chilexpress][obtener_regiones] El archivo local de regiones es reciente, no es necesario actualizar
[20-Aug-2026 20:47:38 UTC] [Chilexpress][obtener_regiones] Archivo de regiones existe: C:\Users\HP\Desktop\wirdscrepss\wordpress\wp-content\plugins\chilexpress-oficial/includes/data/regiones/regiones.json
[20-Aug-2026 20:47:38 UTC] [Chilexpress][obtener_regiones] Datos decodificados con exito, fecha del archivo: 2026-08-20 17:53:39
[20-Aug-2026 20:47:38 UTC] [Chilexpress][obtener_regiones] El archivo local de regiones es reciente, no es necesario actualizar
[20-Aug-2026 20:48:35 UTC] [Chilexpress][obtener_regiones] Archivo de regiones existe: C:\Users\HP\Desktop\wirdscrepss\wordpress\wp-content\plugins\chilexpress-oficial/includes/data/regiones/regiones.json
[20-Aug-2026 20:48:35 UTC] [Chilexpress][obtener_regiones] Datos decodificados con exito, fecha del archivo: 2026-08-20 17:53:39
[20-Aug-2026 20:48:35 UTC] [Chilexpress][obtener_regiones] El archivo local de regiones es reciente, no es necesario actualizar
[20-Aug-2026 20:48:38 UTC] [Chilexpress][obtener_regiones] Archivo de regiones existe: C:\Users\HP\Desktop\wirdscrepss\wordpress\wp-content\plugins\chilexpress-oficial/includes/data/regiones/regiones.json
[20-Aug-2026 20:48:38 UTC] [Chilexpress][obtener_regiones] Datos decodificados con exito, fecha del archivo: 2026-08-20 17:53:39
[20-Aug-2026 20:48:38 UTC] [Chilexpress][obtener_regiones] El archivo local de regiones es reciente, no es necesario actualizar
[20-Aug-2026 20:48:39 UTC] [Chilexpress][obtener_regiones] Archivo de regiones existe: C:\Users\HP\Desktop\wirdscrepss\wordpress\wp-content\plugins\chilexpress-oficial/includes/data/regiones/regiones.json
[20-Aug-2026 20:48:39 UTC] [Chilexpress][obtener_regiones] Datos decodificados con exito, fecha del archivo: 2026-08-20 17:53:39
[20-Aug-2026 20:48:39 UTC] [Chilexpress][obtener_regiones] El archivo local de regiones es reciente, no es necesario actualizar
[20-Aug-2026 20:48:40 UTC] [Chilexpress][obtener_regiones] Archivo de regiones existe: C:\Users\HP\Desktop\wirdscrepss\wordpress\wp-content\plugins\chilexpress-oficial/includes/data/regiones/regiones.json
[20-Aug-2026 20:48:40 UTC] [Chilexpress][obtener_regiones] Datos decodificados con exito, fecha del archivo: 2026-08-20 17:53:39
[20-Aug-2026 20:48:40 UTC] [Chilexpress][obtener_regiones] El archivo local de regiones es reciente, no es necesario actualizar
[20-Aug-2026 20:49:53 UTC] [Chilexpress][obtener_regiones] Archivo de regiones existe: C:\Users\HP\Desktop\wirdscrepss\wordpress\wp-content\plugins\chilexpress-oficial/includes/data/regiones/regiones.json
[20-Aug-2026 20:49:53 UTC] [Chilexpress][obtener_regiones] Datos decodificados con exito, fecha del archivo: 2026-08-20 17:53:39
[20-Aug-2026 20:49:53 UTC] [Chilexpress][obtener_regiones] El archivo local de regiones es reciente, no es necesario actualizar
[20-Aug-2026 20:49:54 UTC] PHP Fatal error:  Uncaught Error: Class "Automattic\WooCommerce\Enums\ProductTaxStatus" not found in C:\Users\HP\Desktop\wirdscrepss\wordpress\wp-content\plugins\woocommerce\includes\abstracts\abstract-wc-shipping-method.php:84
Stack trace:
#0 C:\Users\HP\Desktop\wirdscrepss\wordpress\wp-content\plugins\chilexpress-oficial\admin\class-chilexpress-woo-oficial-admin.php(116): [constant expression]()
#1 C:\Users\HP\Desktop\wirdscrepss\wordpress\wp-content\plugins\chilexpress-oficial\includes\class-chilexpress-woo-oficial.php(162): Chilexpress_Woo_Oficial_Admin->__construct('chilexpress-woo...', '1.4.0')
#2 C:\Users\HP\Desktop\wirdscrepss\wordpress\wp-content\plugins\chilexpress-oficial\includes\class-chilexpress-woo-oficial.php(79): Chilexpress_Woo_Oficial->define_admin_hooks()
#3 C:\Users\HP\Desktop\wirdscrepss\wordpress\wp-content\plugins\chilexpress-oficial\chilexpress-woo-oficial.php(103): Chilexpress_Woo_Oficial->__construct()
#4 C:\Users\HP\Desktop\wirdscrepss\wordpress\wp-includes\class-wp-hook.php(341): run_chilexpress_woo_oficial('')
#5 C:\Users\HP\Desktop\wirdscrepss\wordpress\wp-includes\class-wp-hook.php(365): WP_Hook->apply_filters(NULL, Array)
#6 C:\Users\HP\Desktop\wirdscrepss\wordpress\wp-includes\plugin.php(522): WP_Hook->do_action(Array)
#7 C:\Users\HP\Desktop\wirdscrepss\wordpress\wp-settings.php(622): do_action('plugins_loaded')
#8 C:\Users\HP\Desktop\wirdscrepss\wordpress\wp-config.php(47): require_once('C:\\Users\\HP\\Des...')
#9 C:\Users\HP\Desktop\wirdscrepss\wordpress\wp-load.php(50): require_once('C:\\Users\\HP\\Des...')
#10 C:\Users\HP\Desktop\wirdscrepss\wordpress\wp-admin\admin-ajax.php(22): require_once('C:\\Users\\HP\\Des...')
#11 C:\Users\HP\Desktop\wirdscrepss\wordpress\wp-content\mu-plugins\cxp-sr108688\probe.php(29): require('C:\\Users\\HP\\Des...')
#12 {main}
  thrown in C:\Users\HP\Desktop\wirdscrepss\wordpress\wp-content\plugins\woocommerce\includes\abstracts\abstract-wc-shipping-method.php on line 84
[20-Aug-2026 20:49:54 UTC] PHP Notice:  Function _load_textdomain_just_in_time was called <strong>incorrectly</strong>. Translation loading for the <code>woocommerce</code> domain was triggered too early. This is usually an indicator for some code in the plugin or theme running too early. Translations should be loaded at the <code>init</code> action or later. Please see <a href="https://developer.wordpress.org/advanced-administration/debug/debug-wordpress/">Debugging in WordPress</a> for more information. (This message was added in version 6.7.0.) in C:\Users\HP\Desktop\wirdscrepss\wordpress\wp-includes\functions.php on line 6170
[20-Aug-2026 20:49:56 UTC] [Chilexpress][obtener_regiones] Archivo de regiones existe: C:\Users\HP\Desktop\wirdscrepss\wordpress\wp-content\plugins\chilexpress-oficial/includes/data/regiones/regiones.json
[20-Aug-2026 20:49:56 UTC] [Chilexpress][obtener_regiones] Datos decodificados con exito, fecha del archivo: 2026-08-20 17:53:39
[20-Aug-2026 20:49:56 UTC] [Chilexpress][obtener_regiones] El archivo local de regiones es reciente, no es necesario actualizar
[20-Aug-2026 20:50:36 UTC] [Chilexpress][obtener_regiones] Archivo de regiones existe: C:\Users\HP\Desktop\wirdscrepss\wordpress\wp-content\plugins\chilexpress-oficial/includes/data/regiones/regiones.json
[20-Aug-2026 20:50:36 UTC] [Chilexpress][obtener_regiones] Datos decodificados con exito, fecha del archivo: 2026-08-20 17:53:39
[20-Aug-2026 20:50:36 UTC] [Chilexpress][obtener_regiones] El archivo local de regiones es reciente, no es necesario actualizar
[20-Aug-2026 20:50:38 UTC] [Chilexpress][obtener_regiones] Archivo de regiones existe: C:\Users\HP\Desktop\wirdscrepss\wordpress\wp-content\plugins\chilexpress-oficial/includes/data/regiones/regiones.json
[20-Aug-2026 20:50:38 UTC] [Chilexpress][obtener_regiones] Datos decodificados con exito, fecha del archivo: 2026-08-20 17:53:39
[20-Aug-2026 20:50:38 UTC] [Chilexpress][obtener_regiones] El archivo local de regiones es reciente, no es necesario actualizar
[20-Aug-2026 20:50:39 UTC] [Chilexpress][obtener_regiones] Archivo de regiones existe: C:\Users\HP\Desktop\wirdscrepss\wordpress\wp-content\plugins\chilexpress-oficial/includes/data/regiones/regiones.json
[20-Aug-2026 20:50:39 UTC] [Chilexpress][obtener_regiones] Datos decodificados con exito, fecha del archivo: 2026-08-20 17:53:39
[20-Aug-2026 20:50:39 UTC] [Chilexpress][obtener_regiones] El archivo local de regiones es reciente, no es necesario actualizar
[20-Aug-2026 20:50:40 UTC] [Chilexpress][obtener_regiones] Archivo de regiones existe: C:\Users\HP\Desktop\wirdscrepss\wordpress\wp-content\plugins\chilexpress-oficial/includes/data/regiones/regiones.json
[20-Aug-2026 20:50:40 UTC] [Chilexpress][obtener_regiones] Datos decodificados con exito, fecha del archivo: 2026-08-20 17:53:39
[20-Aug-2026 20:50:40 UTC] [Chilexpress][obtener_regiones] El archivo local de regiones es reciente, no es necesario actualizar
[20-Aug-2026 20:52:36 UTC] [Chilexpress][obtener_regiones] Archivo de regiones existe: C:\Users\HP\Desktop\wirdscrepss\wordpress\wp-content\plugins\chilexpress-oficial/includes/data/regiones/regiones.json
[20-Aug-2026 20:52:36 UTC] [Chilexpress][obtener_regiones] Datos decodificados con exito, fecha del archivo: 2026-08-20 17:53:39
[20-Aug-2026 20:52:36 UTC] [Chilexpress][obtener_regiones] El archivo local de regiones es reciente, no es necesario actualizar
[20-Aug-2026 20:52:38 UTC] [Chilexpress][obtener_regiones] Archivo de regiones existe: C:\Users\HP\Desktop\wirdscrepss\wordpress\wp-content\plugins\chilexpress-oficial/includes/data/regiones/regiones.json
[20-Aug-2026 20:52:38 UTC] [Chilexpress][obtener_regiones] Datos decodificados con exito, fecha del archivo: 2026-08-20 17:53:39
[20-Aug-2026 20:52:38 UTC] [Chilexpress][obtener_regiones] El archivo local de regiones es reciente, no es necesario actualizar
[20-Aug-2026 20:52:39 UTC] [Chilexpress][obtener_regiones] Archivo de regiones existe: C:\Users\HP\Desktop\wirdscrepss\wordpress\wp-content\plugins\chilexpress-oficial/includes/data/regiones/regiones.json
[20-Aug-2026 20:52:39 UTC] [Chilexpress][obtener_regiones] Datos decodificados con exito, fecha del archivo: 2026-08-20 17:53:39
[20-Aug-2026 20:52:39 UTC] [Chilexpress][obtener_regiones] El archivo local de regiones es reciente, no es necesario actualizar
[20-Aug-2026 20:52:41 UTC] [Chilexpress][obtener_regiones] Archivo de regiones existe: C:\Users\HP\Desktop\wirdscrepss\wordpress\wp-content\plugins\chilexpress-oficial/includes/data/regiones/regiones.json
[20-Aug-2026 20:52:41 UTC] [Chilexpress][obtener_regiones] Datos decodificados con exito, fecha del archivo: 2026-08-20 17:53:39
[20-Aug-2026 20:52:41 UTC] [Chilexpress][obtener_regiones] El archivo local de regiones es reciente, no es necesario actualizar
